1736199387173749350	Premium 3 BHK Aerocity : Party • Relax • Chill	$292	total	5 nights x $55.62	Entire condo	Entire home/apt	Sahibzada Ajit Singh Nagar, Punjab, India	4.94	17.0	7 guests	3 bedrooms	3 beds	3 baths	false	Let'Stay- Mohali	https://www.airbnb.com/rooms/1736199387173749350?locale=en-US&currency=USD&check_in=2026-09-01&check_out=2026-09-06
1666777207678722505	Aahlna - The Nest	$100	total	5 nights x $18.89	Entire home	Entire home/apt	Sahibzada Ajit Singh Nagar, Punjab, India	5.0	11.0	3 guests	1 bedroom	1 bed	1 bath	false	Gurmit	https://www.airbnb.com/rooms/1666777207678722505?locale=en-US&currency=USD&check_in=2026-09-08&check_out=2026-09-13
1752285516780655616	3BHK Villa with Jacuzzi I Nr Chandigarh Airport	$240	total	5 nights x $45.53	Entire home	Entire home/apt	Sahibzada Ajit Singh Nagar, Punjab, India	5.0	4.0	8 guests	3 bedrooms	3 beds	2 baths	false	Arun Kumar	https://www.airbnb.com/rooms/1752285516780655616?locale=en-US&currency=USD&check_in=2026-09-19&check_out=2026-09-24
1744234134905720134	Saanjh Stay | AC Private Room| Mohali	$74	total	5 nights x $13.97	Private room in rental unit	Private room	Sahibzada Ajit Singh Nagar, Punjab, India	5.0	3.0	2 beds	Private attached bathroom			false	Soni	https://www.airbnb.com/rooms/1744234134905720134?locale=en-US&currency=USD&check_in=2026-09-06&check_out=2026-09-11
1708670649709432569	Luxury 3BHK Villa • 8 Min from Chandigarh Airport	$474	total	5 nights x $80.29	Entire home	Entire home/apt	Sahibzada Ajit Singh Nagar, Punjab, India	5.0	10.0	8 guests	3 bedrooms	3 beds	3 baths	false	Rohit	https://www.airbnb.com/rooms/1708670649709432569?locale=en-US&currency=USD&check_in=2026-09-11&check_out=2026-09-16
1750186549470011479	Panaah | Your Cozy Retreat | 3BHK in Mohali 110	$276	total	5 nights x $52.55	Entire rental unit	Entire home/apt	Sahibzada Ajit Singh Nagar, Punjab, India	5.0	2.0	5 guests	3 bedrooms	3 beds	3 baths	false	Basant	https://www.airbnb.com/rooms/1750186549470011479?locale=en-US&currency=USD&check_in=2026-09-01&check_out=2026-09-06
1689725012866849102	Sukoon| Park-Facing 2 BR Floor Near Sector 17	$413	total	5 nights x $78.49	Entire home	Entire home/apt	Chandigarh, India	5.0	33.0	5 guests	2 bedrooms	3 beds	2 baths	false	Abhinav Chadda	https://www.airbnb.com/rooms/1689725012866849102?locale=en-US&currency=USD&check_in=2026-09-01&check_out=2026-09-06
1604352905480834568	The Palm by AB LuxeStays	$321	total	5 nights x $61.63	Entire home	Entire home/apt	Panchkula, Haryana, India	4.86	22.0	5 guests	2 bedrooms	2 beds	2 baths	true	Aman	https://www.airbnb.com/rooms/1604352905480834568?locale=en-US&currency=USD&check_in=2026-09-01&check_out=2026-09-06
1152237456170286254	Peaceful Luxury 2BR Retreat | Heart of Chandigarh	$284	total	5 nights x $54.07	Entire guest suite	Entire home/apt	Chandigarh, India	4.93	75.0	4 guests	2 bedrooms	2 beds	2 baths	true	Kiran	https://www.airbnb.com/rooms/1152237456170286254?locale=en-US&currency=USD&check_in=2026-09-06&check_out=2026-09-11
1761772524377855112	Skj Luxury 2BHK | Prime Location JLPL	$222	total	5 nights x $42.15	Entire rental unit	Entire home/apt	Sahibzada Ajit Singh Nagar, Punjab, India			6 guests	2 bedrooms	2 beds	2 baths	true	Mohit	https://www.airbnb.com/rooms/1761772524377855112?locale=en-US&currency=USD&check_in=2026-09-01&check_out=2026-09-06
1648321758009538423	Entire 2BHK Near Airport I Projector•Bathtb•Green	$324	total	5 nights x $61.66	Entire villa	Entire home/apt	Sahibzada Ajit Singh Nagar, Punjab, India	4.96	53.0	5 guests	2 bedrooms	2 beds	2 baths	false	Arun Kumar	https://www.airbnb.com/rooms/1648321758009538423?locale=en-US&currency=USD&check_in=2026-09-21&check_out=2026-09-26
1599349041845471562	Ab's Urban Nest| Green Cozy Escape| Private Entry	$172	total	5 nights x $32.60	Entire home	Entire home/apt	Chandigarh, India	4.98	80.0	1 king bed	Dedicated bathroom			true	Manminder	https://www.airbnb.com/rooms/1599349041845471562?locale=en-US&currency=USD&check_in=2026-09-09&check_out=2026-09-14
1636928179008050756	The Atelier Residence | Luxury Living in Sector 19	$728	total	5 nights x $126.55	Entire home	Entire home/apt	Chandigarh, India	4.95	21.0	4 guests	2 bedrooms	4 beds	2.5 baths	true	Nidhi	https://www.airbnb.com/rooms/1636928179008050756?locale=en-US&currency=USD&check_in=2026-09-01&check_out=2026-09-06
687910127643364511	Centrally located private room with a park view	$128	total	5 nights x $24.28	Private room in home	Private room	Chandigarh, India	4.97	319.0	1 king bed	Private attached bathroom			true	Paramjit	https://www.airbnb.com/rooms/687910127643364511?locale=en-US&currency=USD&check_in=2026-09-11&check_out=2026-09-16
1525221099755980924	Nawab Mahal by AB LuxeStays (Private Villa)	$550	total	5 nights x $95.48	Entire villa	Entire home/apt	Chandigarh, India	4.92	25.0	10 guests	3 bedrooms	3 beds	4 baths	true	Aman	https://www.airbnb.com/rooms/1525221099755980924?locale=en-US&currency=USD&check_in=2026-09-06&check_out=2026-09-11
645152569766645867	Beautiful classy and spacious  studio apartment…	$214	total	5 nights x $40.61	Entire rental unit	Entire home/apt	Chandigarh, India	4.96	258.0	2 guests	1 bedroom	1 bed	1 bath	true	Kiran	https://www.airbnb.com/rooms/645152569766645867?locale=en-US&currency=USD&check_in=2026-09-08&check_out=2026-09-13
1460219825148582411	Jb's Terrace Retreat|Private, Cozy, Green.	$230	total	5 nights x $43.73	Entire home	Entire home/apt	Chandigarh, India	4.98	121.0	3 guests	1 bedroom	1 bed	1 bath	true	Manminder	https://www.airbnb.com/rooms/1460219825148582411?locale=en-US&currency=USD&check_in=2026-09-18&check_out=2026-09-23
1490578769435162573	Sleek & Modern Stays	$208	total	5 nights x $39.52	Entire home	Entire home/apt	Chandigarh, India	4.9	87.0	6 guests	2 bedrooms	2 beds	2 baths	true	Hema Gupta	https://www.airbnb.com/rooms/1490578769435162573?locale=en-US&currency=USD&check_in=2026-09-04&check_out=2026-09-09
1590940371074835410	Jb's Serene Abode |Spacious, Calm & Stylish	$317	total	5 nights x $60.24	Entire home	Entire home/apt	Chandigarh, India	5.0	37.0	4 guests	2 bedrooms	2 beds	2 baths	true	Manminder	https://www.airbnb.com/rooms/1590940371074835410?locale=en-US&currency=USD&check_in=2026-10-04&check_out=2026-10-09
1059942790937581240	Cozy Home (Complete Floor)	$320	total	5 nights x $60.92	Entire home	Entire home/apt	Chandigarh, India	4.94	35.0	4 guests	2 bedrooms	2 beds	2 baths	true	Madhu	https://www.airbnb.com/rooms/1059942790937581240?locale=en-US&currency=USD&check_in=2026-09-01&check_out=2026-09-06
1517439675337635727	Pvt Boho 2Bhk | Centre of Chd | Tasteful Interiors	$289	total	5 nights x $54.97	Entire home	Entire home/apt	Chandigarh, India	4.96	92.0	4 guests	2 bedrooms	2 beds	1 bath	true	Avneet	https://www.airbnb.com/rooms/1517439675337635727?locale=en-US&currency=USD&check_in=2026-09-04&check_out=2026-09-09
603806063983794891	Vibrant 3-bedroom apartment in the heart of city	$588	total	5 nights x $99.50	Entire bungalow	Entire home/apt	Chandigarh, India	4.95	80.0	5 guests	3 bedrooms	2 beds	3 baths	true	Ritu	https://www.airbnb.com/rooms/603806063983794891?locale=en-US&currency=USD&check_in=2026-09-01&check_out=2026-09-06
713402601504653499	Chopra Paradise Sec 35 Chandigarh	$289	total	5 nights x $61.08	Entire home	Entire home/apt	Chandigarh, India	4.85	146.0	9 guests	3 bedrooms	6 beds	3 baths	true	Mohinderpal	https://www.airbnb.com/rooms/713402601504653499?locale=en-US&currency=USD&check_in=2026-09-07&check_out=2026-09-12
1477682163003364475	The Moonvale Lux ! - A Victorian Theme Stay !	$275	total	5 nights x $52.22	Entire villa	Entire home/apt	Chandigarh, India	5.0	71.0	4 guests	2 bedrooms	2 beds	2 baths	true	Saloni	https://www.airbnb.com/rooms/1477682163003364475?locale=en-US&currency=USD&check_in=2026-09-02&check_out=2026-09-07
1109440232872920934	Evāra - A Studio Apartment	$329	total	5 nights x $62.65	Entire condo	Entire home/apt	Chandigarh, India	5.0	149.0	4 guests	Studio	2 beds	2 baths	true	Ishu	https://www.airbnb.com/rooms/1109440232872920934?locale=en-US&currency=USD&check_in=2026-09-06&check_out=2026-09-11
1638574486851563377	Pvt Earthy2BR Homestay | Center of Chd | Sec 27	$298	total	5 nights x $56.62	Entire home	Entire home/apt	Chandigarh, India	4.93	40.0	4 guests	2 bedrooms	2 beds	1 bath	true	Avneet	https://www.airbnb.com/rooms/1638574486851563377?locale=en-US&currency=USD&check_in=2026-09-01&check_out=2026-09-06
1726873984153165293	Entire 3BR 2nd Floor | Spacious & Comfortable	$180	total	5 nights x $34.26	Entire rental unit	Entire home/apt	Chandigarh, Punjab, India	5.0	4.0	7 guests	3 bedrooms	3 beds	3 baths	false	Gurdeep	https://www.airbnb.com/rooms/1726873984153165293?locale=en-US&currency=USD&check_in=2026-09-03&check_out=2026-09-08
666885138665249154	Designer 3 bed flat in city centre around parks	$857	total	5 nights x $145.25	Entire condo	Entire home/apt	Chandigarh, India	4.93	46.0	6 guests	3 bedrooms	3 beds	3 baths	true	Pratik	https://www.airbnb.com/rooms/666885138665249154?locale=en-US&currency=USD&check_in=2026-09-01&check_out=2026-09-06
1617445552647757201	Independent Apartment 35	$154	total	5 nights x $29.41	Entire rental unit	Entire home/apt	Chandigarh, India	4.93	29.0	2 guests	1 bedroom	1 bed	1 bath	true	Sunalini	https://www.airbnb.com/rooms/1617445552647757201?locale=en-US&currency=USD&check_in=2026-09-01&check_out=2026-09-06
745433615303041244	Elegant and comfortable 1 bedroom in Chandigarh.	$89	total	5 nights x $17.02	Private room in condo	Private room	Chandigarh, India	4.88	187.0	1 double bed	Shared bathroom			true	Raghav	https://www.airbnb.com/rooms/745433615303041244?locale=en-US&currency=USD&check_in=2026-09-01&check_out=2026-09-06
1743231872149478098	lavish 3bhk homestay - only for families & couples	$338	total	5 nights x $64.23	Entire rental unit	Entire home/apt	Panchkula, Haryana, India	5.0	2.0	6 guests	3 bedrooms	3 beds	3 baths	false	Sachin	https://www.airbnb.com/rooms/1743231872149478098?locale=en-US&currency=USD&check_in=2026-09-01&check_out=2026-09-06
1552885204407188592	The Moonvale Cottage- A Victorian Theme Stay !	$249	total	5 nights x $47.34	Entire bungalow	Entire home/apt	Chandigarh, India	4.83	94.0	4 guests	2 bedrooms	2 beds	1 bath	true	Saloni	https://www.airbnb.com/rooms/1552885204407188592?locale=en-US&currency=USD&check_in=2026-09-01&check_out=2026-09-06
1615552849892872515	RT’s Nest - A little heaven made with heart.	$603	total	5 nights x $102.11	Entire home	Entire home/apt	New Chandigarh, Punjab, India	5.0	7.0	4 guests	2 bedrooms	3 beds	3 baths	true	Munish	https://www.airbnb.com/rooms/1615552849892872515?locale=en-US&currency=USD&check_in=2026-09-01&check_out=2026-09-06
767885606561664969	Private 1 BHK | Terrace @ Vohra’s Mansion Homestay	$95	total	5 nights x $17.94	Entire home	Entire home/apt	Panchkula, Haryana, India	4.94	206.0	4 guests	1 bedroom	2 beds	1 bath	true	Anuj	https://www.airbnb.com/rooms/767885606561664969?locale=en-US&currency=USD&check_in=2026-09-13&check_out=2026-09-18
712840367672795465	Red-blossom-home	$114	total	5 nights x $21.67	Private room in home	Private room	Panchkula, Punjab, India	4.85	100.0	1 double bed	Private attached bathroom			true	Reeta	https://www.airbnb.com/rooms/712840367672795465?locale=en-US&currency=USD&check_in=2026-09-01&check_out=2026-09-06
1706259695026922147	The ShortStop	$230	total	5 nights x $43.71	Entire rental unit	Entire home/apt	Panchkula, Haryana, India	5.0	4.0	4 guests	2 bedrooms	2 beds	1 bath	true	Bharat	https://www.airbnb.com/rooms/1706259695026922147?locale=en-US&currency=USD&check_in=2026-09-06&check_out=2026-09-11
1634807357524167079	Serene Stays ~1BHK~Pvt 2ndFloor~Family/Couples~PKL	$163	total	5 nights x $31.03	Entire home	Entire home/apt	Panchkula, Haryana, India	5.0	16.0	3 guests	1 bedroom	1 bed	1 bath	true	Manish	https://www.airbnb.com/rooms/1634807357524167079?locale=en-US&currency=USD&check_in=2026-09-01&check_out=2026-09-06
1383750151051854382	Green Cottage, 2BHK Villa w Lawn - The Mystic	$378	total	5 nights x $72.45	Entire home	Entire home/apt	Panchkula, Haryana, India	4.95	19.0	6 guests	2 bedrooms	3 beds	2 baths	true	Anjum	https://www.airbnb.com/rooms/1383750151051854382?locale=en-US&currency=USD&check_in=2026-09-02&check_out=2026-09-07
1181855059292397884	Private 3 BHK Bungalow - Oasis @ Vohra Homestay	$265	total	5 nights x $50.36	Entire home	Entire home/apt	Panchkula, Haryana, India	4.88	59.0	7 guests	3 bedrooms	3 beds	3 baths	true	Anuj	https://www.airbnb.com/rooms/1181855059292397884?locale=en-US&currency=USD&check_in=2026-09-02&check_out=2026-09-07
1744081140836436862	The Comfort Stay Panchkula	$113	total	5 nights x $21.43	Entire home	Entire home/apt	Panchkula, Haryana, India	4.57	7.0	3 guests	1 bedroom	1 bed	1 bath	false	Angadveer	https://www.airbnb.com/rooms/1744081140836436862?locale=en-US&currency=USD&check_in=2026-09-02&check_out=2026-09-07
1496051955592616479	Layover’s Loft, Sec 21 @ Vohra Mansion Homestay	$58	total	5 nights x $11.01	Private room in home	Private room	Panchkula, Haryana, India	4.96	76.0	1 queen bed	Private attached bathroom			true	Anuj	https://www.airbnb.com/rooms/1496051955592616479?locale=en-US&currency=USD&check_in=2026-09-03&check_out=2026-09-08
1580642403855314415	Adi's 2bhk	$184	total	5 nights x $34.93	Entire condo	Entire home/apt	Panchkula, Haryana, India	4.9	52.0	5 guests	2 bedrooms	2 beds	2 baths	true	Aditya	https://www.airbnb.com/rooms/1580642403855314415?locale=en-US&currency=USD&check_in=2026-09-03&check_out=2026-09-08
1056517519472720149	Aura Home StayIndependent 1st floor/Sector 79	$273	total	5 nights x $51.95	Entire home	Entire home/apt	Sahibzada Ajit Singh Nagar, Punjab, India	5.0	122.0	4 guests	2 bedrooms	2 beds	1 bath	true	Romil	https://www.airbnb.com/rooms/1056517519472720149?locale=en-US&currency=USD&check_in=2026-09-09&check_out=2026-09-14
1181318773609834080	Next 3 – Oasis @ Vohra’s Mansion Homestay	$89	total	5 nights x $16.78	Private room in home	Private room	Panchkula, Haryana, India	4.93	102.0	1 king bed	Private attached bathroom			true	Anuj	https://www.airbnb.com/rooms/1181318773609834080?locale=en-US&currency=USD&check_in=2026-09-02&check_out=2026-09-07
1104994722020568683	Green Cottage, 2BHK Villa w Lawn - The Grove	$325	total	5 nights x $62.26	Entire home	Entire home/apt	Panchkula, Haryana, India	4.97	39.0	4 guests	2 bedrooms	2 beds	2 baths	true	Anjum	https://www.airbnb.com/rooms/1104994722020568683?locale=en-US&currency=USD&check_in=2026-09-05&check_out=2026-09-10
1740604329313048214	Luxury 2BHK Retreat in Aerocity-A block mohali.	$276	total	5 nights x $52.95	Entire home	Entire home/apt	Sahibzada Ajit Singh Nagar, Punjab, India	5.0	13.0	4 guests	2 bedrooms	2 beds	2 baths	true	Anmol	https://www.airbnb.com/rooms/1740604329313048214?locale=en-US&currency=USD&check_in=2026-09-01&check_out=2026-09-06
1717930714996677754	Casa Amore Urban- Cozy, Airy 4BR Family Row House	$935	total	5 nights x $158.47	Entire home	Entire home/apt	Panchkula, Haryana, India	4.86	7.0	8 guests	4 bedrooms	4 beds	4 baths	false	Ashu	https://www.airbnb.com/rooms/1717930714996677754?locale=en-US&currency=USD&check_in=2026-10-31&check_out=2026-11-05
1659199442511143262	3 BHK | Jacuzzi | Airport Chandigarh (7 min)	$391	total	5 nights x $74.43	Entire home	Entire home/apt	Sahibzada Ajit Singh Nagar, Punjab, India	4.97	36.0	12 guests	3 bedrooms	3 beds	3 baths	true	Anish	https://www.airbnb.com/rooms/1659199442511143262?locale=en-US&currency=USD&check_in=2026-09-12&check_out=2026-09-17
1746982525478556972	Fursat | 3BHK in Mohali Near CP67 | Green Views	$322	total	5 nights x $67.99	Entire rental unit	Entire home/apt	Sahibzada Ajit Singh Nagar, Punjab, India	5.0	3.0	6 guests	3 bedrooms	3 beds	2 baths	false	Neeloo	https://www.airbnb.com/rooms/1746982525478556972?locale=en-US&currency=USD&check_in=2026-09-13&check_out=2026-09-18
1722692331737651761	Skj Luxury 2BHK | Prime Location | Movie Room	$191	total	5 nights x $36.27	Entire rental unit	Entire home/apt	Sahibzada Ajit Singh Nagar, Punjab, India	5.0	9.0	6 guests	2 bedrooms	2 beds	2 baths	true	Mohit	https://www.airbnb.com/rooms/1722692331737651761?locale=en-US&currency=USD&check_in=2026-09-01&check_out=2026-09-06
1683537725595783876	The Tipsy House - where celebrations meet memories	$492	total	5 nights x $94.33	Entire home	Entire home/apt	Sahibzada Ajit Singh Nagar, Punjab, India	5.0	22.0	6 guests	3 bedrooms	3 beds	4 baths	true	RN Casa	https://www.airbnb.com/rooms/1683537725595783876?locale=en-US&currency=USD&check_in=2026-09-01&check_out=2026-09-06
1296323267447743099	Home away from your home-2 BHK, terrace on 1st Flr	$170	total	5 nights x $32.25	Entire condo	Entire home/apt	Sahibzada Ajit Singh Nagar, Punjab, India	4.94	115.0	4 guests	2 bedrooms	3 beds	2 baths	true	Simran - Dream As Us	https://www.airbnb.com/rooms/1296323267447743099?locale=en-US&currency=USD&check_in=2026-09-16&check_out=2026-09-21
1492196580711846071	Sec 71, Peaceful nest in hustle of city	$166	total	5 nights x $31.59	Entire home	Entire home/apt	Sahibzada Ajit Singh Nagar, Punjab, India	5.0	7.0	6 guests	2 bedrooms	2 beds	2 baths	false	Brothers House	https://www.airbnb.com/rooms/1492196580711846071?locale=en-US&currency=USD&check_in=2026-09-05&check_out=2026-09-10
1712900828642481597	Ayoura | Premium Homestay •2 BHK• 4 balconies •	$267	total	5 nights x $50.83	Entire condo	Entire home/apt	Sahibzada Ajit Singh Nagar, Punjab, India	4.94	18.0	4 guests	2 bedrooms	2 beds	2 baths	false	Ankit Singh	https://www.airbnb.com/rooms/1712900828642481597?locale=en-US&currency=USD&check_in=2026-09-01&check_out=2026-09-06
1720138108504611108	Entire stylish 2BHK - All AC	$144	total	5 nights x $27.42	Entire rental unit	Entire home/apt	Sahibzada Ajit Singh Nagar, Punjab, India	5.0	3.0	4 guests	2 bedrooms	2 beds	2 baths	false	Ginny	https://www.airbnb.com/rooms/1720138108504611108?locale=en-US&currency=USD&check_in=2026-09-01&check_out=2026-09-06
1057101608950312270	Solace Domain	$184	total	5 nights x $34.94	Entire condo	Entire home/apt	Sahibzada Ajit Singh Nagar, Punjab, India	4.96	200.0	4 guests	2 bedrooms	2 beds	2 baths	false	Anju	https://www.airbnb.com/rooms/1057101608950312270?locale=en-US&currency=USD&check_in=2026-09-01&check_out=2026-09-06
1588115166452403432	Park Facing. Tricity’s best location. Affordable	$166	total	5 nights x $31.49	Entire rental unit	Entire home/apt	Sahibzada Ajit Singh Nagar, Punjab, India	4.98	59.0	6 guests	3 bedrooms	3 beds	1.5 baths	true	Aniket	https://www.airbnb.com/rooms/1588115166452403432?locale=en-US&currency=USD&check_in=2026-09-01&check_out=2026-09-06
1759833477541455330	Panaah Nest | Cozy Retreat 2BHK + Pool table	$253	total	5 nights x $60.03	Entire rental unit	Entire home/apt	Sahibzada Ajit Singh Nagar, Punjab, India			4 guests	2 bedrooms	2 beds	3 baths	false	Basant	https://www.airbnb.com/rooms/1759833477541455330?locale=en-US&currency=USD&check_in=2026-09-01&check_out=2026-09-06
1583345452107896104	StoneHaven | Boutique Stay Near Mohali Airport	$122	total	5 nights x $23.09	Private room in home	Private room	Sahibzada Ajit Singh Nagar, Punjab, India	4.94	66.0	1 double bed	Private attached bathroom			true	Meenu	https://www.airbnb.com/rooms/1583345452107896104?locale=en-US&currency=USD&check_in=2026-09-02&check_out=2026-09-07
1230324951136456177	Bright Airy Gateway, Airport Road - Chandigarh	$210	total	5 nights x $39.92	Entire home	Entire home/apt	Sahibzada Ajit Singh Nagar, Punjab, India	4.99	133.0	4 guests	2 bedrooms	2 beds	2 baths	true	Anil Kumar	https://www.airbnb.com/rooms/1230324951136456177?locale=en-US&currency=USD&check_in=2026-09-02&check_out=2026-09-07
1755943772111291945	The Grande By Afternoon Stays | 4BHK Luxury Stay	$600	total	5 nights x $101.59	Entire home	Entire home/apt	Sahibzada Ajit Singh Nagar, Punjab, India	5.0	1.0	8 guests	4 bedrooms	4 beds	4 baths	false	Rakshit	https://www.airbnb.com/rooms/1755943772111291945?locale=en-US&currency=USD&check_in=2026-09-01&check_out=2026-09-06
1674998226720709673	Modern 2BHK private designer home	$340	total	5 nights x $64.69	Entire home	Entire home/apt	Sahibzada Ajit Singh Nagar, Punjab, India	4.89	9.0	4 guests	2 bedrooms	2 beds	2 baths	true	Parminder	https://www.airbnb.com/rooms/1674998226720709673?locale=en-US&currency=USD&check_in=2026-09-01&check_out=2026-09-06
1597196613729012693	The calm Casa	$612	total	5 nights x $117.36	Entire home	Entire home/apt	Sahibzada Ajit Singh Nagar, Punjab, India	5.0	13.0	8 guests	3 bedrooms	3 beds	3 baths	true	Raman	https://www.airbnb.com/rooms/1597196613729012693?locale=en-US&currency=USD&check_in=2026-09-01&check_out=2026-09-06
45635528	2 BHK Sukoon homes in Mohali near Sohana hospital	$205	total	5 nights x $39.01	Entire rental unit	Entire home/apt	Sahibzada Ajit Singh Nagar, Punjab, India	4.94	17.0	4 guests	2 bedrooms	2 beds	2 baths	false	Pawan	https://www.airbnb.com/rooms/45635528?locale=en-US&currency=USD&check_in=2026-09-01&check_out=2026-09-06
1605164508620583150	Colonel’s Den | Studio Apartment In a Villa	$115	total	5 nights x $25.45	Entire guest suite	Entire home/apt	Sahibzada Ajit Singh Nagar, Punjab, India	4.97	39.0	4 guests	1 bedroom	2 beds	1 bath	true	Albel Dhaliwal	https://www.airbnb.com/rooms/1605164508620583150?locale=en-US&currency=USD&check_in=2026-09-01&check_out=2026-09-06
1429577407034090909	AirBnB Homestay Chandigarh Airport Walk	$151	total	5 nights x $28.76	Entire rental unit	Entire home/apt	Sahibzada Ajit Singh Nagar, Punjab, India	4.9	96.0	3 guests	2 bedrooms	2 beds	2 baths	true	Pushpinder	https://www.airbnb.com/rooms/1429577407034090909?locale=en-US&currency=USD&check_in=2026-09-07&check_out=2026-09-12
1586742993187908970	ComFort Corner Stay	$337	total	5 nights x $64.09	Entire home	Entire home/apt	Sahibzada Ajit Singh Nagar, Punjab, India	4.94	36.0	6 guests	3 bedrooms	3 beds	3 baths	true	Sandeep	https://www.airbnb.com/rooms/1586742993187908970?locale=en-US&currency=USD&check_in=2026-09-03&check_out=2026-09-08
1728176951141071521	Luxury 2BHK : 5 Min from Chandigarh Airport	$228	total	5 nights x $43.36	Entire home	Entire home/apt	Sahibzada Ajit Singh Nagar, Punjab, India	4.91	11.0	5 guests	2 bedrooms	3 beds	2 baths	false	Luxury House	https://www.airbnb.com/rooms/1728176951141071521?locale=en-US&currency=USD&check_in=2026-09-01&check_out=2026-09-06
1758931381893085322	The Ninth | Luxury stay in Mohali	$78	total	5 nights x $18.37	Entire rental unit	Entire home/apt	Sahibzada Ajit Singh Nagar, Punjab, India	5.0	1.0	4 guests	1 bedroom	1 bed	1 bath	false	Shivani	https://www.airbnb.com/rooms/1758931381893085322?locale=en-US&currency=USD&check_in=2026-09-02&check_out=2026-09-07
1663841762152342510	Evora House - Luxe | Near Airport, Amity, Plaksha	$288	total	5 nights x $54.78	Entire villa	Entire home/apt	Mohali, Punjab, India	4.79	29.0	11 guests	3 bedrooms	3 beds	3 baths	true	Ajay	https://www.airbnb.com/rooms/1663841762152342510?locale=en-US&currency=USD&check_in=2026-09-01&check_out=2026-09-06
1718784792931986375	The Afternoon Stays | 2BHK Luxury Stay | Mohali	$378	total	5 nights x $71.99	Entire home	Entire home/apt	Sahibzada Ajit Singh Nagar, Punjab, India	5.0	24.0	4 guests	2 bedrooms	2 beds	2 baths	false	Rakshit	https://www.airbnb.com/rooms/1718784792931986375?locale=en-US&currency=USD&check_in=2026-09-06&check_out=2026-09-11
1761740980744704103	J&S Luxe Stay Jungle	$269	total	5 nights x $63.98	Entire rental unit	Entire home/apt	Sahibzada Ajit Singh Nagar, Punjab, India			6 guests	3 bedrooms	3 beds	3 baths	false	Pulkit	https://www.airbnb.com/rooms/1761740980744704103?locale=en-US&currency=USD&check_in=2026-09-01&check_out=2026-09-06
1717181635676702896	The Royal Stay	$308	total	5 nights x $58.53	Entire home	Entire home/apt	Sahibzada Ajit Singh Nagar, Punjab, India	5.0	16.0	6 guests	3 bedrooms	3 beds	3 baths	false	Surinder	https://www.airbnb.com/rooms/1717181635676702896?locale=en-US&currency=USD&check_in=2026-09-01&check_out=2026-09-06
1581133973255930364	The Cove Solace l luxury 3Bhk Villa• Chandigarh	$576	total	5 nights x $100.12	Entire home	Entire home/apt	Chandigarh, India	4.81	42.0	10 guests	3 bedrooms	3 beds	3 baths	true	Anhadinder Singh	https://www.airbnb.com/rooms/1581133973255930364?locale=en-US&currency=USD&check_in=2026-09-10&check_out=2026-09-15
1231174718439326929	Uditi's Homestay	$102	total	5 nights x $19.33	Private room in bed and breakfast	Private room	Sahibzada Ajit Singh Nagar, Punjab, India	4.88	88.0	1 bed	Private attached bathroom			true	Saumya	https://www.airbnb.com/rooms/1231174718439326929?locale=en-US&currency=USD&check_in=2026-09-02&check_out=2026-09-07
1633240874186048152	Evora House- Bliss | Near Airport, Amity, Plaksha	$354	total	5 nights x $67.24	Entire villa	Entire home/apt	Mohali, Punjab, India	4.9	39.0	12 guests	4 bedrooms	4 beds	4 baths	true	Ajay	https://www.airbnb.com/rooms/1633240874186048152?locale=en-US&currency=USD&check_in=2026-09-06&check_out=2026-09-11
1728869721466790515	UMRAO ‘s Villa / 2 BHK / lawn /cook	$314	total	5 nights x $60.22	Entire home	Entire home/apt	Sahibzada Ajit Singh Nagar, Punjab, India	5.0	4.0	5 guests	2 bedrooms	2 beds	2 baths	true	Amrao Singh	https://www.airbnb.com/rooms/1728869721466790515?locale=en-US&currency=USD&check_in=2026-09-01&check_out=2026-09-06
966471058398659401	Folkvang-1BHK Bohemian Apartment.	$204	total	5 nights x $38.71	Entire rental unit	Entire home/apt	Panchkula, Haryana, India	5.0	179.0	3 guests	1 bedroom	1 bed	1 bath	true	Kohal Dev	https://www.airbnb.com/rooms/966471058398659401?locale=en-US&currency=USD&check_in=2026-09-01&check_out=2026-09-06
1470783312044988413	Family Suite By Hotel Milanza	$6,217	total	5 nights x $1,053.66	Room in hotel	Private room	Sahibzada Ajit Singh Nagar, Punjab, India			2 guests	1 bedroom	1 bed	1 private bath	false	Gurpreet	https://www.airbnb.com/rooms/1470783312044988413?locale=en-US&currency=USD&check_in=2026-09-01&check_out=2026-09-06
1751382619486456864	The sukoon spotYour little escape from the chaos.	$122	total	5 nights x $23.06	Entire rental unit	Entire home/apt	Zirakpur, Punjab, India	5.0	3.0	4 guests	2 bedrooms	2 beds	2 baths	false	Armaan	https://www.airbnb.com/rooms/1751382619486456864?locale=en-US&currency=USD&check_in=2026-09-04&check_out=2026-09-09
1633215713076496610	Evora House 7BHK | Extendable 13BHK at Extra Cost	$794	total	5 nights x $167.14	Entire villa	Entire home/apt	Mohali, Punjab, India	5.0	2.0	16+ guests	7 bedrooms	8 beds	7.5 baths	true	Ajay	https://www.airbnb.com/rooms/1633215713076496610?locale=en-US&currency=USD&check_in=2026-09-17&check_out=2026-09-22
1740809097290593670	FarmStay,Place to spend time with family & friends	$1,121	total	5 nights x $189.95	Farm stay	Entire home/apt	Makran, Punjab, India	5.0	1.0	10 guests	3 bedrooms	5 beds	4 baths	false	Brothers House	https://www.airbnb.com/rooms/1740809097290593670?locale=en-US&currency=USD&check_in=2026-09-06&check_out=2026-09-11
48022080	Shashank Villa Premium Room	$8,994	total	5 nights x $1,563.76	Room in hotel	Private room	Panchkula, Haryana, India			3 guests	1 bedroom	1 bed	1 bath	false	Sushil	https://www.airbnb.com/rooms/48022080?locale=en-US&currency=USD&check_in=2026-09-01&check_out=2026-09-06
1701577433264212004	The Soho House by AB LuxeStays (Private Villa)	$1,476	total	5 nights x $256.57	Entire villa	Entire home/apt	Sahibzada Ajit Singh Nagar, Punjab, India	5.0	4.0	12 guests	3 bedrooms	3 beds	4 baths	true	Aman	https://www.airbnb.com/rooms/1701577433264212004?locale=en-US&currency=USD&check_in=2026-09-07&check_out=2026-09-12
1270506664553594741	Limestone room, independent access, near lake	$155	total	5 nights x $31.69	Private room in earthen home	Private room	Chandigarh, India	4.98	52.0	1 king bed	Private attached bathroom			true	Parshada House	https://www.airbnb.com/rooms/1270506664553594741?locale=en-US&currency=USD&check_in=2026-09-01&check_out=2026-09-06
1283795286121661729	The Nest	$190	total	5 nights x $36.14	Entire serviced apartment	Entire home/apt	Chandigarh, India	4.97	86.0	2 guests	1 bedroom	1 bed	1 bath	true	Bharat	https://www.airbnb.com/rooms/1283795286121661729?locale=en-US&currency=USD&check_in=2026-09-10&check_out=2026-09-15
1423554069904991153	Terracotta Studio / 1Bhk	$244	total	5 nights x $46.38	Entire villa	Entire home/apt	Chandigarh, India	4.97	61.0	2 guests	1 bedroom	1 bed	1 bath	true	Avni	https://www.airbnb.com/rooms/1423554069904991153?locale=en-US&currency=USD&check_in=2026-09-07&check_out=2026-09-12
1607275185965171660	The Ministry of Magic!(For Solo-Travellers Only)	$104	total	5 nights x $19.80	Private room in home	Private room	Chandigarh, India	4.86	50.0	1 double bed	Private attached bathroom			true	Saloni	https://www.airbnb.com/rooms/1607275185965171660?locale=en-US&currency=USD&check_in=2026-09-03&check_out=2026-09-08
1306301333554809608	Sunny Terrace Retreat	$187	total	5 nights x $35.59	Private room in villa	Private room	Chandigarh, India	4.95	132.0	1 queen bed	Private attached bathroom			true	Rahul	https://www.airbnb.com/rooms/1306301333554809608?locale=en-US&currency=USD&check_in=2026-09-01&check_out=2026-09-06
908294117307264365	volcastay 10BR Luxury village farmstay with pool	$7,306	total	5 nights x $1,270.30	Farm stay	Entire home/apt	Rakoli, Punjab, India	5.0	1.0	16+ guests	10 bedrooms	15 beds	10 baths	false	Volcastay	https://www.airbnb.com/rooms/908294117307264365?locale=en-US&currency=USD&check_in=2026-09-01&check_out=2026-09-06
1485951528596858342	Earthy Writer’s Retreat Chandigarh • n Lake Sec 13	$219	total	5 nights x $41.56	Earthen home	Entire home/apt	Chandigarh, India	4.91	53.0	3 guests	1 bedroom	1 bed	1 bath	true	Parshada House	https://www.airbnb.com/rooms/1485951528596858342?locale=en-US&currency=USD&check_in=2026-09-01&check_out=2026-09-06
1654388508868323871	Gimle'-Studio Room | Chic Boutique Escape	$138	total	5 nights x $26.24	Private room in home	Private room	Panchkula, Haryana, India	5.0	13.0	1 bed	Private attached bathroom			true	Kohal Dev	https://www.airbnb.com/rooms/1654388508868323871?locale=en-US&currency=USD&check_in=2026-09-01&check_out=2026-09-06
1447002328666344699	1 BHK Villa in Mohali sector 86	$210	total	5 nights x $40.24	Entire home	Entire home/apt	Sahibzada Ajit Singh Nagar, Punjab, India	5.0	8.0	2 guests	1 bedroom	2 beds	1 bath	true	Amrao Singh	https://www.airbnb.com/rooms/1447002328666344699?locale=en-US&currency=USD&check_in=2026-09-01&check_out=2026-09-06
1714260947343517225	Ashvilla - 4BR luxurious house - without Gazebo	$1,058	total	5 nights x $179.18	Entire home	Entire home/apt	Sahibzada Ajit Singh Nagar, Punjab, India	5.0	3.0	10 guests	4 bedrooms	4 beds	5.5 baths	true	Baljeet	https://www.airbnb.com/rooms/1714260947343517225?locale=en-US&currency=USD&check_in=2026-09-01&check_out=2026-09-06
1420864192684301848	The Crimson Chapter | 1 BHK	$164	total	5 nights x $31.45	Entire rental unit	Entire home/apt	Sahibzada Ajit Singh Nagar, Punjab, India	5.0	29.0	3 guests	1 bedroom	1 bed	1 bath	true	Jasmeet	https://www.airbnb.com/rooms/1420864192684301848?locale=en-US&currency=USD&check_in=2026-09-01&check_out=2026-09-06
1241205995374783197	Valhalla-1BHK Eclectic Apartment.	$203	total	5 nights x $38.55	Entire rental unit	Entire home/apt	Panchkula, Haryana, India	5.0	48.0	3 guests	1 bedroom	1 bed	1 bath	true	Kohal Dev	https://www.airbnb.com/rooms/1241205995374783197?locale=en-US&currency=USD&check_in=2026-09-01&check_out=2026-09-06
1637156618981062822	The Valentino by AB LuxeStays (Private Villa)	$651	total	5 nights x $113.19	Entire villa	Entire home/apt	Panchkula, Haryana, India	5.0	4.0	10 guests	3 bedrooms	3 beds	3 baths	true	Aman	https://www.airbnb.com/rooms/1637156618981062822?locale=en-US&currency=USD&check_in=2026-09-01&check_out=2026-09-06
36404855	Grey Cove: in Legacy Haven's Guests Floor	$150	total	5 nights x $28.97	Private room in bungalow	Private room	Panchkula, Haryana, India	4.95	83.0	1 double bed	Private attached bathroom			false	Neha	https://www.airbnb.com/rooms/36404855?locale=en-US&currency=USD&check_in=2026-09-01&check_out=2026-09-06
1729912339510919676	Dimora by AB LuxeStays (Prime location)	$394	total	5 nights x $75.47	Entire home	Entire home/apt	Panchkula, Haryana, India			5 guests	2 bedrooms	2 beds	2 baths	true	Aman	https://www.airbnb.com/rooms/1729912339510919676?locale=en-US&currency=USD&check_in=2026-09-01&check_out=2026-09-06
51902851	Green Cottage, 2BHK Luxe Villa w Terrace	$311	total	5 nights x $59.62	Entire home	Entire home/apt	Panchkula, Haryana, India	4.94	199.0	4 guests	2 bedrooms	2 beds	2 baths	true	Anjum	https://www.airbnb.com/rooms/51902851?locale=en-US&currency=USD&check_in=2026-09-01&check_out=2026-09-06
1125658268577212078	Thor's Hall at Zion Studio Suite.	$139	total	5 nights x $26.38	Entire home	Entire home/apt	Panchkula, Haryana, India	5.0	54.0	2 guests	1 bedroom	1 bed	1 bath	true	Kohal Dev	https://www.airbnb.com/rooms/1125658268577212078?locale=en-US&currency=USD&check_in=2026-09-01&check_out=2026-09-06
1568572310596891074	Quiet Haven	$177	total	5 nights x $33.58	Entire home	Entire home/apt	Panchkula, Haryana, India	4.54	24.0	4 guests	2 bedrooms	2 beds	1 bath	false	Dev	https://www.airbnb.com/rooms/1568572310596891074?locale=en-US&currency=USD&check_in=2026-09-01&check_out=2026-09-06
53264916	Green Cottage, 1 BHK Private Villa - The Oriental	$244	total	5 nights x $46.79	Entire home	Entire home/apt	Panchkula, Haryana, India	4.98	167.0	2 guests	1 bedroom	2 beds	1 bath	true	Anjum	https://www.airbnb.com/rooms/53264916?locale=en-US&currency=USD&check_in=2026-09-01&check_out=2026-09-06
1705254287567713360	Stay by Ronika | Urban Luxury apartment	$141	total	5 nights x $26.72	Entire home	Entire home/apt	Mohali, Punjab, India	5.0	10.0	3 guests	1 bedroom	2 beds	1 bath	false	Ronika.Kamboj	https://www.airbnb.com/rooms/1705254287567713360?locale=en-US&currency=USD&check_in=2026-09-13&check_out=2026-09-18
1733289887959504574	The Mango Tree House.Duplex|3beds|3baths|Jacuzzi	$506	total	5 nights x $107.05	Entire home	Entire home/apt	Sahibzada Ajit Singh Nagar, Punjab, India	5.0	1.0	8 guests	3 bedrooms	3 beds	3 baths	false	Pravleen	https://www.airbnb.com/rooms/1733289887959504574?locale=en-US&currency=USD&check_in=2026-09-05&check_out=2026-09-10
1630957424137914845	Ghar Wali Mehfil | A Home Away From Home	$316	total	5 nights x $60.03	Entire rental unit	Entire home/apt	Panchkula, Haryana, India	5.0	23.0	6 guests	3 bedrooms	3 beds	3 baths	false	Vipul	https://www.airbnb.com/rooms/1630957424137914845?locale=en-US&currency=USD&check_in=2026-09-04&check_out=2026-09-09
1760217384151825617	The Foothill House	$378	total	5 nights x $89.83	Entire rental unit	Entire home/apt	Panchkula, Haryana, India			4 guests	2 bedrooms	2 beds	2 baths	true	Anupama	https://www.airbnb.com/rooms/1760217384151825617?locale=en-US&currency=USD&check_in=2026-09-01&check_out=2026-09-06
562812599791919158	Blissful Home Stay[1st floor room and terrace]	$139	total	5 nights x $26.36	Entire guest suite	Entire home/apt	Panchkula, Haryana, India	5.0	74.0	2 guests	1 bedroom	2 beds	1 bath	true	Meena	https://www.airbnb.com/rooms/562812599791919158?locale=en-US&currency=USD&check_in=2026-09-01&check_out=2026-09-06
36269977	A Rosewood Chateau : Legacy Haven Guest's Floor	$168	total	5 nights x $32.53	Private room in bungalow	Private room	Panchkula, Haryana, India	4.92	88.0	1 king bed	Private attached bathroom			false	Neha	https://www.airbnb.com/rooms/36269977?locale=en-US&currency=USD&check_in=2026-09-01&check_out=2026-09-06
1731215775549705723	Dimora by AB LuxeStays (Prime Location)	$276	total	5 nights x $52.83	Entire home	Entire home/apt	Panchkula, Haryana, India	5.0	4.0	2 guests	1 bedroom	1 bed	1 bath	true	Aman	https://www.airbnb.com/rooms/1731215775549705723?locale=en-US&currency=USD&check_in=2026-09-13&check_out=2026-09-18
905855267206047100	Private 2 BHK @ Vohra’s Mansion Homestay	$95	total	5 nights x $17.94	Entire home	Entire home/apt	Panchkula, Haryana, India	4.88	268.0	5 guests	2 bedrooms	2 beds	2 baths	true	Anuj	https://www.airbnb.com/rooms/905855267206047100?locale=en-US&currency=USD&check_in=2026-09-13&check_out=2026-09-18
1651536219986539311	Fensalir Studio Room | Boutique Private Escape	$139	total	5 nights x $26.38	Private room in home	Private room	Panchkula, Haryana, India	5.0	38.0	1 bed	Private attached bathroom			true	Kohal Dev	https://www.airbnb.com/rooms/1651536219986539311?locale=en-US&currency=USD&check_in=2026-09-01&check_out=2026-09-06
1144671209039095991	Luxe Getaway (2nd floor)	$181	total	5 nights x $36.14	Entire home	Entire home/apt	Panchkula, Haryana, India	4.85	33.0	4 guests	2 bedrooms	2 beds	2 baths	true	Supriya	https://www.airbnb.com/rooms/1144671209039095991?locale=en-US&currency=USD&check_in=2026-09-01&check_out=2026-09-06
650385395496900398	Our Little Big Space (2BHK VYOM)	$167	total	5 nights x $31.74	Entire home	Entire home/apt	Zirakpur, Punjab, India	5.0	11.0	4 guests	2 bedrooms	2 beds	2 baths	false	Nagender	https://www.airbnb.com/rooms/650385395496900398?locale=en-US&currency=USD&check_in=2026-09-10&check_out=2026-09-15
1587036152756005664	4bhk entire villa in Panchkula I DLF vally twnshp	$534	total	5 nights x $90.46	Entire home	Entire home/apt	Panchkula, Haryana, India	5.0	17.0	8 guests	4 bedrooms	4 beds	4 baths	false	Bibhuti	https://www.airbnb.com/rooms/1587036152756005664?locale=en-US&currency=USD&check_in=2026-09-01&check_out=2026-09-06
48021795	The Shashank Villa Deluxe Room	$6,878	total	5 nights x $1,195.82	Room in hotel	Private room	Panchkula, Haryana, India	1.0	1.0	3 guests	1 bedroom	1 bed	1 bath	false	Sushil	https://www.airbnb.com/rooms/48021795?locale=en-US&currency=USD&check_in=2026-09-01&check_out=2026-09-06
1383999023593474590	Studio Sienna2bhk Apartment	$336	total	5 nights x $63.93	Entire villa	Entire home/apt	Chandigarh, India	4.97	35.0	4 guests	2 bedrooms	2 beds	2 baths	true	Avni	https://www.airbnb.com/rooms/1383999023593474590?locale=en-US&currency=USD&check_in=2026-09-07&check_out=2026-09-12
650860542655112428	Single Bedroom Apartment	$23,941	total	5 nights x $4,788.05	Entire rental unit	Entire home/apt	Chandigarh, India			2 guests	1 bedroom	1 bed	1.5 baths	false	Akshay	https://www.airbnb.com/rooms/650860542655112428?locale=en-US&currency=USD&check_in=2026-09-01&check_out=2026-09-06
1579683656774526064	Palm Paradise	$358	total	5 nights x $68.05	Entire home	Entire home/apt	Panchkula, Haryana, India	5.0	9.0	4 guests	2 bedrooms	2 beds	2 baths	true	Sonia	https://www.airbnb.com/rooms/1579683656774526064?locale=en-US&currency=USD&check_in=2026-09-01&check_out=2026-09-06
48022025	The Shashank Villa Executive Room	$10,581	total	5 nights x $1,839.71	Room in hotel	Private room	Panchkula, Haryana, India			3 guests	1 bedroom	1 bed	1 bath	false	Sushil	https://www.airbnb.com/rooms/48022025?locale=en-US&currency=USD&check_in=2026-09-01&check_out=2026-09-06
827096900654528334	near Chandigarh airports Delhi highway 20 meta	$18,083	total	5 nights x $3,144.31	Entire condo	Entire home/apt	Chandigarh, India	3.6	5.0	4 guests	2 bedrooms	2 beds	2.5 baths	false	Geeta	https://www.airbnb.com/rooms/827096900654528334?locale=en-US&currency=USD&check_in=2026-09-01&check_out=2026-09-06
49163456	Luxurious Villa in Panchkula	$285	total	5 nights x $54.19	Entire villa	Entire home/apt	Panchkula, Haryana, India	4.9	73.0	4 guests	2 bedrooms	2 beds	2.5 baths	true	Rahul	https://www.airbnb.com/rooms/49163456?locale=en-US&currency=USD&check_in=2026-09-06&check_out=2026-09-11
1635448170599403127	Barkat Bungalow	$133	total	5 nights x $25.25	Entire home	Entire home/apt	Panchkula, Haryana, India	5.0	12.0	5 guests	2 bedrooms	4 beds	2 baths	false	Himanshu	https://www.airbnb.com/rooms/1635448170599403127?locale=en-US&currency=USD&check_in=2026-09-01&check_out=2026-09-06
1565957845498763601	Casa Luxe Victoria 3 BHK by MG Luxury Stays	$392	total	5 nights x $74.65	Entire rental unit	Entire home/apt	Panchkula, Haryana, India	5.0	30.0	7 guests	3 bedrooms	3 beds	3 baths	false	MG Luxury Stays	https://www.airbnb.com/rooms/1565957845498763601?locale=en-US&currency=USD&check_in=2026-09-01&check_out=2026-09-06
51414605	Deluxe Room (Hotel The Black Gold)	$10,742	total	5 nights x $1,867.77	Room in hotel	Private room	Sahibzada Ajit Singh Nagar, Chandigarh, India			3 guests	1 bedroom	1 bed	1 bath	false	Prakash	https://www.airbnb.com/rooms/51414605?locale=en-US&currency=USD&check_in=2026-09-01&check_out=2026-09-06
1755107663054771918	Apricot Garden Château • Luxe 5BR Estate Villa	$1,510	total	5 nights x $319.88	Entire home	Entire home/apt	New Chandigarh, Punjab, India			10 guests	5 bedrooms	5 beds	5 baths	true	Shiva	https://www.airbnb.com/rooms/1755107663054771918?locale=en-US&currency=USD&check_in=2026-09-01&check_out=2026-09-06
1159941736555616615	Casa NŌYA | 6 bedroom	$4,456	total	5 nights x $936.37	Entire home	Entire home/apt	Mullanpur Garib Dass, Punjab, India			10 guests	5 bedrooms	5 baths		false	Bani	https://www.airbnb.com/rooms/1159941736555616615?locale=en-US&currency=USD&check_in=2026-09-01&check_out=2026-09-06
1433091739625564178	Caramel @ Golden Lark w/ Wi-Fi, Pool & Lawn	$3,433	total	5 nights x $581.70	Entire villa	Entire home/apt	Chandigarh, Punjab, India			16+ guests	8 bedrooms	8 beds	8 baths	false	Khushbu Mehta	https://www.airbnb.com/rooms/1433091739625564178?locale=en-US&currency=USD&check_in=2026-09-06&check_out=2026-09-11
1196409705317769395	Albion Cottage Behind Bird Park Chandigarh	$717	total	5 nights x $124.51	Hut	Entire home/apt	Sahibzada Ajit Singh Nagar, Punjab, India	4.95	80.0	4 guests	2 bedrooms	2 beds	2 baths	true	Rakhi	https://www.airbnb.com/rooms/1196409705317769395?locale=en-US&currency=USD&check_in=2026-09-01&check_out=2026-09-06
1116667709638558838	BJ Villa	$3,220	total	5 nights x $545.71	Room in boutique hotel	Private room	Mohali, Punjab, India			16+ guests	15 bedrooms	13 beds	12 baths	false	Mohandeep Singh Pahwa	https://www.airbnb.com/rooms/1116667709638558838?locale=en-US&currency=USD&check_in=2026-09-01&check_out=2026-09-06
1347110094044389453	Studio 1-12 near Chandigarh Airport	$3,773	total	5 nights x $639.37	Entire condo	Entire home/apt	Sahibzada Ajit Singh Nagar, Punjab, India			16+ guests	12 bedrooms	12 beds	14 baths	true	Anchorpoint Management Solutions LLP	https://www.airbnb.com/rooms/1347110094044389453?locale=en-US&currency=USD&check_in=2026-09-01&check_out=2026-09-06
1487312002403506445	The Nest 78 Luxury 18BHK Independent Villa Mohali	$3,909	total	5 nights x $662.48	Entire villa	Entire home/apt	Sahibzada Ajit Singh Nagar, Punjab, India			16+ guests	18 bedrooms	20 beds	24 baths	true	Vikramjit	https://www.airbnb.com/rooms/1487312002403506445?locale=en-US&currency=USD&check_in=2026-09-01&check_out=2026-09-06
1312164646968436370	Jade Manor |7BHK	$3,394	total	5 nights x $575.12	Entire villa	Entire home/apt	Zirakpur, Punjab, India	5.0	1.0	16+ guests	7 bedrooms	7 beds	9 baths	false	RRK And Company	https://www.airbnb.com/rooms/1312164646968436370?locale=en-US&currency=USD&check_in=2026-09-21&check_out=2026-09-26
843075126330852634	Geeta apartment	$1,628	total	5 nights x $282.99	Entire home	Entire home/apt	Chandigarh, Punjab, India	5.0	1.0	4 guests	2 bedrooms	2 beds	2 baths	false	Geeta	https://www.airbnb.com/rooms/843075126330852634?locale=en-US&currency=USD&check_in=2026-09-01&check_out=2026-09-06
1216903041263084722	La Casca Experience	$3,128	total	5 nights x $530.08	Farm stay	Entire home/apt	Zirakpur, Punjab, India			16+ guests	12 bedrooms	12 beds	13 baths	false	Vaibhav	https://www.airbnb.com/rooms/1216903041263084722?locale=en-US&currency=USD&check_in=2026-09-01&check_out=2026-09-06
1687326918339450198	Private BR with Breakfst in a modern designer home	$206	total	5 nights x $39.09	Private room in home	Private room	Sahibzada Ajit Singh Nagar, Punjab, India	5.0	5.0	1 king bed	Private attached bathroom			true	Parminder	https://www.airbnb.com/rooms/1687326918339450198?locale=en-US&currency=USD&check_in=2026-09-01&check_out=2026-09-06
1532513982792064809	8BHK | Stylish Home | Perfect for Families	$1,519	total	5 nights x $318.70	Entire home	Entire home/apt	Sahibzada Ajit Singh Nagar, Punjab, India			16+ guests	8 bedrooms	8 beds	8 baths	true	Easy Stay	https://www.airbnb.com/rooms/1532513982792064809?locale=en-US&currency=USD&check_in=2026-09-07&check_out=2026-09-12
946854411147171510	couple friendly & family	$1,651	total	5 nights x $346.93	Entire rental unit	Entire home/apt	Azizpur, Punjab, India			4 guests	2 bedrooms	1 bed	1 bath	false	Madhu	https://www.airbnb.com/rooms/946854411147171510?locale=en-US&currency=USD&check_in=2026-09-01&check_out=2026-09-06
1239025611562954737	Gurbaksh Villa by Kaashi Select, Chandigarh	$2,532	total	5 nights x $440.20	Entire home	Entire home/apt	Karoran, Punjab, India	5.0	5.0	6 guests	3 bedrooms	3 beds	4 baths	false	Simrat	https://www.airbnb.com/rooms/1239025611562954737?locale=en-US&currency=USD&check_in=2026-09-01&check_out=2026-09-06
1725996440600519383	Jade manor |4BHK| with swimming pool | jacuzzi	$2,230	total	5 nights x $377.81	Entire home	Entire home/apt	Zirakpur, Punjab, India			12 guests	4 bedrooms	4 beds	7.5 baths	false	RRK And Company	https://www.airbnb.com/rooms/1725996440600519383?locale=en-US&currency=USD&check_in=2026-09-21&check_out=2026-09-26
1406446307509490978	Studio 7-12 near Chandigarh Airport	$1,617	total	5 nights x $273.95	Entire rental unit	Entire home/apt	Manauli, Punjab, India	5.0	1.0	16+ guests	6 bedrooms	6 beds	7 baths	true	Anchorpoint Management Solutions LLP	https://www.airbnb.com/rooms/1406446307509490978?locale=en-US&currency=USD&check_in=2026-09-01&check_out=2026-09-06
1430914662221526734	Vanilla @ Golden Lark w/ Wi-Fi, Pool & Lawn	$1,722	total	5 nights x $364.80	Private room in villa	Private room	Chandigarh, Punjab, India	5.0	1.0	4 bedrooms	4 king beds	Private attached bathroom		false	Khushbu Mehta	https://www.airbnb.com/rooms/1430914662221526734?locale=en-US&currency=USD&check_in=2026-09-06&check_out=2026-09-11
1571832401727954169	Sukhbagh Villa by MG Luxury Stays	$2,133	total	5 nights x $451.83	Entire villa	Entire home/apt	Billa, Haryana, India			16+ guests	3 bedrooms	3 beds	3 baths	false	MG Luxury Stays	https://www.airbnb.com/rooms/1571832401727954169?locale=en-US&currency=USD&check_in=2026-09-01&check_out=2026-09-06
1380776225720546102	Peaceful place	$2,084	total	5 nights x $437.79	Private room in farm stay	Private room	Sahibzada Ajit Singh Nagar, Punjab, India			10 bedrooms	2 king beds	Private attached bathroom		false	The Alcaza	https://www.airbnb.com/rooms/1380776225720546102?locale=en-US&currency=USD&check_in=2026-09-01&check_out=2026-09-06
1357124976195043235	Jade Manor |3BHK| Ground Floor	$1,644	total	5 nights x $278.64	Entire villa	Entire home/apt	Zirakpur, Punjab, India	5.0	3.0	9 guests	3 bedrooms	3 beds	4 baths	false	RRK And Company	https://www.airbnb.com/rooms/1357124976195043235?locale=en-US&currency=USD&check_in=2026-09-21&check_out=2026-09-26
1353335583060193668	The Pearl Chapter | 1 BHK	$167	total	5 nights x $31.95	Entire rental unit	Entire home/apt	Sahibzada Ajit Singh Nagar, Punjab, India	5.0	42.0	2 guests	1 bedroom	1 bed	1 bath	true	Jasmeet	https://www.airbnb.com/rooms/1353335583060193668?locale=en-US&currency=USD&check_in=2026-09-01&check_out=2026-09-06
1694929258655298795	4bhk entire villa in Panchkula I DLF valley twnshp	$768	total	5 nights x $144.56	Entire home	Entire home/apt	Panchkula, Haryana, India	5.0	5.0	8 guests	4 bedrooms	4 beds	4 baths	false	Bibhuti	https://www.airbnb.com/rooms/1694929258655298795?locale=en-US&currency=USD&check_in=2026-11-01&check_out=2026-11-06
671512038900237128	Superior room with Breakfast at Bakarpur	$2,168	total	5 nights x $367.31	Room in hotel	Private room	Sahibzada Ajit Singh Nagar, Punjab, India			2 guests	1 bedroom	1 bed	1 private bath	false	Mohinder	https://www.airbnb.com/rooms/671512038900237128?locale=en-US&currency=USD&check_in=2026-09-01&check_out=2026-09-06
1212131561897005555	La Casca Experience	$1,650	total	5 nights x $349.37	Room in hotel	Private room	Zirakpur, Punjab, India			16+ guests	8 bedrooms	8 beds	9 baths	false	Vaibhav	https://www.airbnb.com/rooms/1212131561897005555?locale=en-US&currency=USD&check_in=2026-09-01&check_out=2026-09-06
1658103494591812676	Eraya Grand Villa 9 BHK Luxury Stay Near Airport	$1,628	total	5 nights x $282.99	Private room in bed and breakfast	Private room	Sahibzada Ajit Singh Nagar, Punjab, India	5.0	2.0	9 bedrooms	15 beds	Private attached bathroom		true	Love	https://www.airbnb.com/rooms/1658103494591812676?locale=en-US&currency=USD&check_in=2026-09-01&check_out=2026-09-06
1359572474649928454	11 BHK in Mohali	$1,804	total	5 nights x $378.75	Entire home	Entire home/apt	Sahibzada Ajit Singh Nagar, Punjab, India			16+ guests	11 bedrooms	11 beds	11 baths	true	Amrao Singh	https://www.airbnb.com/rooms/1359572474649928454?locale=en-US&currency=USD&check_in=2026-09-01&check_out=2026-09-06
1542499499268214115	11BHK | Luxury Retreat | Ideal for Wedding Stays	$1,595	total	5 nights x $277.20	Entire home	Entire home/apt	Sahibzada Ajit Singh Nagar, Punjab, India			16+ guests	11 bedrooms	16 beds	11 baths	true	Easy Stay	https://www.airbnb.com/rooms/1542499499268214115?locale=en-US&currency=USD&check_in=2026-09-02&check_out=2026-09-07
1723826426029511509	8 bedroom kothi	$1,482	total	5 nights x $257.58	Entire home	Entire home/apt	Sahibzada Ajit Singh Nagar, Punjab, India			15 guests	8 bedrooms	8 beds	8 baths	false	Gunveer Sandhu	https://www.airbnb.com/rooms/1723826426029511509?locale=en-US&currency=USD&check_in=2026-09-01&check_out=2026-09-06
880359860163819448	2 bhk beautiful 65	$2,258	total	5 nights x $474.37	Entire rental unit	Entire home/apt	Zirakpur, Punjab, India	5.0	1.0	4 guests	3 bedrooms	3 beds	3 baths	false	Madhu	https://www.airbnb.com/rooms/880359860163819448?locale=en-US&currency=USD&check_in=2026-09-01&check_out=2026-09-06
1330075139450245361	3BR Pool Haven | StayVista | Villa Solace @Punjab	$1,947	total	5 nights x $329.89	Entire villa	Entire home/apt	New Chandigarh, Punjab, India	4.25	4.0	12 guests	3 bedrooms	3 beds	3 baths	false	Manpreet Singh Bedi	https://www.airbnb.com/rooms/1330075139450245361?locale=en-US&currency=USD&check_in=2026-09-01&check_out=2026-09-06
597338503827564221	Luxury Farmhouse w/ Pool, Rain Dance, Rooftop Bar	$2,684	total	5 nights x $466.67	Farm stay	Entire home/apt	Sahibzada Ajit Singh Nagar, Punjab, India	4.83	12.0	16+ guests	7 bedrooms	7 beds	7 baths	false	Karmjeet	https://www.airbnb.com/rooms/597338503827564221?locale=en-US&currency=USD&check_in=2026-09-01&check_out=2026-09-06
1695703467794539290	Sundown Farms — party venue	$1,661	total	5 nights x $351.77	Farm stay	Entire home/apt	Shafipur, Punjab, India			16+ guests	1 bedroom	1 bed	1 bath	false	Gurbaaz	https://www.airbnb.com/rooms/1695703467794539290?locale=en-US&currency=USD&check_in=2026-09-01&check_out=2026-09-06
1323071440795169301	Kanwal Da Farm - Nature's Retreat	$1,917	total	5 nights x $333.30	Farm stay	Entire home/apt	Khuda Ali Sher, Chandigarh, India	4.0	1.0	6 guests	3 bedrooms	3 beds	3 baths	false	Kanwal	https://www.airbnb.com/rooms/1323071440795169301?locale=en-US&currency=USD&check_in=2026-09-01&check_out=2026-09-06
1694797578037011523	The Velvet Retreat | Near Chandigarh Airport	$2,787	total	5 nights x $472.25	Entire rental unit	Entire home/apt	Zirakpur, Punjab, India	5.0	5.0	2 guests	1 bedroom	1 bed	1 bath	false	Aj	https://www.airbnb.com/rooms/1694797578037011523?locale=en-US&currency=USD&check_in=2026-09-01&check_out=2026-09-06
1759987636740678000	Luxury 14 room with party hall by olive’s	$1,624	total	5 nights x $343.89	Shared room in hotel	Shared room	Zirakpur, Punjab, India			14 beds	15 shared bathrooms			false	Rahil	https://www.airbnb.com/rooms/1759987636740678000?locale=en-US&currency=USD&check_in=2026-09-01&check_out=2026-09-06
1732417255815276105	Jade Manor | 4BHK | with outdoor space and jacuzzi	$1,561	total	5 nights x $330.58	Private room in home	Private room	Zirakpur, Punjab, India			4 bedrooms	4 king beds	Dedicated bathroom		false	RRK And Company	https://www.airbnb.com/rooms/1732417255815276105?locale=en-US&currency=USD&check_in=2026-09-17&check_out=2026-09-22
1357774964003193199	Villa for Marriage and Functions	$1,968	total	5 nights x $342.10	Entire villa	Entire home/apt	Sahibzada Ajit Singh Nagar, Punjab, India			16+ guests	9 bedrooms	9 beds	9 baths	false	Khushwant	https://www.airbnb.com/rooms/1357774964003193199?locale=en-US&currency=USD&check_in=2026-09-01&check_out=2026-09-06
1760061312820958604	Fursat The Luxe Stay | Wave Estate Luxury 3BHK	$1,546	total	5 nights x $327.43	Entire rental unit	Entire home/apt	Sahibzada Ajit Singh Nagar, Punjab, India			8 guests	3 bedrooms	5 beds	3 baths	false	Dr. Megha	https://www.airbnb.com/rooms/1760061312820958604?locale=en-US&currency=USD&check_in=2026-09-01&check_out=2026-09-06
1750720221954605695	Secret House 9BHK by Aerostays	$1,546	total	5 nights x $327.43	Entire home	Entire home/apt	Sahibzada Ajit Singh Nagar, Punjab, India			16+ guests	3 bedrooms	3 beds	3 baths	false	Aerostays LLP	https://www.airbnb.com/rooms/1750720221954605695?locale=en-US&currency=USD&check_in=2026-09-01&check_out=2026-09-06
1680564657519381326	Nawab house 9bhk by Aerostays (with party hall)	$1,791	total	5 nights x $303.53	Entire home	Entire home/apt	Sahibzada Ajit Singh Nagar, Punjab, India	5.0	3.0	16+ guests	9 bedrooms	9 beds	9 baths	false	Ani	https://www.airbnb.com/rooms/1680564657519381326?locale=en-US&currency=USD&check_in=2026-09-01&check_out=2026-09-06
1188348575428407514	Aanz Aura- Lux Homestay near Chandigarh Airport	$2,170	total	5 nights x $377.32	Entire home	Entire home/apt	Sahibzada Ajit Singh Nagar, Punjab, India			8 guests	3 bedrooms	3 beds	3 baths	false	Pratap	https://www.airbnb.com/rooms/1188348575428407514?locale=en-US&currency=USD&check_in=2026-09-01&check_out=2026-09-06
1681079247788193737	Best stay in zirakpur - Sisbro Retreat	$1,508	total	5 nights x $319.48	Private room in farm stay	Private room	Zirakpur, Punjab, India			6 bedrooms	6 beds	Private attached bathroom		false	Shivani	https://www.airbnb.com/rooms/1681079247788193737?locale=en-US&currency=USD&check_in=2026-09-01&check_out=2026-09-06
1406396773105029701	Studio 1-6 near Chandigarh Airport	$1,813	total	5 nights x $307.23	Entire rental unit	Entire home/apt	Manauli, Punjab, India			15 guests	6 bedrooms	6 beds	7 baths	true	Anchorpoint Management Solutions LLP	https://www.airbnb.com/rooms/1406396773105029701?locale=en-US&currency=USD&check_in=2026-09-01&check_out=2026-09-06
1757700574854485203	The Emaarat| Entire Villa| Good Times Stay	$2,378	total	5 nights x $503.75	Entire home	Entire home/apt	Sahibzada Ajit Singh Nagar, Punjab, India			16+ guests	10 bedrooms	12 beds	10 baths	true	Anu	https://www.airbnb.com/rooms/1757700574854485203?locale=en-US&currency=USD&check_in=2026-09-01&check_out=2026-09-06
1678888774043867823	Private Pool Farmhouse | 4BHK+ | 30min Chandigarh	$1,600	total	5 nights x $285.46	Farm stay	Entire home/apt	Sahibzada Ajit Singh Nagar, Chandigarh, India	5.0	2.0	13 guests	4 bedrooms	4 beds	5 baths	false	Swapan	https://www.airbnb.com/rooms/1678888774043867823?locale=en-US&currency=USD&check_in=2026-09-06&check_out=2026-09-11
1713926429414742255	Rana's Royal Villa | Private Luxury Stay	$2,582	total	5 nights x $546.94	Entire home	Entire home/apt	Zirakpur, Punjab, India	5.0	2.0	10 guests	3 bedrooms	4 beds	4 baths	false	Anant	https://www.airbnb.com/rooms/1713926429414742255?locale=en-US&currency=USD&check_in=2026-09-01&check_out=2026-09-06
1071567313267568151	Havana 3073 Chandigarh	$1,735	total	5 nights x $293.94	Entire home	Entire home/apt	Chandigarh, India	4.5	8.0	12 guests	5 bedrooms	6 beds	5.5 baths	false	Hardeep	https://www.airbnb.com/rooms/1071567313267568151?locale=en-US&currency=USD&check_in=2026-09-01&check_out=2026-09-06
1602257745096321969	3 BHK Apartment| WebOS TV | Lift | Sec 9	$2,168	total	5 nights x $367.31	Entire condo	Entire home/apt	Panchkula, Haryana, India	5.0	5.0	8 guests	3 bedrooms	3 beds	3 baths	false	Kri	https://www.airbnb.com/rooms/1602257745096321969?locale=en-US&currency=USD&check_in=2026-09-01&check_out=2026-09-06
1587955854126207526	8 Bhk In Mohali	$1,494	total	5 nights x $259.62	Entire home	Entire home/apt	Sahibzada Ajit Singh Nagar, Punjab, India			16+ guests	8 bedrooms	8 beds	8 baths	true	Amrao Singh	https://www.airbnb.com/rooms/1587955854126207526?locale=en-US&currency=USD&check_in=2026-09-01&check_out=2026-09-06
1337557761124117744	Luxury Nine Rooms HomiStay	$2,477	total	5 nights x $419.78	Entire home	Entire home/apt	Panchkula, Haryana, India			16+ guests	8 bedrooms	8 beds	8 baths	true	Mandeep	https://www.airbnb.com/rooms/1337557761124117744?locale=en-US&currency=USD&check_in=2026-09-01&check_out=2026-09-06
1739106792387550241	StayVista at The Seven Acres w/Pool & Jacuzzi	$2,602	total	5 nights x $551.23	Entire villa	Entire home/apt	Kharar, Punjab, India			9 guests	3 bedrooms	3 beds	3 baths	false	Khushbu Mehta	https://www.airbnb.com/rooms/1739106792387550241?locale=en-US&currency=USD&check_in=2026-09-01&check_out=2026-09-06
1704966951407798686	Firdaus	$1,439	total	5 nights x $243.84	Entire home	Entire home/apt	Sahibzada Ajit Singh Nagar, Punjab, India			4 guests	1 bedroom	1 bed	1 bath	false	Tarman	https://www.airbnb.com/rooms/1704966951407798686?locale=en-US&currency=USD&check_in=2026-09-01&check_out=2026-09-06
1644903350783934466	Aerostays 19bhk - Weeding guest House	$2,284	total	5 nights x $483.81	Entire guesthouse	Entire home/apt	Sahibzada Ajit Singh Nagar, Punjab, India			16+ guests	19 bedrooms	20 beds	15 baths	false	Ani	https://www.airbnb.com/rooms/1644903350783934466?locale=en-US&currency=USD&check_in=2026-09-01&check_out=2026-09-06
782947001267486559	Cozy Luxurious 4 BHK home @ Legacy Haven	$1,350	total	5 nights x $228.78	Entire home	Entire home/apt	Panchkula, Haryana, India	5.0	36.0	10 guests	4 bedrooms	4 beds	4.5 baths	true	Pranav	https://www.airbnb.com/rooms/782947001267486559?locale=en-US&currency=USD&check_in=2026-09-01&check_out=2026-09-06
1646859280928353352	6 BHK | Jacuzzi | Airport Chandigarh (7 min)	$990	total	5 nights x $167.71	Entire home	Entire home/apt	Sahibzada Ajit Singh Nagar, Punjab, India	5.0	3.0	16+ guests	6 bedrooms	6 beds	6 baths	true	Anish	https://www.airbnb.com/rooms/1646859280928353352?locale=en-US&currency=USD&check_in=2026-09-12&check_out=2026-09-17
1565160091150914232	super luxury 9bhk villa	$1,706	total	5 nights x $361.42	Entire home	Entire home/apt	Sahibzada Ajit Singh Nagar, Punjab, India	1.0	1.0	16+ guests	9 bedrooms	9 beds	8 baths	false	Shivam	https://www.airbnb.com/rooms/1565160091150914232?locale=en-US&currency=USD&check_in=2026-09-01&check_out=2026-09-06
1497688665733663122	Jade manor |6BHK| Ground and first floor	$2,898	total	5 nights x $491.15	Entire villa	Entire home/apt	Zirakpur, Punjab, India	5.0	1.0	16+ guests	6 bedrooms	6 beds	7.5 baths	false	RRK And Company	https://www.airbnb.com/rooms/1497688665733663122?locale=en-US&currency=USD&check_in=2026-09-21&check_out=2026-09-26
44058286	Casa dura	$145	total	5 nights x $27.50	Private room in bed and breakfast	Private room	Panchkula, Haryana, India	4.9	110.0	1 double bed	Private attached bathroom			true	Haarsh Jakhar	https://www.airbnb.com/rooms/44058286?locale=en-US&currency=USD&check_in=2026-09-01&check_out=2026-09-06
1586799616054584781	Raahat Stays-38 | 4BHK Spacious Entire Home | Lift	$782	total	5 nights x $135.83	Entire home	Entire home/apt	Chandigarh, India	4.4	5.0	8 guests	4 bedrooms	5 beds	4 baths	false	Dr. Shifa Mahajan Kaushal	https://www.airbnb.com/rooms/1586799616054584781?locale=en-US&currency=USD&check_in=2026-09-01&check_out=2026-09-06
36416329	Cozy Relaxing 4 BHK @ Legacy Haven: An Anchorage	$1,379	total	5 nights x $238.23	Entire home	Entire home/apt	Panchkula, Haryana, India	4.91	45.0	10 guests	4 bedrooms	4 beds	4.5 baths	false	Neha	https://www.airbnb.com/rooms/36416329?locale=en-US&currency=USD&check_in=2026-09-01&check_out=2026-09-06
1655248532993565187	The Nest Villa	$926	total	5 nights x $194.58	Entire home	Entire home/apt	Panchkula, Haryana, India			16+ guests	8 bedrooms	8 beds	8 baths	false	Harshit	https://www.airbnb.com/rooms/1655248532993565187?locale=en-US&currency=USD&check_in=2026-09-01&check_out=2026-09-06
1688457675854274349	Malabar Monsoon, Hillside Farm in Chandigarh	$335	total		Farm stay	Entire home/apt	Chandigarh, Punjab, India	5.0	10.0	5 guests	2 bedrooms	2 beds	2 baths	true	Mudit	https://www.airbnb.com/rooms/1688457675854274349?locale=en-US&currency=USD&check_in=2026-09-11&check_out=2026-09-16
1096105162570078747	SplashVille in Zirakpur-Jacuzzi & Heated Pool	$764	total	5 nights x $132.76	Room in hotel	Private room	Bhabat, Punjab, India	4.86	7.0	8 guests	2 bedrooms	2 beds	1 private bath	false	Sarthak	https://www.airbnb.com/rooms/1096105162570078747?locale=en-US&currency=USD&check_in=2026-09-06&check_out=2026-09-11
1724333672181985117	Luxury 5bhk villa DLF Valley Panchkula	$752	total	5 nights x $127.40	Entire villa	Entire home/apt	Panchkula, Haryana, India	4.75	4.0	15 guests	5 bedrooms	5 beds	4 baths	false	Surbhi	https://www.airbnb.com/rooms/1724333672181985117?locale=en-US&currency=USD&check_in=2026-09-01&check_out=2026-09-06
1672422274004335400	Bali Bliss Penthouse 4 BHK| Comfy Stay with Pool	$1,250	total	5 nights x $211.73	Entire rental unit	Entire home/apt	Sahibzada Ajit Singh Nagar, Punjab, India	4.5	6.0	16+ guests	4 bedrooms	4 beds	4 baths	true	Charu	https://www.airbnb.com/rooms/1672422274004335400?locale=en-US&currency=USD&check_in=2026-09-06&check_out=2026-09-11
575973237976420623	3 BHK Villa | Jacuzzi Suite, Pool Table & Terrace	$1,085	total	5 nights x $183.87	Entire condo	Entire home/apt	peermuchalla, Punjab, India	4.81	16.0	12 guests	3 bedrooms	6 beds	4 baths	false	Shivam Arora	https://www.airbnb.com/rooms/575973237976420623?locale=en-US&currency=USD&check_in=2026-09-03&check_out=2026-09-08
1721061256957109392	Ashvilla - Luxe Villa with Gazebo, Jacuzzi & BAR	$1,384	total	5 nights x $293.01	Entire home	Entire home/apt	Sahibzada Ajit Singh Nagar, Punjab, India			10 guests	4 bedrooms	4 beds	5.5 baths	true	Baljeet	https://www.airbnb.com/rooms/1721061256957109392?locale=en-US&currency=USD&check_in=2026-09-01&check_out=2026-09-06
1590642068064031980	The Lumière Residences 4 BHK by MG Luxury Stays	$750	total	5 nights x $127.09	Entire rental unit	Entire home/apt	Panchkula, Haryana, India	5.0	6.0	8 guests	4 bedrooms	4 beds	4 baths	false	MG Luxury Stays	https://www.airbnb.com/rooms/1590642068064031980?locale=en-US&currency=USD&check_in=2026-09-01&check_out=2026-09-06
1551474011345271527	Rootanian Villa ~ Chandigarh Airport	$805	total	5 nights x $136.43	Entire home	Entire home/apt	Sahibzada Ajit Singh Nagar, Punjab, India	4.96	28.0	8 guests	4 bedrooms	4 beds	5 baths	true	Dhairya	https://www.airbnb.com/rooms/1551474011345271527?locale=en-US&currency=USD&check_in=2026-09-06&check_out=2026-09-11
783107906115048205	Balcony Bliss - Stylish & Unique Independent 2BHK	$787	total	5 nights x $133.28	Entire home	Entire home/apt	Panchkula, Haryana, India	5.0	10.0	5 guests	2 bedrooms	2 beds	2.5 baths	true	Pranav	https://www.airbnb.com/rooms/783107906115048205?locale=en-US&currency=USD&check_in=2026-09-01&check_out=2026-09-06
930971596802142453	Green Cottage, 1BHK w Lawn - The Rustic	$244	total	5 nights x $46.79	Entire home	Entire home/apt	Panchkula, Haryana, India	4.9	79.0	3 guests	1 bedroom	1 bed	1 bath	true	Anjum	https://www.airbnb.com/rooms/930971596802142453?locale=en-US&currency=USD&check_in=2026-09-02&check_out=2026-09-07
744046427402326479	Alma Farmstay chandigarh	$979	total	5 nights x $195.16	Farm stay	Entire home/apt	New Chandigarh, Punjab, India	4.38	8.0	8 guests	3 bedrooms	3 beds	3 baths	false	Rupinder	https://www.airbnb.com/rooms/744046427402326479?locale=en-US&currency=USD&check_in=2026-09-01&check_out=2026-09-06
1660134477078967424	Bali Bliss 4BHK| Pvt Pool | Wi-Fi | Airport Rd	$1,118	total	5 nights x $189.43	Entire rental unit	Entire home/apt	Zirakpur, Punjab, India	4.85	13.0	16+ guests	4 bedrooms	4 beds	4 baths	true	HarAmrit	https://www.airbnb.com/rooms/1660134477078967424?locale=en-US&currency=USD&check_in=2026-09-06&check_out=2026-09-11
1484725474861567813	parties, functions & house party	$986	total	5 nights x $166.95	Entire home	Entire home/apt	Sahibzada Ajit Singh Nagar, Punjab, India	5.0	2.0	16+ guests	6 bedrooms	6 beds	6 baths	false	Shivam	https://www.airbnb.com/rooms/1484725474861567813?locale=en-US&currency=USD&check_in=2026-09-01&check_out=2026-09-06
1727465244003600012	Picasa - The Luxe Stay	$1,070	total	5 nights x $226.68	Entire rental unit	Entire home/apt	Zirakpur, Punjab, India			16+ guests	3 bedrooms	3 beds	3 baths	false	Mahip	https://www.airbnb.com/rooms/1727465244003600012?locale=en-US&currency=USD&check_in=2026-09-01&check_out=2026-09-06
1681908484562098118	The Hideaway Stays | Peaceful Stay & Pool days	$836	total	5 nights x $141.68	Entire home	Entire home/apt	Sahibzada Ajit Singh Nagar, Punjab, India	5.0	1.0	12 guests	5 bedrooms	6 beds	4 baths	false	Nikhil	https://www.airbnb.com/rooms/1681908484562098118?locale=en-US&currency=USD&check_in=2026-09-06&check_out=2026-09-11
817786097780495350	Private villa in Chandigarh	$1,447	total	5 nights x $251.54	Entire home	Entire home/apt	Chandigarh, India	5.0	2.0	4 guests	2 bedrooms	2 beds	2.5 baths	false	Sameer	https://www.airbnb.com/rooms/817786097780495350?locale=en-US&currency=USD&check_in=2026-09-01&check_out=2026-09-06
1169332055339415625	Premium Rooms at Pride Inn	$819	total	5 nights x $142.41	Room in hotel	Private room	Zirakpur, Punjab, India			2 guests	1 bedroom	1 bed	1 private bath	false	Sohan	https://www.airbnb.com/rooms/1169332055339415625?locale=en-US&currency=USD&check_in=2026-09-01&check_out=2026-09-06
1746997909768780695	Col Retreat - Luxury 5BHK Villa | Rooftop & BBQ	$768	total	5 nights x $130.13	Entire guest suite	Entire home/apt	Kharar, Punjab, India	5.0	4.0	12 guests	5 bedrooms	7 beds	4 baths	false	Sunil	https://www.airbnb.com/rooms/1746997909768780695?locale=en-US&currency=USD&check_in=2026-09-01&check_out=2026-09-06
1357134964099325825	Jade Manor |3BHK| First Floor	$1,176	total	5 nights x $199.16	Entire villa	Entire home/apt	Zirakpur, Punjab, India	4.5	2.0	9 guests	3 bedrooms	3 beds	3.5 baths	false	RRK And Company	https://www.airbnb.com/rooms/1357134964099325825?locale=en-US&currency=USD&check_in=2026-09-17&check_out=2026-09-22
1337333825384010319	Luxury, 4Bedroom Set  HomiStay	$867	total	5 nights x $146.82	Entire home	Entire home/apt	Panchkula, Haryana, India	5.0	2.0	12 guests	4 bedrooms	4 beds	4 baths	true	Mandeep	https://www.airbnb.com/rooms/1337333825384010319?locale=en-US&currency=USD&check_in=2026-09-01&check_out=2026-09-06
1707090927576849202	Stay XO-Luxury 3 BHK Villa | Roof Top | Alfresco	$929	total	5 nights x $157.41	Entire villa	Entire home/apt	Panchkula, Haryana, India			6 guests	3 bedrooms	3 beds	3 baths	false	Sam	https://www.airbnb.com/rooms/1707090927576849202?locale=en-US&currency=USD&check_in=2026-09-04&check_out=2026-09-09
1476666440721455174	Villa Élan - Presidential Villa for Families Only	$991	total	5 nights x $196.13	Entire home	Entire home/apt	Sahibzada Ajit Singh Nagar, Punjab, India	4.82	17.0	12 guests	4 bedrooms	4 beds	4 baths	true	Baljeet	https://www.airbnb.com/rooms/1476666440721455174?locale=en-US&currency=USD&check_in=2026-09-01&check_out=2026-09-06
1745836131112199295	The Emaarat |Royal Heritage Villa |Good Times Stay	$843	total	5 nights x $178.41	Entire home	Entire home/apt	Sahibzada Ajit Singh Nagar, Punjab, India			8 guests	3 bedrooms	2 beds	2 baths	true	Anu	https://www.airbnb.com/rooms/1745836131112199295?locale=en-US&currency=USD&check_in=2026-09-01&check_out=2026-09-06
1312977294346472478	8BHK 1km Sukhna Lake Chandigarh - Anand Kunj Kansal	$1,118	total	5 nights x $210.48	Entire bungalow	Entire home/apt	Kansal, Chandigarh, India	4.88	8.0	16+ guests	8 bedrooms	24 beds	8 baths	true	Renu Anand	https://www.airbnb.com/rooms/1312977294346472478?locale=en-US&currency=USD&check_in=2026-10-01&check_out=2026-10-06
1742840686532424793	The Perch - where home meets happiness	$868	total	5 nights x $182.41	Entire home	Entire home/apt	Sahibzada Ajit Singh Nagar, Punjab, India	5.0	1.0	12 guests	5 bedrooms	5 beds	6 baths	true	RN Casa	https://www.airbnb.com/rooms/1742840686532424793?locale=en-US&currency=USD&check_in=2026-09-01&check_out=2026-09-06
1074019950787559303	Shivalik Suite	$1,237	total	5 nights x $209.61	Entire bungalow	Entire home/apt	Chandigarh, India	5.0	3.0	8 guests	3 bedrooms	3.5 baths		false	Hardeep	https://www.airbnb.com/rooms/1074019950787559303?locale=en-US&currency=USD&check_in=2026-09-01&check_out=2026-09-06
1599496129080409851	Villa Aurena	$1,011	total	5 nights x $175.64	Entire villa	Entire home/apt	Sahibzada Ajit Singh Nagar, Punjab, India	5.0	3.0	15 guests	4 bedrooms	5 beds	4 baths	false	Harminder Singh	https://www.airbnb.com/rooms/1599496129080409851?locale=en-US&currency=USD&check_in=2026-09-01&check_out=2026-09-06
1758256928736653374	House Charis by Yatrum | Secure Parking| Premium	$1,158	total	5 nights x $243.21	Entire home	Entire home/apt	Sahibzada Ajit Singh Nagar, Punjab, India			16+ guests	7 bedrooms	7 beds	7 baths	false	Herleen	https://www.airbnb.com/rooms/1758256928736653374?locale=en-US&currency=USD&check_in=2026-09-01&check_out=2026-09-06
1711595375046472423	Evora House | 6Bhk extendable 13Bhk | Weddings	$768	total	5 nights x $161.62	Entire villa	Entire home/apt	Sahibzada Ajit Singh Nagar, Punjab, India	5.0	1.0	16+ guests	6 bedrooms	8 beds	6 baths	true	Ajay	https://www.airbnb.com/rooms/1711595375046472423?locale=en-US&currency=USD&check_in=2026-09-01&check_out=2026-09-06
1647957628663496698	Picasa - The Velour	$1,158	total	5 nights x $201.23	Entire loft	Entire home/apt	Zirakpur, Punjab, India	5.0	1.0	16+ guests	3 bedrooms	3 beds	3 baths	false	Bhavikam	https://www.airbnb.com/rooms/1647957628663496698?locale=en-US&currency=USD&check_in=2026-09-06&check_out=2026-09-11
44058825	Casadura Summer house Tricity	$763	total	5 nights x $143.36	Entire home	Entire home/apt	Panchkula, Haryana, India	4.83	42.0	12 guests	4 bedrooms	4 beds	4 baths	true	Haarsh Jakhar	https://www.airbnb.com/rooms/44058825?locale=en-US&currency=USD&check_in=2026-09-01&check_out=2026-09-06
932629009540413262	3BHK Luxurious house in sector 27 | No Party	$753	total	5 nights x $158.09	Entire rental unit	Entire home/apt	Chandigarh, India	4.5	4.0	8 guests	3 bedrooms	3 beds	2 baths	false	Mudit	https://www.airbnb.com/rooms/932629009540413262?locale=en-US&currency=USD&check_in=2026-09-01&check_out=2026-09-06
1291322018167921275	Vamsa : 4 BHK Boutique Home Stay  near the Airport	$1,372	total	5 nights x $232.46	Entire bungalow	Entire home/apt	Sahibzada Ajit Singh Nagar, Punjab, India	5.0	10.0	10 guests	4 bedrooms	5 beds	4.5 baths	true	Aditya	https://www.airbnb.com/rooms/1291322018167921275?locale=en-US&currency=USD&check_in=2026-09-03&check_out=2026-09-08
1673726543610885698	NGT Farm Spacious and Comfortable 2BHK Farm Stay	$867	total	5 nights x $146.93	Farm stay	Entire home/apt	Sanauli, Punjab, India	5.0	3.0	15 guests	2 bedrooms	3 beds	3 baths	false	Sahil Kumar	https://www.airbnb.com/rooms/1673726543610885698?locale=en-US&currency=USD&check_in=2026-09-06&check_out=2026-09-11
1461233250284644269	Deluxe room with Jaccuzi apartment	$740	total	5 nights x $147.91	Private room in casa particular	Private room	Kharar, Punjab, India	3.0	3.0	1 bed	Private attached bathroom			false	Harrdy Niwas	https://www.airbnb.com/rooms/1461233250284644269?locale=en-US&currency=USD&check_in=2026-09-01&check_out=2026-09-06
1337368704035900057	Spacious 5 bhk HomiStay3bhk plus 2bhk	$1,238	total	5 nights x $209.79	Entire home	Entire home/apt	Panchkula, Haryana, India	5.0	1.0	15 guests	5 bedrooms	4 beds	5 baths	true	Mandeep	https://www.airbnb.com/rooms/1337368704035900057?locale=en-US&currency=USD&check_in=2026-09-01&check_out=2026-09-06
1713516230265689036	3bhk villa @dlf valley twnshp pkl	$380	total	5 nights x $72.31	Entire home	Entire home/apt	Panchkula, Haryana, India	5.0	1.0	6 guests	3 bedrooms	3 beds	3 baths	false	Bibhuti	https://www.airbnb.com/rooms/1713516230265689036?locale=en-US&currency=USD&check_in=2026-11-01&check_out=2026-11-06
1655718040858159468	Private Studio A2 with access to common areas	$118	total	5 nights x $22.35	Private room in home	Private room	Panchkula, Haryana, India	5.0	28.0	1 king bed	Private attached bathroom			true	Mandeep	https://www.airbnb.com/rooms/1655718040858159468?locale=en-US&currency=USD&check_in=2026-09-01&check_out=2026-09-06
48552849	Studio Apartment with Private Gym	$199	total	5 nights x $37.78	Entire place	Entire home/apt	Panchkula, Haryana, India	4.94	50.0	4 guests	1 bedroom	2 beds	1 bath	true	Haarsh Jakhar	https://www.airbnb.com/rooms/48552849?locale=en-US&currency=USD&check_in=2026-09-01&check_out=2026-09-06
1153302587409288502	Thrudheim-1BHK Scandinavian Apartment.	$203	total	5 nights x $38.55	Entire rental unit	Entire home/apt	Panchkula, Haryana, India	5.0	93.0	3 guests	1 bedroom	1 bed	1 bath	true	Kohal Dev	https://www.airbnb.com/rooms/1153302587409288502?locale=en-US&currency=USD&check_in=2026-09-01&check_out=2026-09-06
1730301604537747698	The Grand Celebration Villa by Aerostays	$1,045	total	5 nights x $221.38	Entire home	Entire home/apt	Sahibzada Ajit Singh Nagar, Punjab, India	2.0	1.0	12 guests	4 bedrooms	4 beds	4 baths	false	Ani	https://www.airbnb.com/rooms/1730301604537747698?locale=en-US&currency=USD&check_in=2026-09-01&check_out=2026-09-06
1728317188034717689	Sky Nest Garden	$129	total	5 nights x $24.56	Private room in home	Private room	Sahibzada Ajit Singh Nagar, Punjab, India	4.91	11.0	1 king bed	Private attached bathroom			true	Saumya	https://www.airbnb.com/rooms/1728317188034717689?locale=en-US&currency=USD&check_in=2026-09-11&check_out=2026-09-16
1375293960744346907	Urban Loft | Premium 1BHK | near CP67 Mall	$179	total	5 nights x $34.36	Entire rental unit	Entire home/apt	Sahibzada Ajit Singh Nagar, Punjab, India	4.93	59.0	3 guests	1 bedroom	1 bed	1 bath	false	Sohil	https://www.airbnb.com/rooms/1375293960744346907?locale=en-US&currency=USD&check_in=2026-09-01&check_out=2026-09-06
1463504425602028917	Farm stay | Private Lawn | Pool | The Arzen Farms	$1,158	total	5 nights x $201.24	Farm stay	Entire home/apt	Sanauli, Punjab, India			8 guests	2 bedrooms	4 beds	2 baths	false	Puneet	https://www.airbnb.com/rooms/1463504425602028917?locale=en-US&currency=USD&check_in=2026-09-01&check_out=2026-09-06
1337453225188401798	Comfy 6 bhk HomiStay	$1,461	total	5 nights x $247.57	Entire home	Entire home/apt	Panchkula, Haryana, India			16+ guests	6 bedrooms	6 beds	6 baths	true	Mandeep	https://www.airbnb.com/rooms/1337453225188401798?locale=en-US&currency=USD&check_in=2026-09-01&check_out=2026-09-06
1080893683644754443	Divya's Nest	$809	total	5 nights x $171.30	Entire guest suite	Entire home/apt	Nabha, Punjab, India			4 guests	1 bedroom	3 beds	1 bath	false	Rishabh	https://www.airbnb.com/rooms/1080893683644754443?locale=en-US&currency=USD&check_in=2026-09-01&check_out=2026-09-06
1181206846927246841	Next 1 – Oasis @ Vohra’s Mansion Homestay	$89	total	5 nights x $16.78	Private room in home	Private room	Panchkula, Haryana, India	4.78	59.0	1 king bed	Private attached bathroom			true	Anuj	https://www.airbnb.com/rooms/1181206846927246841?locale=en-US&currency=USD&check_in=2026-09-02&check_out=2026-09-07
1571117522753291458	Aarvi's Maison, 5BHK, Private pool, Airport road	$846	total	5 nights x $143.35	Entire rental unit	Entire home/apt	Zirakpur, Punjab, India	4.62	13.0	10 guests	5 bedrooms	5 beds	5 baths	false	Chhama	https://www.airbnb.com/rooms/1571117522753291458?locale=en-US&currency=USD&check_in=2026-09-04&check_out=2026-09-09
1624495457751963641	The Palms Residency, Hill View, Farm House Villa	$1,181	total	5 nights x $248.08	Entire guest suite	Entire home/apt	New Chandigarh, Punjab, India			15 guests	4 bedrooms	4 beds	5 baths	false	Sachin	https://www.airbnb.com/rooms/1624495457751963641?locale=en-US&currency=USD&check_in=2026-09-01&check_out=2026-09-06
1045628931110831557	Nomad’s Nook	$115	total	5 nights x $21.80	Entire rental unit	Entire home/apt	Panchkula, Haryana, India	4.8	51.0	2 guests	1 bedroom	1 bed	1 bath	false	Ryan	https://www.airbnb.com/rooms/1045628931110831557?locale=en-US&currency=USD&check_in=2026-09-01&check_out=2026-09-06
26105629	Neighbour’s Envy	$1,331	total	5 nights x $231.42	Private room in home	Private room	Chandigarh, India	5.0	1.0	3 bedrooms	3 king beds	Private attached bathroom		false	Amarjeet	https://www.airbnb.com/rooms/26105629?locale=en-US&currency=USD&check_in=2026-09-01&check_out=2026-09-06
1208396656310181644	CalmCocoon	$138	total	5 nights x $26.42	Private room in home	Private room	Panchkula, Haryana, India	4.95	148.0	1 bed	Private attached bathroom			true	Cheshta	https://www.airbnb.com/rooms/1208396656310181644?locale=en-US&currency=USD&check_in=2026-09-01&check_out=2026-09-06
1360158901719335091	Serenity Homes and Apartment	$798	total	5 nights x $138.60	Entire condo	Entire home/apt	Sahibzada Ajit Singh Nagar, Punjab, India	3.75	8.0	6 guests	3 bedrooms	1 bed	3 baths	false	Abhishek	https://www.airbnb.com/rooms/1360158901719335091?locale=en-US&currency=USD&check_in=2026-09-01&check_out=2026-09-06
1731856157378371651	9bhk with basement for events by Aerostays	$1,244	total	5 nights x $263.42	Entire home	Entire home/apt	Sahibzada Ajit Singh Nagar, Punjab, India			16+ guests	9 bedrooms	9 beds	9 baths	false	Shivam	https://www.airbnb.com/rooms/1731856157378371651?locale=en-US&currency=USD&check_in=2026-09-01&check_out=2026-09-06
1169304737907074754	Executive Twin Room at Pride Inn	$832	total	5 nights x $144.67	Room in hotel	Private room	Zirakpur, Punjab, India			2 guests	1 bedroom	1 bed	1 private bath	false	Sohan	https://www.airbnb.com/rooms/1169304737907074754?locale=en-US&currency=USD&check_in=2026-09-01&check_out=2026-09-06
1737651630536028497	The Sage & Sand House. Two beds, bath, T.V. lounge	$166	total	5 nights x $31.48	Entire home	Entire home/apt	Sahibzada Ajit Singh Nagar, Punjab, India	5.0	3.0	4 guests	1 bedroom	2 beds	1 bath	false	Simar	https://www.airbnb.com/rooms/1737651630536028497?locale=en-US&currency=USD&check_in=2026-09-01&check_out=2026-09-06
1742213300434009638	Pool Party & Event Farm	$750	total	5 nights x $158.47	Farm stay	Entire home/apt	Pinjaur, Haryana, India			10 guests	4 bedrooms	4 beds	1.5 baths	false	Shash	https://www.airbnb.com/rooms/1742213300434009638?locale=en-US&currency=USD&check_in=2026-09-06&check_out=2026-09-11
40319829	The Median 21	$554	total	5 nights x $110.07	Entire home	Entire home/apt	Chandigarh, India	4.87	166.0	6 guests	3 bedrooms	3 beds	3 baths	true	Karan	https://www.airbnb.com/rooms/40319829?locale=en-US&currency=USD&check_in=2026-09-01&check_out=2026-09-06
54000887	9 Bedroom Wedding Stay 25-30 guests	$1,022	total	5 nights x $173.16	Entire condo	Entire home/apt	Sahibzada Ajit Singh Nagar, Punjab, India	5.0	11.0	16+ guests	9 bedrooms	21 beds	9 baths	true	Meeta	https://www.airbnb.com/rooms/54000887?locale=en-US&currency=USD&check_in=2026-09-06&check_out=2026-09-11
1284160882991755868	Be My Guest – Artfully Curated	$446	total	5 nights x $85.52	Entire rental unit	Entire home/apt	New Chandigarh, Punjab, India	5.0	13.0	7 guests	3 bedrooms	3 beds	3 baths	false	Karishma	https://www.airbnb.com/rooms/1284160882991755868?locale=en-US&currency=USD&check_in=2026-09-01&check_out=2026-09-06
1645593357234197137	2 bhk Farmhouse with swimming pool | Zirakpur	$945	total	5 nights x $198.47	Farm stay	Entire home/apt	Sanauli, Punjab, India			10 guests	2 bedrooms	2 beds	2 baths	true	Varun	https://www.airbnb.com/rooms/1645593357234197137?locale=en-US&currency=USD&check_in=2026-09-01&check_out=2026-09-06
1078655656168872810	2BHK Cozy Abode in city center Sector 71 Mohali	$360	total	5 nights x $68.55	Entire home	Entire home/apt	Sahibzada Ajit Singh Nagar, Punjab, India	4.9	48.0	4 guests	2 bedrooms	3 beds	2 baths	true	Vikramjit	https://www.airbnb.com/rooms/1078655656168872810?locale=en-US&currency=USD&check_in=2026-09-01&check_out=2026-09-06
1558093168251320101	Antler Woods - Hornbill Suite	$1,308	total	5 nights x $227.29	Private room in bed and breakfast	Private room	Mohali, Punjab, India			1 bed	Private attached bathroom			false	Meher	https://www.airbnb.com/rooms/1558093168251320101?locale=en-US&currency=USD&check_in=2026-09-01&check_out=2026-09-06
1424485507279619647	8bhk apartment owner free	$1,029	total	5 nights x $174.40	Entire rental unit	Entire home/apt	Sahibzada Ajit Singh Nagar, Punjab, India			16+ guests	8 bedrooms	8 beds	6 baths	false	Shivam	https://www.airbnb.com/rooms/1424485507279619647?locale=en-US&currency=USD&check_in=2026-09-01&check_out=2026-09-06
1701401909110444237	luxury Stay Near Airport	$768	total	5 nights x $130.11	Entire rental unit	Entire home/apt	Sahibzada Ajit Singh Nagar, Punjab, India			6 guests	3 bedrooms	3 beds	3 baths	false	Jivanjot	https://www.airbnb.com/rooms/1701401909110444237?locale=en-US&currency=USD&check_in=2026-09-01&check_out=2026-09-06
1730406157755976203	Wedding and stay 4bhk house with lawn area	$1,007	total	5 nights x $213.24	Entire home	Entire home/apt	Sahibzada Ajit Singh Nagar, Punjab, India			8 guests	4 bedrooms	4 beds	3.5 baths	false	Shivam	https://www.airbnb.com/rooms/1730406157755976203?locale=en-US&currency=USD&check_in=2026-09-01&check_out=2026-09-06
1655981548632656509	Raahat Stays 38-3BHK Luxe| Independent Home | Lift	$594	total	5 nights x $103.13	Entire townhouse	Entire home/apt	Chandigarh, India	5.0	3.0	6 guests	3 bedrooms	4 beds	3 baths	false	Dr. Shifa Mahajan Kaushal	https://www.airbnb.com/rooms/1655981548632656509?locale=en-US&currency=USD&check_in=2026-09-01&check_out=2026-09-06
1169195036511327235	Cosy Cottage	$638	total	5 nights x $110.83	Entire condo	Entire home/apt	Chandigarh, India	4.96	23.0	7 guests	4 bedrooms	4 beds	4 baths	false	Parveen	https://www.airbnb.com/rooms/1169195036511327235?locale=en-US&currency=USD&check_in=2026-09-06&check_out=2026-09-11
978851281937672551	beutifull house for family	$1,158	total	5 nights x $243.21	Entire home	Entire home/apt	Sahibzada Ajit Singh Nagar, Punjab, India			5 guests	2 bedrooms	2 beds	1.5 baths	false	Varun	https://www.airbnb.com/rooms/978851281937672551?locale=en-US&currency=USD&check_in=2026-09-01&check_out=2026-09-06
1645161500494522756	Projector Wholehouse Ground floor Netflix & Chill	$354	total	5 nights x $67.91	Entire home	Entire home/apt	Chandigarh, India	4.82	11.0	10 guests	2 bedrooms	4 beds	3 baths	true	Lovish	https://www.airbnb.com/rooms/1645161500494522756?locale=en-US&currency=USD&check_in=2026-09-01&check_out=2026-09-06
41893758	Big Villa,  Group   stay, serviced apartment	$1,082	total	5 nights x $188.03	Entire bungalow	Entire home/apt	India			10 guests	5 bedrooms	4 baths		false	Arvind	https://www.airbnb.com/rooms/41893758?locale=en-US&currency=USD&check_in=2026-09-01&check_out=2026-09-06
947429802664877167	Rootanian Homes~Luxury Villa / Bungalow	$761	total	5 nights x $132.31	Entire bungalow	Entire home/apt	Azizpur, Punjab, India	5.0	17.0	4 guests	2 bedrooms	2 beds	3 baths	false	Naina	https://www.airbnb.com/rooms/947429802664877167?locale=en-US&currency=USD&check_in=2026-09-01&check_out=2026-09-06
1097503766290914696	Modern Studio Apt | Pool | 10 Prsn | Zirakpur 5-BR	$1,302	total	5 nights x $226.38	Private room in rental unit	Private room	Zirakpur, Punjab, India	5.0	1.0	2 guests	5 bedrooms	5 beds	11 baths	false	Anita	https://www.airbnb.com/rooms/1097503766290914696?locale=en-US&currency=USD&check_in=2026-09-01&check_out=2026-09-06
30688148	Amber pari Homestay ( 6 bedrooms )	$1,184	total	5 nights x $200.59	Entire home	Entire home/apt	New Chandigarh, Punjab, India	3.17	6.0	12 guests	8 bedrooms	9 beds	6 baths	false	Rupinder	https://www.airbnb.com/rooms/30688148?locale=en-US&currency=USD&check_in=2026-09-01&check_out=2026-09-06
1151193775674109431	Independent kothi  for short stays &Functions.	$1,138	total	5 nights x $192.76	Entire guesthouse	Entire home/apt	Sahibzada Ajit Singh Nagar, Punjab, India			8 guests	3 bedrooms	3 beds	3.5 baths	false	Sheetal	https://www.airbnb.com/rooms/1151193775674109431?locale=en-US&currency=USD&check_in=2026-09-01&check_out=2026-09-06
1567276607385380233	Secret House 6bhk by Aerostays.	$795	total	5 nights x $134.68	Entire home	Entire home/apt	Sahibzada Ajit Singh Nagar, Punjab, India			12 guests	6 bedrooms	9 beds	4 baths	false	Ani	https://www.airbnb.com/rooms/1567276607385380233?locale=en-US&currency=USD&check_in=2026-09-01&check_out=2026-09-06
1532486063136776791	6 BHK | Spacious Home | Perfect for Families	$1,331	total	5 nights x $279.70	Entire home	Entire home/apt	Sahibzada Ajit Singh Nagar, Punjab, India			16+ guests	6 bedrooms	9 beds	6 baths	true	Easy Stay	https://www.airbnb.com/rooms/1532486063136776791?locale=en-US&currency=USD&check_in=2026-11-01&check_out=2026-11-06
864911660468495690	Bristolll - Centrally located 6 BHK	$834	total	5 nights x $158.32	Entire condo	Entire home/apt	Chandigarh, India	5.0	1.0	12 guests	6 bedrooms	5 beds	4 baths	false	Shaurya	https://www.airbnb.com/rooms/864911660468495690?locale=en-US&currency=USD&check_in=2026-10-01&check_out=2026-10-06
991317593885594393	Volcastay 6bhk-max 30 guests, near airport	$1,158	total	5 nights x $201.24	Entire villa	Entire home/apt	Zirakpur, Punjab, India	5.0	3.0	16+ guests	8 bedrooms	13 beds	8 baths	false	Volcastay	https://www.airbnb.com/rooms/991317593885594393?locale=en-US&currency=USD&check_in=2026-09-01&check_out=2026-09-06
1746151858157868289	Deluxe Collection O by OYO Zirakpur	$1,316	total	5 nights x $223.03	Room in boutique hotel	Entire home/apt	Zirakpur, Punjab, India			2 guests	1 bedroom	1 bed	1 bath	false	Jaya	https://www.airbnb.com/rooms/1746151858157868289?locale=en-US&currency=USD&check_in=2026-09-01&check_out=2026-09-06
1326918290685676273	Nawab Homes6bhk villa	$929	total	5 nights x $157.42	Entire home	Entire home/apt	Sahibzada Ajit Singh Nagar, Punjab, India	3.0	2.0	14 guests	6 bedrooms	7 beds	6 baths	false	Shivam	https://www.airbnb.com/rooms/1326918290685676273?locale=en-US&currency=USD&check_in=2026-09-01&check_out=2026-09-06
1560775246180419490	SkyNest | Airport Road | Pool | Snooker | Gym	$338	total	5 nights x $64.22	Entire condo	Entire home/apt	Sahibzada Ajit Singh Nagar, Punjab, India	4.93	28.0	6 guests	3 bedrooms	3 beds	3 baths	true	Ajay	https://www.airbnb.com/rooms/1560775246180419490?locale=en-US&currency=USD&check_in=2026-09-01&check_out=2026-09-06
1732667448599980858	Luxury 9bhk with party hall	$1,370	total	5 nights x $290.16	Private room in home	Private room	Naraingarh, Punjab, India			9 bedrooms	9 beds	Private attached bathroom		false	Rahil	https://www.airbnb.com/rooms/1732667448599980858?locale=en-US&currency=USD&check_in=2026-09-01&check_out=2026-09-06
1696512020581356358	The Park Haus	$558	total	5 nights x $117.69	Entire rental unit	Entire home/apt	Panchkula, Haryana, India			6 guests	3 bedrooms	3 beds	3.5 baths	false	Pallavi	https://www.airbnb.com/rooms/1696512020581356358?locale=en-US&currency=USD&check_in=2026-09-01&check_out=2026-09-06
1584210508090066009	Japandi theme 3BHK near Chandigarh Airport	$713	total	5 nights x $120.69	Entire condo	Entire home/apt	Zirakpur, Punjab, India	5.0	12.0	6 guests	3 bedrooms	3 beds	3 baths	true	Saurabh	https://www.airbnb.com/rooms/1584210508090066009?locale=en-US&currency=USD&check_in=2026-09-01&check_out=2026-09-06
1169276121599042755	Casadura Family suite	$568	total	5 nights x $96.14	Entire home	Entire home/apt	Chandigarh, India	4.92	12.0	7 guests	3 bedrooms	3 beds	3 baths	true	Haarsh Jakhar	https://www.airbnb.com/rooms/1169276121599042755?locale=en-US&currency=USD&check_in=2026-09-01&check_out=2026-09-06
42731722	Hotel The Black Gold (Entire floor of 9 rooms)	$782	total	5 nights x $135.83	Room in hotel	Private room	Sahibzada Ajit Singh Nagar, Punjab, India			16+ guests	9 bedrooms	9 beds	9 baths	false	Prakash	https://www.airbnb.com/rooms/42731722?locale=en-US&currency=USD&check_in=2026-09-01&check_out=2026-09-06
869914867346170997	Villa with tropical garden (3 minutes Sukhna Lake)	$389	total	5 nights x $74.04	Farm stay	Entire home/apt	Chandigarh, India	4.98	96.0	4 guests	1 bedroom	2 beds	1 bath	true	Goyal’s	https://www.airbnb.com/rooms/869914867346170997?locale=en-US&currency=USD&check_in=2026-09-01&check_out=2026-09-06
997637759081768952	Red-blossom-home 2 rooms	$355	total	5 nights x $84.31	Private room in home	Private room	Panchkula, Haryana, India	5.0	2.0	2 bedrooms	2 beds	Private attached bathroom		true	Reeta	https://www.airbnb.com/rooms/997637759081768952?locale=en-US&currency=USD&check_in=2026-09-01&check_out=2026-09-06
1623655975464881806	The Sky Loft | Private Terrace Cinema | Foosball |	$339	total	5 nights x $65.02	Entire rental unit	Entire home/apt	Zirakpur, Punjab, India	4.93	15.0	6 guests	2 bedrooms	2 beds	2 baths	true	Saksham	https://www.airbnb.com/rooms/1623655975464881806?locale=en-US&currency=USD&check_in=2026-09-01&check_out=2026-09-06
1641593858057217641	6-Room Group Stay in Chandigarh | Up to14Guests	$971	total	5 nights x $205.68	Private room in bungalow	Private room	Chandigarh, India			7 bedrooms	13 beds	Dedicated bathroom		false	Gurpreet	https://www.airbnb.com/rooms/1641593858057217641?locale=en-US&currency=USD&check_in=2026-09-01&check_out=2026-09-06
703173374579691449	Red-blossom-home	$690	total	5 nights x $116.85	Private room in home	Private room	Panchkula, Punjab, India	4.67	3.0	3 bedrooms	3 double beds	Private attached bathroom		true	Reeta	https://www.airbnb.com/rooms/703173374579691449?locale=en-US&currency=USD&check_in=2026-11-17&check_out=2026-11-22
1658690996909033768	Entire luxury house 9bhk with washroom	$1,219	total	5 nights x $258.06	Entire home	Entire home/apt	Sahibzada Ajit Singh Nagar, Punjab, India			16+ guests	9 bedrooms	9 beds	9 baths	false	Rahil	https://www.airbnb.com/rooms/1658690996909033768?locale=en-US&currency=USD&check_in=2026-09-01&check_out=2026-09-06
1704212725146732254	Sehanjana | Sector 18 | 2BHK w private balcony	$358	total	5 nights x $68.04	Entire home	Entire home/apt	Chandigarh, India	5.0	3.0	4 guests	2 bedrooms	3 beds	2 baths	true	Parshada House	https://www.airbnb.com/rooms/1704212725146732254?locale=en-US&currency=USD&check_in=2026-09-01&check_out=2026-09-06
1602248483458022943	The Lumière Residences 3 BHK by MG Luxury Stays	$630	total	5 nights x $106.62	Entire rental unit	Entire home/apt	Panchkula, Haryana, India	5.0	8.0	6 guests	3 bedrooms	3 beds	3 baths	false	MG Luxury Stays	https://www.airbnb.com/rooms/1602248483458022943?locale=en-US&currency=USD&check_in=2026-09-01&check_out=2026-09-06
1668688876879832848	The Red Brick House	$332	total	5 nights x $78.91	Entire home	Entire home/apt	Panchkula, Haryana, India			4 guests	2 bedrooms	4 beds	2 baths	false	Vibhuti	https://www.airbnb.com/rooms/1668688876879832848?locale=en-US&currency=USD&check_in=2026-09-01&check_out=2026-09-06
47575185	The Second Home	$382	total	5 nights x $86.20	Entire home	Entire home/apt	Chandigarh, India	4.84	77.0	6 guests	3 bedrooms	3 beds	3 baths	true	Karan	https://www.airbnb.com/rooms/47575185?locale=en-US&currency=USD&check_in=2026-09-01&check_out=2026-09-06
909763450050788097	3 Bhk HomiStay (NO PARTY) EV Charging available	$539	total	5 nights x $91.20	Entire serviced apartment	Entire home/apt	Panchkula, Haryana, India	5.0	33.0	9 guests	3 bedrooms	3 beds	3 baths	true	Mandeep	https://www.airbnb.com/rooms/909763450050788097?locale=en-US&currency=USD&check_in=2026-09-01&check_out=2026-09-06
49693182	Executive floor-Home in City Beautiful (FF)	$359	total	5 nights x $68.22	Entire guest suite	Entire home/apt	Chandigarh, India	4.94	176.0	4 guests	2 bedrooms	2 beds	2 baths	true	Harvinder	https://www.airbnb.com/rooms/49693182?locale=en-US&currency=USD&check_in=2026-10-01&check_out=2026-10-06
1608062904501360109	Bamboo Bliss (Luxury Private Apartment)	$396	total	5 nights x $76.03	Entire rental unit	Entire home/apt	Panchkula, Punjab, India	4.53	19.0	6 guests	2 bedrooms	2 beds	2.5 baths	false	Harpreet	https://www.airbnb.com/rooms/1608062904501360109?locale=en-US&currency=USD&check_in=2026-09-01&check_out=2026-09-06
1586731733136748162	Luxury Premium Feel Family 4BHK Stay Near Airport	$527	total	5 nights x $89.20	Entire rental unit	Entire home/apt	Zirakpur, Punjab, India	5.0	14.0	8 guests	4 bedrooms	4 beds	4 baths	true	Gurveen	https://www.airbnb.com/rooms/1586731733136748162?locale=en-US&currency=USD&check_in=2026-09-01&check_out=2026-09-06
1716161173822397426	La Vie Luxe | Elegant Luxury 3BHK	$385	total	5 nights x $73.18	Entire condo	Entire home/apt	Zirakpur, Punjab, India	5.0	3.0	6 guests	3 bedrooms	3 beds	2 baths	true	Vishal	https://www.airbnb.com/rooms/1716161173822397426?locale=en-US&currency=USD&check_in=2026-09-01&check_out=2026-09-06
1696923097148360052	Luxury terrace 1BHK Sec 18 walk 2 Museums Gardens	$297	total	5 nights x $61.31	Entire home	Entire home/apt	Chandigarh, India	5.0	10.0	4 guests	1 bedroom	1 bed	1 bath	true	Parshada House	https://www.airbnb.com/rooms/1696923097148360052?locale=en-US&currency=USD&check_in=2026-09-01&check_out=2026-09-06
1757180478056063005	Luna by Casa Leora | Your Perfect Escape	$122	total	5 nights x $23.06	Entire rental unit	Entire home/apt	Zirakpur, Punjab, India	5.0	1.0	3 guests	1 bedroom	1 bed	1 bath	false	Sanveer	https://www.airbnb.com/rooms/1757180478056063005?locale=en-US&currency=USD&check_in=2026-09-05&check_out=2026-09-10
1738629609541722152	ApnaCasa presents a cozy 2BHK BnB stay.	$187	total	5 nights x $35.60	Entire rental unit	Entire home/apt	Zirakpur, Punjab, India	5.0	8.0	4 guests	2 bedrooms	2 beds	2 baths	false	Siddharth	https://www.airbnb.com/rooms/1738629609541722152?locale=en-US&currency=USD&check_in=2026-09-01&check_out=2026-09-06
1420399710609321094	The Bentley House by AB LuxeStays (Private Villa)	$269	total	5 nights x $51.57	Entire villa	Entire home/apt	Chandigarh, India	4.92	74.0	2 guests	1 bedroom	1 bed	1 bath	true	Aman	https://www.airbnb.com/rooms/1420399710609321094?locale=en-US&currency=USD&check_in=2026-10-01&check_out=2026-10-06
1282544782557272820	3bhk Gf, DLF Valley Township, Panchkula	$361	total	5 nights x $69.17	Entire condo	Entire home/apt	Panchkula, Haryana, India	4.83	6.0	6 guests	3 bedrooms	3 beds	3 baths	false	Aklavya	https://www.airbnb.com/rooms/1282544782557272820?locale=en-US&currency=USD&check_in=2026-11-18&check_out=2026-11-23
1745082574114486168	Raahat Stays 37 | Cozy 1BHK Hideaway	$211	total	5 nights x $40.46	Private room in home	Private room	Chandigarh, India	5.0	1.0	1 king bed	Private attached bathroom			false	Dr. Shifa Mahajan Kaushal	https://www.airbnb.com/rooms/1745082574114486168?locale=en-US&currency=USD&check_in=2026-09-01&check_out=2026-09-06
1746325391179942819	Aurelia by Jade Casa	$191	total	5 nights x $36.21	Entire rental unit	Entire home/apt	Zirakpur, Punjab, India	4.2	5.0	2 guests	1 bedroom	1 bed	1 bath	false	Jade Casa	https://www.airbnb.com/rooms/1746325391179942819?locale=en-US&currency=USD&check_in=2026-09-01&check_out=2026-09-06
30896310	Amber-Pari Place (5bhk on 1st & 2nd floor)	$900	total	5 nights x $152.40	Entire home	Entire home/apt	New Chandigarh, Punjab, India	4.57	7.0	10 guests	5 bedrooms	5 beds	5 baths	false	Jasmeet	https://www.airbnb.com/rooms/30896310?locale=en-US&currency=USD&check_in=2026-09-01&check_out=2026-09-06
1177400960059617750	Contemporary 2BHK : Central Chandigarh	$271	total	5 nights x $51.56	Entire home	Entire home/apt	Chandigarh, India	4.97	34.0	4 guests	2 bedrooms	2 beds	2 baths	true	Gurkirat	https://www.airbnb.com/rooms/1177400960059617750?locale=en-US&currency=USD&check_in=2026-09-10&check_out=2026-09-15
1361302213052712139	6 bhk Villa in mohali	$1,013	total	5 nights x $176.09	Entire home	Entire home/apt	Sahibzada Ajit Singh Nagar, Punjab, India	4.33	6.0	12 guests	6 bedrooms	2 beds	6 baths	true	Amrao Singh	https://www.airbnb.com/rooms/1361302213052712139?locale=en-US&currency=USD&check_in=2026-09-01&check_out=2026-09-06
1211301417853134965	La Casca Experience	$924	total	5 nights x $156.61	Farm stay	Entire home/apt	Zirakpur, Punjab, India	5.0	3.0	8 guests	2 bedrooms	2 beds	3 baths	false	Vaibhav	https://www.airbnb.com/rooms/1211301417853134965?locale=en-US&currency=USD&check_in=2026-09-01&check_out=2026-09-06
1315724948302455803	4BHK Modern home by Cama villa	$768	total	5 nights x $130.11	Entire home	Entire home/apt	Zirakpur, Punjab, India	5.0	1.0	8 guests	4 bedrooms	4 beds	3 baths	true	Sparsh	https://www.airbnb.com/rooms/1315724948302455803?locale=en-US&currency=USD&check_in=2026-09-01&check_out=2026-09-06
1147514173876075650	Cottage	$905	total	5 nights x $157.21	Room in hotel	Private room	Ishar Nagar, Haryana, India			2 guests	1 bedroom	1 bed	1 private bath	false	Vinod	https://www.airbnb.com/rooms/1147514173876075650?locale=en-US&currency=USD&check_in=2026-09-01&check_out=2026-09-06
1510129544433402472	Spacious 3BHK | Premium Stay I Self Checkin	$400	total	5 nights x $90.78	Entire condo	Entire home/apt	Zirakpur, Punjab, India	5.0	28.0	7 guests	3 bedrooms	3 beds	3 baths	false	Reet	https://www.airbnb.com/rooms/1510129544433402472?locale=en-US&currency=USD&check_in=2026-09-01&check_out=2026-09-06
1558044914190882453	Antler Woods - Room : Drongo	$945	total	5 nights x $164.16	Private room in bed and breakfast	Private room	Mohali, Punjab, India			1 bed	Private attached bathroom			false	Meher	https://www.airbnb.com/rooms/1558044914190882453?locale=en-US&currency=USD&check_in=2026-09-01&check_out=2026-09-06
1122294153337968138	JYNX Poolside Bliss,Zirakpur	$1,013	total	5 nights x $176.09	Room in hotel	Private room	Zirakpur, Punjab, India	5.0	1.0	8 guests	2 bedrooms	1 bed	2 baths	false	Kavya	https://www.airbnb.com/rooms/1122294153337968138?locale=en-US&currency=USD&check_in=2026-09-01&check_out=2026-09-06
1335301962862541061	House for families get together (6 BHK) kothi	$754	total	5 nights x $127.71	Entire home	Entire home/apt	Sahibzada Ajit Singh Nagar, Punjab, India	4.6	5.0	12 guests	6 bedrooms	6 beds	4 baths	true	Varun	https://www.airbnb.com/rooms/1335301962862541061?locale=en-US&currency=USD&check_in=2026-09-07&check_out=2026-09-12
1758237051847221411	Premium home 3bhk |Airport 5 mins|Safe parking	$450	total	5 nights x $86.28	Entire rental unit	Entire home/apt	Sahibzada Ajit Singh Nagar, Punjab, India			7 guests	3 bedrooms	3 beds	3 baths	false	Herleen	https://www.airbnb.com/rooms/1758237051847221411?locale=en-US&currency=USD&check_in=2026-09-01&check_out=2026-09-06
1519436649476430958	(BOHO Theme)3Bhk luxury apartment on Airport Road.	$597	total	5 nights x $103.76	Entire condo	Entire home/apt	Sahibzada Ajit Singh Nagar, Punjab, India	5.0	29.0	6 guests	3 bedrooms	3 beds	3 baths	true	Sakshi	https://www.airbnb.com/rooms/1519436649476430958?locale=en-US&currency=USD&check_in=2026-09-01&check_out=2026-09-06
1059321826499904546	HoneyVilla: Perfect for Poolside Parties	$868	total	5 nights x $150.93	Farm stay	Entire home/apt	Sahibzada Ajit Singh Nagar, Punjab, India	4.5	4.0	8 guests	3 bedrooms	4 beds	3 baths	false	Danish	https://www.airbnb.com/rooms/1059321826499904546?locale=en-US&currency=USD&check_in=2026-09-01&check_out=2026-09-06
1541792609318710480	AP House | Classic Modernist Residence	$710	total	5 nights x $120.33	Entire home	Entire home/apt	Chandigarh, India	5.0	9.0	6 guests	3 bedrooms	3 beds	2.5 baths	true	Eashan	https://www.airbnb.com/rooms/1541792609318710480?locale=en-US&currency=USD&check_in=2026-09-04&check_out=2026-09-09
1676722599156920200	Vista Villa - Grand Suite	$539	total	5 nights x $91.31	Private room in home	Private room	Panchkula, Haryana, India	5.0	1.0	3 bedrooms	3 king beds	Private attached bathroom		false	Salil	https://www.airbnb.com/rooms/1676722599156920200?locale=en-US&currency=USD&check_in=2026-09-01&check_out=2026-09-06
1654270266228160826	Luxe Label Skyview by SAM – Sky Luxe Penthouse	$555	total	5 nights x $94.00	Entire rental unit	Entire home/apt	Sahibzada Ajit Singh Nagar, Punjab, India	5.0	5.0	7 guests	3 bedrooms	3 beds	3 baths	false	Samridhi	https://www.airbnb.com/rooms/1654270266228160826?locale=en-US&currency=USD&check_in=2026-09-01&check_out=2026-09-06
1320802140416196884	Lavender 3BHK Independent Apartment Sector 78	$568	total	5 nights x $96.26	Entire home	Entire home/apt	Sahibzada Ajit Singh Nagar, Punjab, India	5.0	11.0	6 guests	3 bedrooms	1 bed	3 baths	true	Vikramjit	https://www.airbnb.com/rooms/1320802140416196884?locale=en-US&currency=USD&check_in=2026-09-01&check_out=2026-09-06
1746151058625013411	Saver Double Hotel Kc Royal	$1,316	total	5 nights x $223.03	Room in boutique hotel	Entire home/apt	Zirakpur, Punjab, India			2 guests	1 bedroom	1 bed	1 bath	false	Jaya	https://www.airbnb.com/rooms/1746151058625013411?locale=en-US&currency=USD&check_in=2026-09-01&check_out=2026-09-06
1685425170167145148	Wonderland 4BHK Duplex Villa | Airport Rd | Wi-Fi	$725	total	5 nights x $122.88	Entire home	Entire home/apt	Zirakpur, Punjab, India	5.0	5.0	12 guests	4 bedrooms	4 beds	4 baths	true	HarAmrit	https://www.airbnb.com/rooms/1685425170167145148?locale=en-US&currency=USD&check_in=2026-09-01&check_out=2026-09-06
1485359426568125774	Angad Farm : Rooms Swimming Pool - Lawn	$601	total	5 nights x $101.82	Farm stay	Entire home/apt	Sahibzada Ajit Singh Nagar, Punjab, India	4.5	2.0	4 guests	2 bedrooms	4 beds	2 baths	false	Nitin Dhiman	https://www.airbnb.com/rooms/1485359426568125774?locale=en-US&currency=USD&check_in=2026-09-01&check_out=2026-09-06
23209282	3BHK Home away from Home in Sector 69 Mohali	$640	total	5 nights x $108.31	Entire bungalow	Entire home/apt	Sahibzada Ajit Singh Nagar, Punjab, India	4.94	87.0	6 guests	3 bedrooms	3 beds	3 baths	true	Vikramjit	https://www.airbnb.com/rooms/23209282?locale=en-US&currency=USD&check_in=2026-09-14&check_out=2026-09-19
1549932073923107166	PS Colonel's Retreat: The Heritage Haven (5BHK)	$669	total	5 nights x $113.34	Entire bungalow	Entire home/apt	Kharar, Punjab, India	5.0	9.0	12 guests	5 bedrooms	7 beds	4 baths	false	Perfect Stays	https://www.airbnb.com/rooms/1549932073923107166?locale=en-US&currency=USD&check_in=2026-09-01&check_out=2026-09-06
1733321691165082422	Luxury 3BHK with Pool & Modern Interiors	$632	total	5 nights x $133.80	Entire rental unit	Entire home/apt	Sahibzada Ajit Singh Nagar, Punjab, India			12 guests	3 bedrooms	2 beds	3 baths	false	My Space Luxury Suites In Mohali	https://www.airbnb.com/rooms/1733321691165082422?locale=en-US&currency=USD&check_in=2026-09-01&check_out=2026-09-06
1289278120182835646	Suncatcher House	$579	total	5 nights x $100.61	Entire rental unit	Entire home/apt	Zirakpur, Punjab, India	4.7	10.0	2 guests	1 bedroom	1 bed	1 bath	false	Pritam	https://www.airbnb.com/rooms/1289278120182835646?locale=en-US&currency=USD&check_in=2027-01-17&check_out=2027-01-22
1501845936198106946	Fuly independent luxury apartment, new chandigarh	$121	total	5 nights x $22.88	Entire rental unit	Entire home/apt	Sahibzada Ajit Singh Nagar, Punjab, India	4.97	104.0	2 guests	1 bedroom	1 bed	1 bath	true	Harpreet	https://www.airbnb.com/rooms/1501845936198106946?locale=en-US&currency=USD&check_in=2026-09-12&check_out=2026-09-17
29608101	Amber Villas (With indoor fireplace & waterfall)	$633	total	5 nights x $107.22	Entire home	Entire home/apt	New Chandigarh, Punjab, India	4.5	32.0	6 guests	3 bedrooms	3 beds	2.5 baths	false	Rupinder	https://www.airbnb.com/rooms/29608101?locale=en-US&currency=USD&check_in=2026-09-01&check_out=2026-09-06
1356983420293561423	Cozy one bhk	$579	total	5 nights x $100.61	Entire rental unit	Entire home/apt	Zirakpur, Punjab, India	5.0	2.0	2 guests	1 bedroom	1 bed	1 bath	false	Pritam	https://www.airbnb.com/rooms/1356983420293561423?locale=en-US&currency=USD&check_in=2027-05-26&check_out=2027-05-31
1401466222487477299	3BHK Independent Apartment Sec78	$568	total	5 nights x $96.26	Entire rental unit	Entire home/apt	Sahibzada Ajit Singh Nagar, Punjab, India	5.0	2.0	6 guests	3 bedrooms	3 beds	3.5 baths	true	Vikramjit	https://www.airbnb.com/rooms/1401466222487477299?locale=en-US&currency=USD&check_in=2026-09-01&check_out=2026-09-06
1564983729772129378	Sant Niwas Shahpur	$626	total	5 nights x $149.99	Entire villa	Entire home/apt	Shahpur, Punjab, India			7 guests	3 bedrooms	3 beds	4 baths	false	Harry	https://www.airbnb.com/rooms/1564983729772129378?locale=en-US&currency=USD&check_in=2026-09-01&check_out=2026-09-06
1579611149041869278	Fairy Nights @ 42	$187	total	5 nights x $35.47	Private room in villa	Private room	Chandigarh, India	4.97	30.0	1 king bed	Private attached bathroom			true	Vikas Bhatia	https://www.airbnb.com/rooms/1579611149041869278?locale=en-US&currency=USD&check_in=2026-09-02&check_out=2026-09-07
1440631597835256890	Picasa - The Meliora	$579	total	5 nights x $100.62	Entire rental unit	Entire home/apt	Sahibzada Ajit Singh Nagar, Punjab, India	5.0	3.0	8 guests	3 bedrooms	3 beds	3.5 baths	true	Anubhav	https://www.airbnb.com/rooms/1440631597835256890?locale=en-US&currency=USD&check_in=2026-09-06&check_out=2026-09-11
1390629989718144958	Blissful Escape	$188	total	5 nights x $35.63	Entire home	Entire home/apt	Chandigarh, India	4.89	28.0	3 guests	1 bedroom	1 bed	1 bath	true	Madhu	https://www.airbnb.com/rooms/1390629989718144958?locale=en-US&currency=USD&check_in=2026-09-01&check_out=2026-09-06
20812755	Chobara707– A Royal Rooftop Escape in the Tricity.	$195	total	5 nights x $37.14	Entire home	Entire home/apt	Sahibzada Ajit Singh Nagar, Punjab, India	4.96	55.0	4 guests	1 bedroom	1 bed	1 bath	true	Vikki	https://www.airbnb.com/rooms/20812755?locale=en-US&currency=USD&check_in=2026-09-05&check_out=2026-09-10
45498556	StayVista @Brickwood Hill w/ Outdoor Pool, Jacuzzi	$682	total	5 nights x $115.44	Private room in villa	Private room	Karoran, Punjab, India			1 king bed	Shared bathroom			false	Ankita Sheth	https://www.airbnb.com/rooms/45498556?locale=en-US&currency=USD&check_in=2026-09-01&check_out=2026-09-06
1730897234286834516	6 bedrooms with 3 halls and 3 kitchen	$607	total	5 nights x $102.73	Entire home	Entire home/apt	Sahibzada Ajit Singh Nagar, Punjab, India			12 guests	6 bedrooms	6 beds	6 baths	true	Rajesh	https://www.airbnb.com/rooms/1730897234286834516?locale=en-US&currency=USD&check_in=2026-09-01&check_out=2026-09-06
1286011237449629398	1 BHK - Cozy Nest near Fortis	$609	total	5 nights x $103.16	Room in hotel	Private room	Sahibzada Ajit Singh Nagar, Chandigarh, India			2 guests	1 bedroom	1 bed	1 private bath	false	Priyaranjan	https://www.airbnb.com/rooms/1286011237449629398?locale=en-US&currency=USD&check_in=2026-09-01&check_out=2026-09-06
1722470739561201820	Spacious 3BHK | Luxury Stay | near Airport	$363	total	5 nights x $69.01	Entire rental unit	Entire home/apt	Zirakpur, Punjab, India	5.0	1.0	6 guests	3 bedrooms	3 beds	3 baths	true	Gurveen	https://www.airbnb.com/rooms/1722470739561201820?locale=en-US&currency=USD&check_in=2026-09-01&check_out=2026-09-06
1569592573893927879	The Grand suites • 4BR Suite + Private Terrace	$579	total	5 nights x $108.91	Entire home	Entire home/apt	Panchkula, Punjab, India	5.0	1.0	16+ guests	4 bedrooms	4 beds	4 baths	false	Navjot	https://www.airbnb.com/rooms/1569592573893927879?locale=en-US&currency=USD&check_in=2026-09-01&check_out=2026-09-06
1701459061928030444	Comfortable 4BHK Stay for Families & Groups	$637	total	5 nights x $134.92	Entire home	Entire home/apt	Panchkula, Haryana, India			10 guests	4 bedrooms	4 beds	4 baths	false	Ajay	https://www.airbnb.com/rooms/1701459061928030444?locale=en-US&currency=USD&check_in=2026-09-01&check_out=2026-09-06
1746151592364504802	Classic Zirakpur Patiala Road Anvay	$1,316	total	5 nights x $223.03	Room in boutique hotel	Entire home/apt	Zirakpur, Punjab, India			2 guests	1 bedroom	1 bed	1 bath	false	Jaya	https://www.airbnb.com/rooms/1746151592364504802?locale=en-US&currency=USD&check_in=2026-09-01&check_out=2026-09-06
1633049592033435686	Casa Aura - Ivory - Luxury Home stays	$682	total	5 nights x $115.44	Entire condo	Entire home/apt	Panchkula, Haryana, India	5.0	1.0	7 guests	4 bedrooms	4 beds	4 baths	false	Pragya	https://www.airbnb.com/rooms/1633049592033435686?locale=en-US&currency=USD&check_in=2026-09-01&check_out=2026-09-06
1292066973708913763	Nawab’s Villa by Aerogreen Homestays	$996	total	5 nights x $168.66	Entire home	Entire home/apt	Sahibzada Ajit Singh Nagar, Punjab, India	5.0	2.0	14 guests	6 bedrooms	12 beds	6 baths	false	Shivam	https://www.airbnb.com/rooms/1292066973708913763?locale=en-US&currency=USD&check_in=2026-09-01&check_out=2026-09-06
1652830584002430110	Best place for family and friends to enjoy	$1,135	total	5 nights x $238.35	Entire home	Entire home/apt	Sahibzada Ajit Singh Nagar, Punjab, India			16+ guests	9 bedrooms	9 beds	9 baths	false	Taman Deep	https://www.airbnb.com/rooms/1652830584002430110?locale=en-US&currency=USD&check_in=2026-09-01&check_out=2026-09-06
1393895949751841174	Primrose Cottage 3BHK Independent Apartment Sec 78	$568	total	5 nights x $96.26	Entire home	Entire home/apt	Sahibzada Ajit Singh Nagar, Punjab, India	4.86	7.0	6 guests	3 bedrooms	3 beds	3.5 baths	true	Vikramjit	https://www.airbnb.com/rooms/1393895949751841174?locale=en-US&currency=USD&check_in=2026-09-01&check_out=2026-09-06
1746181484480599449	Classic Hotel Kc Royal	$1,316	total	5 nights x $223.03	Room in boutique hotel	Entire home/apt	Zirakpur, Punjab, India			2 guests	1 bedroom	1 bed	1 bath	false	Jaya	https://www.airbnb.com/rooms/1746181484480599449?locale=en-US&currency=USD&check_in=2026-09-01&check_out=2026-09-06
671454296123201186	Deluxe Room in Bakarpur	$929	total	5 nights x $157.42	Room in hotel	Private room	Sahibzada Ajit Singh Nagar, Punjab, India			2 guests	1 bedroom	1 bed	1 private bath	false	Mohinder	https://www.airbnb.com/rooms/671454296123201186?locale=en-US&currency=USD&check_in=2026-09-01&check_out=2026-09-06
1746211525709505640	Saver Double Zirakpur Patiala Anvay	$1,316	total	5 nights x $223.03	Room in boutique hotel	Entire home/apt	Zirakpur, Punjab, India			2 guests	1 bedroom	1 bed	1 bath	false	Jaya	https://www.airbnb.com/rooms/1746211525709505640?locale=en-US&currency=USD&check_in=2026-10-11&check_out=2026-10-16
1044596296795155031	Luxurious Private Villa - 5 BHK with Terrace	$1,071	total	5 nights x $186.13	Entire home	Entire home/apt	Zirakpur, Punjab, India	4.95	21.0	10 guests	5 bedrooms	5 beds	5 baths	false	Manisha	https://www.airbnb.com/rooms/1044596296795155031?locale=en-US&currency=USD&check_in=2026-09-01&check_out=2026-09-06
1746211628811338441	Deluxe Room Zirakpur - Patiala Anvay	$1,316	total	5 nights x $223.03	Room in boutique hotel	Entire home/apt	Zirakpur, Punjab, India			2 guests	1 bedroom	1 bed	1 bath	false	Jaya	https://www.airbnb.com/rooms/1746211628811338441?locale=en-US&currency=USD&check_in=2026-09-01&check_out=2026-09-06
1587496905050590384	Anliya’s farmhouse	$1,209	total	5 nights x $204.79	Farm stay	Entire home/apt	Sahibzada Ajit Singh Nagar, Punjab, India			16+ guests	4 bedrooms	4 beds	4 baths	false	Saliya	https://www.airbnb.com/rooms/1587496905050590384?locale=en-US&currency=USD&check_in=2026-09-01&check_out=2026-09-06
1597854746393897988	It City Luxe Home Stay | 1000 sq yd Villa| 4 BHK	$1,028	total	5 nights x $217.45	Entire villa	Entire home/apt	Mohali, punjab, India			10 guests	4 bedrooms	5 beds	4 baths	true	Punam	https://www.airbnb.com/rooms/1597854746393897988?locale=en-US&currency=USD&check_in=2026-09-01&check_out=2026-09-06
1054255469046414206	Musafir Farms	$853	total	5 nights x $144.56	Farm stay	Entire home/apt	Zirakpur, Punjab, India			12 guests	3 bedrooms	2 baths		false	Pratham	https://www.airbnb.com/rooms/1054255469046414206?locale=en-US&currency=USD&check_in=2026-09-01&check_out=2026-09-06
1211467791215350349	Hidden Treasure 7bhk By Aerostays	$860	total	5 nights x $145.76	Entire rental unit	Entire home/apt	Zirakpur, Punjab, India	4.0	4.0	16+ guests	7 bedrooms	8 beds	6 baths	false	Ani	https://www.airbnb.com/rooms/1211467791215350349?locale=en-US&currency=USD&check_in=2026-09-01&check_out=2026-09-06
1395546705114381714	Home Stays	$868	total	5 nights x $182.41	Entire home	Entire home/apt	New Chandigarh, Punjab, India			6 guests	3 bedrooms	3 beds	3 baths	false	Vikas Sahgal	https://www.airbnb.com/rooms/1395546705114381714?locale=en-US&currency=USD&check_in=2026-09-01&check_out=2026-09-06
671459713103338228	Superior Room in Bakarpur	$991	total	5 nights x $167.92	Room in hotel	Private room	Sahibzada Ajit Singh Nagar, Punjab, India			2 guests	1 bedroom	1 bed	1 private bath	false	Mohinder	https://www.airbnb.com/rooms/671459713103338228?locale=en-US&currency=USD&check_in=2026-09-01&check_out=2026-09-06
1011278170040464268	Kothi on Rent for Groupstays and Wedding Guests.	$1,138	total	5 nights x $192.76	Entire villa	Entire home/apt	Sahibzada Ajit Singh Nagar, Punjab, India			10 guests	3 bedrooms	4 beds	3.5 baths	false	Sheetal	https://www.airbnb.com/rooms/1011278170040464268?locale=en-US&currency=USD&check_in=2026-09-01&check_out=2026-09-06
1586692652446914689	Sukoon Villa • 4BR+4.5 Bath Home Near Sukhna Lake	$1,145	total	5 nights x $193.98	Entire home	Entire home/apt	Chandigarh, India			10 guests	4 bedrooms	4 beds	4.5 baths	true	Sukoon Villa	https://www.airbnb.com/rooms/1586692652446914689?locale=en-US&currency=USD&check_in=2026-10-04&check_out=2026-10-09
1444976361389370225	Hill Gateway Luxe Club | Pool Paradise | Zirakpur	$683	total	5 nights x $115.63	Room in boutique hotel	Entire home/apt	Zirakpur, Punjab, India			2 guests	1 bedroom	1 bed	1 bath	false	Emma	https://www.airbnb.com/rooms/1444976361389370225?locale=en-US&currency=USD&check_in=2026-09-01&check_out=2026-09-06
1147532424386873471	Family Suite	$868	total	5 nights x $150.93	Room in hotel	Private room	Ishar Nagar, Haryana, India			4 guests	1 bedroom	1 bed	1 bath	false	Vinod	https://www.airbnb.com/rooms/1147532424386873471?locale=en-US&currency=USD&check_in=2026-09-01&check_out=2026-09-06
1743213740557195797	6BHK House in Mohali	$796	total	5 nights x $138.35	Entire home	Entire home/apt	Sahibzada Ajit Singh Nagar, Punjab, India			12 guests	6 bedrooms	6 beds	6 baths	false	Gunveer Sandhu	https://www.airbnb.com/rooms/1743213740557195797?locale=en-US&currency=USD&check_in=2026-09-01&check_out=2026-09-06
28407420	Hillview Penthouse - Roof Swimming Pool & BBQ	$612	total	5 nights x $103.71	Entire condo	Entire home/apt	Zirakpur, Punjab, India	4.86	56.0	10 guests	3 bedrooms	6 beds	4 baths	false	Sarita	https://www.airbnb.com/rooms/28407420?locale=en-US&currency=USD&check_in=2026-09-01&check_out=2026-09-06
1717416049250636121	The Kutir | Studio | Private | Secure	$123	total	5 nights x $23.37	Entire rental unit	Entire home/apt	Zirakpur, Punjab, India	5.0	16.0	2 guests	1 bedroom	1 bed	1 bath	true	Aman	https://www.airbnb.com/rooms/1717416049250636121?locale=en-US&currency=USD&check_in=2026-09-07&check_out=2026-09-12
1560534783212691780	'The Outpost 1' getaway to relax in City Beautiful	$112	total	5 nights x $21.21	Private room in condo	Private room	Chandigarh, India	4.98	43.0	1 bed	Private attached bathroom			true	Rita	https://www.airbnb.com/rooms/1560534783212691780?locale=en-US&currency=USD&check_in=2026-09-01&check_out=2026-09-06
1286189606754612852	Bedroom & Kitchen - Walk Mall Serenity Spot	$587	total	5 nights x $99.49	Room in hotel	Private room	Sahibzada Ajit Singh Nagar, Chandigarh, India			2 guests	1 bedroom	1 bed	1 private bath	false	Priyaranjan	https://www.airbnb.com/rooms/1286189606754612852?locale=en-US&currency=USD&check_in=2026-09-01&check_out=2026-09-06
1252426483948164549	Luxury Room 2 with Ensuite in Sec 34D Chandigarh	$143	total	5 nights x $30.12	Private room in home	Private room	Chandigarh, India	4.86	56.0	1 king bed	Private attached bathroom			true	Ravi	https://www.airbnb.com/rooms/1252426483948164549?locale=en-US&currency=USD&check_in=2026-09-01&check_out=2026-09-06
12691982	RetroRoom (228 truths)	$116	total	5 nights x $22.04	Private room in home	Private room	Chandigarh, Union Territory, India	4.77	240.0	1 sofa bed	Shared bathroom			true	Anuraag	https://www.airbnb.com/rooms/12691982?locale=en-US&currency=USD&check_in=2026-09-01&check_out=2026-09-06
1289018862349107285	Discover Your Perfect Stay	$105	total	5 nights x $20.12	Entire condo	Entire home/apt	Chandigarh, India	4.92	117.0	3 guests	1 bedroom	1 bed	1.5 baths	true	Karan	https://www.airbnb.com/rooms/1289018862349107285?locale=en-US&currency=USD&check_in=2026-10-01&check_out=2026-10-06
1176366577352628509	Modern Stay: Central Chandigarh	$125	total	5 nights x $23.73	Private room in home	Private room	Chandigarh, India	4.96	75.0	1 double bed	Private attached bathroom			true	Gurkirat	https://www.airbnb.com/rooms/1176366577352628509?locale=en-US&currency=USD&check_in=2026-09-08&check_out=2026-09-13
1756702375913549799	Flippy Escapes BOHO Theme/HighRise/1BHK/Luxury/Apt	$102	total	5 nights x $19.34	Entire rental unit	Entire home/apt	Zirakpur, Punjab, India	5.0	1.0	3 guests	1 bedroom	1 bed	1 bath	true	Ruppal	https://www.airbnb.com/rooms/1756702375913549799?locale=en-US&currency=USD&check_in=2026-09-01&check_out=2026-09-06
1141142053369089402	Sweet Home Near Lake@Ff#80/8 Chandigarh	$127	total	5 nights x $24.16	Private room in bungalow	Private room	Chandigarh, India	4.89	28.0	1 double bed	Private attached bathroom			true	Divye	https://www.airbnb.com/rooms/1141142053369089402?locale=en-US&currency=USD&check_in=2026-09-01&check_out=2026-09-06
1685684894787230139	Happy place	$654	total	5 nights x $110.83	Entire home	Entire home/apt	Panchkula, Haryana, India			10 guests	4 bedrooms	4 beds	4 baths	false	Akshay Sharma	https://www.airbnb.com/rooms/1685684894787230139?locale=en-US&currency=USD&check_in=2026-09-01&check_out=2026-09-06
1386740147120546198	Parkview 33Cozy Bedroom with an attached kitchen	$152	total	5 nights x $28.91	Private room in home	Private room	Chandigarh, India	4.9	30.0	1 queen bed	Private attached bathroom			true	Zorawar	https://www.airbnb.com/rooms/1386740147120546198?locale=en-US&currency=USD&check_in=2026-09-01&check_out=2026-09-06
1505740104853792682	The Cerro Rico | 3 BHK Premium Apartment	$713	total	5 nights x $120.69	Private room in rental unit	Private room	Panchkula, Haryana, India			3 bedrooms	1 bed	Dedicated bathroom		false	Shveta	https://www.airbnb.com/rooms/1505740104853792682?locale=en-US&currency=USD&check_in=2026-09-01&check_out=2026-09-06
1187650795072203693	# Farm Stay @ Falcon green	$724	total	5 nights x $125.78	Farm stay	Entire home/apt	Chudiala, Punjab, India	5.0	2.0	4 guests	2 bedrooms	4 beds	2 baths	false	Vikram	https://www.airbnb.com/rooms/1187650795072203693?locale=en-US&currency=USD&check_in=2026-09-01&check_out=2026-09-06
1639580295057055917	Riverside 2bhk Party Farm|No Music Limits|pool+BBQ	$688	total	5 nights x $119.49	Farm stay	Entire home/apt	Panchkula, Haryana, India	3.67	3.0	16+ guests	2 bedrooms	2 beds	2 baths	false	Volcastay	https://www.airbnb.com/rooms/1639580295057055917?locale=en-US&currency=USD&check_in=2026-09-01&check_out=2026-09-06
786167135653344645	Centrally located private park facing room to relx	$117	total	5 nights x $22.28	Private room in home	Private room	Chandigarh, India	4.96	163.0	1 queen bed	Private attached bathroom			true	Paramjit	https://www.airbnb.com/rooms/786167135653344645?locale=en-US&currency=USD&check_in=2026-09-08&check_out=2026-09-13
801921084692571959	Standard Suite | Anchorage 42	$359	total	5 nights x $68.22	Private room in bed and breakfast	Private room	Chandigarh, India	5.0	11.0	1 bed	Private attached bathroom			true	Inderpreet Singh	https://www.airbnb.com/rooms/801921084692571959?locale=en-US&currency=USD&check_in=2026-09-06&check_out=2026-09-11
745586121330024247	3 rooms spacious private balcony and kitchen	$487	total	5 nights x $93.32	Entire rental unit	Entire home/apt	Chandigarh, India	4.88	25.0	6 guests	3 bedrooms	3 beds	3 baths	true	Sunalini	https://www.airbnb.com/rooms/745586121330024247?locale=en-US&currency=USD&check_in=2026-09-01&check_out=2026-09-06
1099526806909798364	Kamz Homestay Chandigarh 35	$451	total	5 nights x $86.45	Entire condo	Entire home/apt	Chandigarh, India	4.83	63.0	6 guests	3 bedrooms	3 beds	3 baths	true	Kuldeep	https://www.airbnb.com/rooms/1099526806909798364?locale=en-US&currency=USD&check_in=2027-01-01&check_out=2027-01-06
1570112476752866818	Sunlit Peaceful Ground Floor Room	$193	total	5 nights x $36.73	Private room in home	Private room	Chandigarh, India	5.0	6.0	1 bed	Private attached bathroom			true	Kiran	https://www.airbnb.com/rooms/1570112476752866818?locale=en-US&currency=USD&check_in=2026-09-01&check_out=2026-09-06
1746150969882838289	Deluxe Hotel Kc Royal	$1,316	total	5 nights x $223.03	Room in boutique hotel	Entire home/apt	Zirakpur, Punjab, India			2 guests	1 bedroom	1 bed	1 bath	false	Jaya	https://www.airbnb.com/rooms/1746150969882838289?locale=en-US&currency=USD&check_in=2026-09-01&check_out=2026-09-06
1645774563969871568	Luxury Room 5 with Ensuite in Sector 34 Chandigarh	$143	total	5 nights x $30.12	Private room in home	Private room	Chandigarh, India	4.88	17.0	1 king bed	Private attached bathroom			true	Ravi	https://www.airbnb.com/rooms/1645774563969871568?locale=en-US&currency=USD&check_in=2026-09-01&check_out=2026-09-06
857596085304916512	Skyview Retreat - close to Chandigarh Airport	$341	total	5 nights x $65.40	Entire condo	Entire home/apt	Sahibzada Ajit Singh Nagar, Punjab, India	4.95	19.0	3 guests	2 bedrooms	2 beds	1 bath	false	Harprit	https://www.airbnb.com/rooms/857596085304916512?locale=en-US&currency=USD&check_in=2026-09-01&check_out=2026-09-06
1179371114872566495	Ginger Garlic	$876	total	5 nights x $183.67	Entire villa	Entire home/apt	Sahibzada Ajit Singh Nagar, Punjab, India			15 guests	1 bedroom	1 bed	1 bath	false	Rajnish	https://www.airbnb.com/rooms/1179371114872566495?locale=en-US&currency=USD&check_in=2026-09-01&check_out=2026-09-06
1181311843994969662	Next 2 – Oasis @ Vohra's Mansion Homestay	$89	total	5 nights x $16.78	Private room in home	Private room	Panchkula, Haryana, India	4.92	62.0	1 king bed	Private attached bathroom			true	Anuj	https://www.airbnb.com/rooms/1181311843994969662?locale=en-US&currency=USD&check_in=2026-09-02&check_out=2026-09-07
1578864424629879300	Raahat stays 37- 2BHK Modern Luxe Private Floor	$389	total	5 nights x $74.58	Private room in home	Private room	Chandigarh, India	4.84	25.0	2 bedrooms	2 double beds	Private attached bathroom		false	Dr. Shifa Mahajan Kaushal	https://www.airbnb.com/rooms/1578864424629879300?locale=en-US&currency=USD&check_in=2026-09-01&check_out=2026-09-06
1404147346611865414	Luxury 3BHK I PetOKI AC-Kitchen-Balcony-Netflix-CarPark	$514	total	5 nights x $87.08	Entire condo	Entire home/apt	Sahibzada Ajit Singh Nagar, Punjab, India	4.97	104.0	8 guests	3 bedrooms	6 beds	3 baths	true	Sukhmeet Singh	https://www.airbnb.com/rooms/1404147346611865414?locale=en-US&currency=USD&check_in=2026-09-11&check_out=2026-09-16
1131004518399902315	The Casa Bella - Sector 10	$617	total	5 nights x $122.67	Entire home	Entire home/apt	Chandigarh, India	4.75	8.0	6 guests	3 bedrooms	3 baths		true	Karan	https://www.airbnb.com/rooms/1131004518399902315?locale=en-US&currency=USD&check_in=2026-09-01&check_out=2026-09-06
825856952459860379	Ahluwalia Farms	$1,299	total	5 nights x $225.82	Farm stay	Entire home/apt	Panchkula, Chandigarh, India			8 guests	2 bedrooms	2 beds	3 baths	false	Mannat	https://www.airbnb.com/rooms/825856952459860379?locale=en-US&currency=USD&check_in=2026-09-01&check_out=2026-09-06
1404833952470369884	UMRAO’s Villa | Home Theatre | lawn	$325	total	5 nights x $62.38	Entire villa	Entire home/apt	Sahibzada Ajit Singh Nagar, Punjab, India	4.91	53.0	5 guests	2 bedrooms	2 beds	2 baths	true	Amrao Singh	https://www.airbnb.com/rooms/1404833952470369884?locale=en-US&currency=USD&check_in=2026-09-01&check_out=2026-09-06
1498498500496753178	Urban Solace	$180	total	5 nights x $34.53	Entire rental unit	Entire home/apt	Sahibzada Ajit Singh Nagar, Punjab, India	4.86	14.0	2 guests	1 bedroom	1 bed	1 bath	false	Sohil	https://www.airbnb.com/rooms/1498498500496753178?locale=en-US&currency=USD&check_in=2026-09-01&check_out=2026-09-06
1204215111494236072	The Emerald Chapter | 1 BHK	$198	total	5 nights x $37.85	Entire rental unit	Entire home/apt	Sahibzada Ajit Singh Nagar, Punjab, India	4.99	140.0	3 guests	1 bedroom	1 bed	1 bath	true	Jasmeet	https://www.airbnb.com/rooms/1204215111494236072?locale=en-US&currency=USD&check_in=2026-09-05&check_out=2026-09-10
1357142696540548482	Jade Manor Second Floor	$372	total	5 nights x $70.84	Entire villa	Entire home/apt	Zirakpur, Punjab, India	5.0	2.0	3 guests	1 bedroom	1 bed	1.5 baths	false	RRK And Company	https://www.airbnb.com/rooms/1357142696540548482?locale=en-US&currency=USD&check_in=2026-09-07&check_out=2026-09-12
1741380295595726849	1BHK Entire apartment by GoldenNest	$83	total	5 nights x $15.73	Entire rental unit	Entire home/apt	Sahibzada Ajit Singh Nagar, Punjab, India	5.0	5.0	2 guests	1 bedroom	1 bed	1 bath	false	Kunal	https://www.airbnb.com/rooms/1741380295595726849?locale=en-US&currency=USD&check_in=2026-09-01&check_out=2026-09-06
1707391311856930374	Casa Brown|Self check in|Cozy stay|Couple Friendly	$133	total	5 nights x $25.23	Entire rental unit	Entire home/apt	Chandigarh, India	4.95	22.0	3 guests	1 bedroom	1 bed	1 bath	false	Deepanshu	https://www.airbnb.com/rooms/1707391311856930374?locale=en-US&currency=USD&check_in=2026-09-09&check_out=2026-09-14
669171853470037494	Ultra Modern full 2 BHK in heart of Mohali	$209	total	5 nights x $39.75	Entire rental unit	Entire home/apt	Sahibzada Ajit Singh Nagar, Punjab, India	5.0	5.0	4 guests	2 bedrooms	2 beds	3 baths	false	Jatin	https://www.airbnb.com/rooms/669171853470037494?locale=en-US&currency=USD&check_in=2026-09-01&check_out=2026-09-06
1558090440601135692	Antler Woods - Room : Jungle Fowl	$945	total	5 nights x $164.16	Private room in bed and breakfast	Private room	Mohali, Punjab, India			1 bed	Private attached bathroom			false	Meher	https://www.airbnb.com/rooms/1558090440601135692?locale=en-US&currency=USD&check_in=2026-09-01&check_out=2026-09-06
1542835153490553049	The Wedding Villa	$1,379	total	5 nights x $233.72	Entire home	Entire home/apt	Panchkula, Haryana, India			12 guests	4 bedrooms	4 beds	4 baths	false	Sunita Jain	https://www.airbnb.com/rooms/1542835153490553049?locale=en-US&currency=USD&check_in=2026-09-01&check_out=2026-09-06
1059987660895027319	Independent Room 1	$160	total	5 nights x $30.33	Private room in home	Private room	Chandigarh, India	4.92	66.0	1 king bed	Dedicated bathroom			true	Madhu	https://www.airbnb.com/rooms/1059987660895027319?locale=en-US&currency=USD&check_in=2026-09-01&check_out=2026-09-06
1702275641627862399	elegant	$176	total	5 nights x $33.70	Entire rental unit	Entire home/apt	Sahibzada Ajit Singh Nagar, Punjab, India	5.0	3.0	2 guests	1 bedroom	1 bed	1 bath	false	Nareet Kanwar	https://www.airbnb.com/rooms/1702275641627862399?locale=en-US&currency=USD&check_in=2026-09-01&check_out=2026-09-06
1417191160305818475	Serene Villa 36 | Private Independent Suite	$131	total	5 nights x $26.23	Private room in villa	Private room	Chandigarh, India	4.89	44.0	1 king bed	Private attached bathroom			true	Khushboo	https://www.airbnb.com/rooms/1417191160305818475?locale=en-US&currency=USD&check_in=2026-09-06&check_out=2026-09-11
1739785714330314184	Negi Lodge - Female Dormitory room	$620	total	5 nights x $104.94	Room in hotel	Private room	Chandigarh, India			1 bed	Private attached bathroom			false	Hishey	https://www.airbnb.com/rooms/1739785714330314184?locale=en-US&currency=USD&check_in=2026-09-06&check_out=2026-09-11
1683545898797655182	The Corner House - where happiness meets comfort	$882	total	5 nights x $153.35	Entire home	Entire home/apt	Zirakpur, Punjab, India			8 guests	4 bedrooms	5 beds	6 baths	true	RN Casa	https://www.airbnb.com/rooms/1683545898797655182?locale=en-US&currency=USD&check_in=2026-09-01&check_out=2026-09-06
1704509275522303358	Elite Getaway: Luxury 3BHK Penthouse	$1,143	total	5 nights x $193.61	Entire rental unit	Entire home/apt	Singhpura, Punjab, India			10 guests	3 bedrooms	3 beds	3 baths	false	Neha	https://www.airbnb.com/rooms/1704509275522303358?locale=en-US&currency=USD&check_in=2026-09-01&check_out=2026-09-06
1674669780569806852	Estate Style FarmStay | Lawn & Pool | 3BR Retreat	$967	total	5 nights x $168.07	Farm stay	Entire home/apt	Sahibzada Ajit Singh Nagar, Punjab, India			6 guests	3 bedrooms	2 beds	3 baths	false	Aditi	https://www.airbnb.com/rooms/1674669780569806852?locale=en-US&currency=USD&check_in=2026-09-01&check_out=2026-09-06
1541264529418681064	8 BHK | Perfect for Family & Wedding Stays	$1,389	total	5 nights x $241.36	Entire home	Entire home/apt	Sahibzada Ajit Singh Nagar, Punjab, India	5.0	1.0	16+ guests	9 bedrooms	16 beds	6 baths	true	Easy Stay	https://www.airbnb.com/rooms/1541264529418681064?locale=en-US&currency=USD&check_in=2026-09-07&check_out=2026-09-12
1532481279388561460	6BHK | Luxury Modern Home | Family Getaway	$879	total	5 nights x $152.84	Entire home	Entire home/apt	Sahibzada Ajit Singh Nagar, Punjab, India	5.0	4.0	12 guests	6 bedrooms	6 beds	4 baths	true	Easy Stay	https://www.airbnb.com/rooms/1532481279388561460?locale=en-US&currency=USD&check_in=2026-09-07&check_out=2026-09-12
1169225089072611345	Executive Room at Pride Inn	$832	total	5 nights x $144.67	Room in hotel	Private room	Zirakpur, Punjab, India			3 guests	1 bedroom	1 bed	1 private bath	false	Sohan	https://www.airbnb.com/rooms/1169225089072611345?locale=en-US&currency=USD&check_in=2026-09-01&check_out=2026-09-06
1728874729857292343	Cozy Cove	$758	total	5 nights x $160.57	Entire home	Entire home/apt	Mullanpur Garib Dass, Punjab, India			16+ guests	9 bedrooms	9 beds	9 baths	true	Attarpreet	https://www.airbnb.com/rooms/1728874729857292343?locale=en-US&currency=USD&check_in=2026-09-04&check_out=2026-09-09
1646077069620824737	Luxury 3BHK SF in Sector 34 D Chandigarh	$465	total	5 nights x $78.77	Entire home	Entire home/apt	Chandigarh, India	4.83	12.0	6 guests	3 bedrooms	3 beds	3 baths	true	Ravi	https://www.airbnb.com/rooms/1646077069620824737?locale=en-US&currency=USD&check_in=2026-09-01&check_out=2026-09-06
1444976648977279019	Wellness Stay w/ Pool & GYM–Zirakpur Hill Gateway	$984	total	5 nights x $166.76	Room in boutique hotel	Entire home/apt	Zirakpur, Punjab, India			2 guests	1 bedroom	1 bed	1 bath	false	Emma	https://www.airbnb.com/rooms/1444976648977279019?locale=en-US&currency=USD&check_in=2026-09-01&check_out=2026-09-06
1498446049016517671	Las Vegas By Aerostays	$880	total	5 nights x $149.10	Entire home	Entire home/apt	Sahibzada Ajit Singh Nagar, Punjab, India	5.0	2.0	12 guests	6 bedrooms	6 beds	6 baths	false	Ani	https://www.airbnb.com/rooms/1498446049016517671?locale=en-US&currency=USD&check_in=2026-09-01&check_out=2026-09-06
1295335842110602895	Knittle Stays - Cozy 2 Bed 2 Bath Sector 69 Mohali	$359	total	5 nights x $68.22	Entire home	Entire home/apt	Sahibzada Ajit Singh Nagar, Punjab, India	4.93	14.0	5 guests	2 bedrooms	2 beds	2 baths	false	Faryaad Singh	https://www.airbnb.com/rooms/1295335842110602895?locale=en-US&currency=USD&check_in=2026-09-01&check_out=2026-09-06
1201985043276844999	Bhagya Homestay- Mohali's Best	$353	total	5 nights x $67.21	Entire villa	Entire home/apt	Sahibzada Ajit Singh Nagar, Punjab, India	4.85	55.0	4 guests	2 bedrooms	2 beds	2 baths	false	Neeraj	https://www.airbnb.com/rooms/1201985043276844999?locale=en-US&currency=USD&check_in=2026-09-01&check_out=2026-09-06
1588156808359653544	'The Outpost' a place to chill in City Beautiful	$127	total	5 nights x $24.14	Private room in condo	Private room	Chandigarh, India	5.0	33.0	1 queen bed	Dedicated bathroom			true	Rita	https://www.airbnb.com/rooms/1588156808359653544?locale=en-US&currency=USD&check_in=2026-09-05&check_out=2026-09-10
31936268	Ālaya |The luxury of coming home | 2BR with patio	$294	total	5 nights x $55.83	Entire home	Entire home/apt	Chandigarh, India	4.79	244.0	4 guests	2 bedrooms	2 beds	1 bath	true	Sanya	https://www.airbnb.com/rooms/31936268?locale=en-US&currency=USD&check_in=2026-09-01&check_out=2026-09-06
1115787637745165710	COLONEL's  HomeStay	$94	total	5 nights x $17.76	Private room in bed and breakfast	Private room	Sahibzada Ajit Singh Nagar, Punjab, India	4.86	77.0	1 double bed	Private attached bathroom			true	Saumya	https://www.airbnb.com/rooms/1115787637745165710?locale=en-US&currency=USD&check_in=2026-09-01&check_out=2026-09-06
52069137	Bright stylish 1 room in Heart of City-Chandigarh	$140	total	5 nights x $26.79	Private room in home	Private room	Chandigarh, India	4.91	246.0	1 double bed	Private attached bathroom			false	Babee	https://www.airbnb.com/rooms/52069137?locale=en-US&currency=USD&check_in=2026-09-01&check_out=2026-09-06
47267406	Villa 5, Mohali-spacious & well maintained	$868	total	5 nights x $150.93	Entire villa	Entire home/apt	Sahibzada Ajit Singh Nagar, Punjab, India	4.65	55.0	15 guests	5 bedrooms	5 beds	5 baths	true	Sunil	https://www.airbnb.com/rooms/47267406?locale=en-US&currency=USD&check_in=2026-09-01&check_out=2026-09-06
600483538041013381	Nido Blue | Modern 2-Bedroom Apartment	$386	total	5 nights x $73.46	Entire condo	Entire home/apt	Chandigarh, India	4.92	13.0	4 guests	2 bedrooms	2 beds	2 baths	true	Navneet	https://www.airbnb.com/rooms/600483538041013381?locale=en-US&currency=USD&check_in=2026-09-01&check_out=2026-09-06
1687778660744201850	Relax Pad -Cozy Terrace, Feel like home	$75	total	5 nights x $14.52	Private room in home	Private room	Zirakpur, Punjab, India	5.0	35.0	1 double bed	Private attached bathroom			true	Arvind	https://www.airbnb.com/rooms/1687778660744201850?locale=en-US&currency=USD&check_in=2026-09-16&check_out=2026-09-21
1578988929410597311	The Solo-Traveller'sLunar Haven !	$111	total	5 nights x $21.07	Private room in home	Private room	Chandigarh, India	4.89	55.0	1 double bed	Dedicated bathroom			true	Saloni	https://www.airbnb.com/rooms/1578988929410597311?locale=en-US&currency=USD&check_in=2026-09-01&check_out=2026-09-06
857856174351604814	KnK Greenview Nest	$412	total	5 nights x $78.31	Entire condo	Entire home/apt	Chandigarh, India	4.88	68.0	7 guests	3 bedrooms	3 beds	3 baths	true	Kajal	https://www.airbnb.com/rooms/857856174351604814?locale=en-US&currency=USD&check_in=2026-09-01&check_out=2026-09-06
746927188395449883	Opulence -1 bedroom Sector 78, Airport road	$176	total	5 nights x $33.71	Entire home	Entire home/apt	Sahibzada Ajit Singh Nagar, Punjab, India	5.0	43.0	3 guests	1 bedroom	1 bed	1 bath	true	Sachin	https://www.airbnb.com/rooms/746927188395449883?locale=en-US&currency=USD&check_in=2026-09-03&check_out=2026-09-08
1419475258994953009	AgapornisSeperate Entry, No sharing, Friendly	$92	total	5 nights x $17.46	Entire home	Entire home/apt	Chandigarh, India	4.8	45.0	2 guests	1 bedroom	1 bed	1 bath	false	Nana	https://www.airbnb.com/rooms/1419475258994953009?locale=en-US&currency=USD&check_in=2026-09-01&check_out=2026-09-06
20980206	A Room-full	$56	total	5 nights x $10.51	Private room in condo	Private room	Chandigarh, India	4.68	93.0	1 double bed	Shared bathroom			true	Nikhil	https://www.airbnb.com/rooms/20980206?locale=en-US&currency=USD&check_in=2026-09-01&check_out=2026-09-06
48924795	Bliss with books, music and calm! Near New Chd PCA	$153	total	5 nights x $29.12	Entire home	Entire home/apt	New Chandigarh, Punjab, India	4.89	9.0	2 guests	1 bedroom	1 bed	1 bath	false	Mandeep	https://www.airbnb.com/rooms/48924795?locale=en-US&currency=USD&check_in=2026-09-01&check_out=2026-09-06
1101164000475661704	Furnished flat	$782	total	5 nights x $135.84	Entire rental unit	Entire home/apt	Zirakpur, Punjab, India			6 guests	3 bedrooms	4 beds	2 baths	false	Deepak	https://www.airbnb.com/rooms/1101164000475661704?locale=en-US&currency=USD&check_in=2026-09-01&check_out=2026-09-06
1169329731352101288	ExRoom With Jacuzzi at Pride Inn	$829	total	5 nights x $144.04	Room in hotel	Private room	Zirakpur, Punjab, India			5 guests	1 bedroom	1 bed	1 private bath	false	Sohan	https://www.airbnb.com/rooms/1169329731352101288?locale=en-US&currency=USD&check_in=2026-09-01&check_out=2026-09-06
1286011163271052110	1 BHK - Near Fortis & Walk Mall	$609	total	5 nights x $103.16	Room in hotel	Private room	Sahibzada Ajit Singh Nagar, Chandigarh, India			2 guests	1 bedroom	1 bed	1 private bath	false	Priyaranjan	https://www.airbnb.com/rooms/1286011163271052110?locale=en-US&currency=USD&check_in=2026-09-01&check_out=2026-09-06
1286063755529316703	1 BHK -Peaceful Stay Sahibzada Ajit Singh Nagar	$609	total	5 nights x $103.16	Room in hotel	Private room	Sahibzada Ajit Singh Nagar, Chandigarh, India			2 guests	1 bedroom	1 bed	1 private bath	false	Priyaranjan	https://www.airbnb.com/rooms/1286063755529316703?locale=en-US&currency=USD&check_in=2026-09-01&check_out=2026-09-06
1286651402764464245	Bedroom & Kitchen - Walk Mall Retreat near Fortis	$567	total	5 nights x $96.02	Room in hotel	Private room	Sahibzada Ajit Singh Nagar, Chandigarh, India			2 guests	1 bedroom	1 bed	1 private bath	false	Priyaranjan	https://www.airbnb.com/rooms/1286651402764464245?locale=en-US&currency=USD&check_in=2026-09-04&check_out=2026-09-09
810792174403722269	Deluxe Suite | Anchorage 42	$386	total	5 nights x $73.46	Private room in bed and breakfast	Private room	Chandigarh, India	5.0	1.0	1 bed	Private attached bathroom			true	Inderpreet Singh	https://www.airbnb.com/rooms/810792174403722269?locale=en-US&currency=USD&check_in=2026-09-01&check_out=2026-09-06
1733167311137235097	Finding Peace	$124	total	5 nights x $23.61	Private room in home	Private room	Chandigarh, India	4.9	10.0	2 beds	Private attached bathroom			false	Aseer	https://www.airbnb.com/rooms/1733167311137235097?locale=en-US&currency=USD&check_in=2026-09-04&check_out=2026-09-09
1411453934780744801	Serene Villa 36 | A Blush & Breeze Suite	$170	total	5 nights x $33.99	Private room in villa	Private room	Chandigarh, India	5.0	37.0	1 king bed	Private attached bathroom			true	Khushboo	https://www.airbnb.com/rooms/1411453934780744801?locale=en-US&currency=USD&check_in=2026-09-08&check_out=2026-09-13
34224386	Home in City Beautiful (GF)	$383	total	5 nights x $72.79	Entire serviced apartment	Entire home/apt	Chandigarh, India	4.96	112.0	4 guests	2 bedrooms	2 beds	2 baths	true	Harvinder	https://www.airbnb.com/rooms/34224386?locale=en-US&currency=USD&check_in=2026-11-12&check_out=2026-11-17
790309811171435898	Centrally located entire 2BHK spacious, open quiet	$259	total	5 nights x $49.33	Entire home	Entire home/apt	Chandigarh, India	4.94	34.0	4 guests	2 bedrooms	2 beds	2 baths	true	Paramjit	https://www.airbnb.com/rooms/790309811171435898?locale=en-US&currency=USD&check_in=2026-09-11&check_out=2026-09-16
1717386433751214389	Full Kothi with 8 bedbrooms	$620	total	5 nights x $104.95	Entire home	Entire home/apt	Sahibzada Ajit Singh Nagar, Punjab, India			16+ guests	8 bedrooms	8 beds	8 baths	true	Rajesh	https://www.airbnb.com/rooms/1717386433751214389?locale=en-US&currency=USD&check_in=2026-09-01&check_out=2026-09-06
889676978212972635	Casadura	$112	total	5 nights x $21.33	Private room in bed and breakfast	Private room	Sukteri, Haryana, India	4.84	134.0	1 double bed	Private attached bathroom			true	Haarsh Jakhar	https://www.airbnb.com/rooms/889676978212972635?locale=en-US&currency=USD&check_in=2026-09-01&check_out=2026-09-06
1708514856572211843	Independent Couple friendly Furnished bedroomTDI	$70	total	5 nights x $13.25	Private room in rental unit	Private room	Sector 118 TDI City, Punjab, India	4.83	18.0	1 double bed	Private attached bathroom			false	Arwinder	https://www.airbnb.com/rooms/1708514856572211843?locale=en-US&currency=USD&check_in=2026-09-08&check_out=2026-09-13
1731000899139704035	Jedith & abhi’s place	$83	total	5 nights x $15.74	Private room in rental unit	Private room	Zirakpur, Punjab, India	5.0	1.0	1 bed	Dedicated bathroom			false	Abhijit	https://www.airbnb.com/rooms/1731000899139704035?locale=en-US&currency=USD&check_in=2026-09-01&check_out=2026-09-06
1531073716923637693	Eminity Grace - IT City, 82A, Mohali	$70	total	5 nights x $13.22	Private room in home	Private room	Sahibzada Ajit Singh Nagar, Punjab, India	4.72	29.0	12 bedrooms	12 beds	Private attached bathroom		false	Devansh	https://www.airbnb.com/rooms/1531073716923637693?locale=en-US&currency=USD&check_in=2026-09-04&check_out=2026-09-09
1748241540522070632	independent Couple friendly peaceful halt	$57	total	5 nights x $10.70	Entire home	Entire home/apt	Sahibzada Ajit Singh Nagar, Punjab, India	5.0	3.0	2 guests	1 bedroom	1 bed	2 baths	false	Munish	https://www.airbnb.com/rooms/1748241540522070632?locale=en-US&currency=USD&check_in=2026-09-06&check_out=2026-09-11
1062686855138120586	The Down-Town Stay	$100	total	5 nights x $21.75	Entire home	Entire home/apt	Panchkula, Haryana, India	5.0	3.0	2 guests	1 bedroom	1 bed	1 bath	true	Vishal	https://www.airbnb.com/rooms/1062686855138120586?locale=en-US&currency=USD&check_in=2026-09-04&check_out=2026-09-09
682246477649186954	Centrally located independent room   bath balcony	$154	total	5 nights x $29.38	Private room in condo	Private room	Chandigarh, India	4.88	85.0	1 bed	Private attached bathroom			true	Sunalini	https://www.airbnb.com/rooms/682246477649186954?locale=en-US&currency=USD&check_in=2026-09-01&check_out=2026-09-06
1685219212326145359	independent couple friendly furnished Room Mohali	$60	total	5 nights x $11.43	Private room in rental unit	Private room	Sahibzada Ajit Singh Nagar, Punjab, India	4.86	7.0	1 double bed	No bathroom			false	Arwinder	https://www.airbnb.com/rooms/1685219212326145359?locale=en-US&currency=USD&check_in=2026-09-07&check_out=2026-09-12
1755239709547715023	Grey Noir|Good Times Stay| Airport	$389	total	5 nights x $92.56	Entire home	Entire home/apt	Sahibzada Ajit Singh Nagar, Punjab, India	5.0	1.0	6 guests	3 bedrooms	3 beds	3 baths	true	Anu	https://www.airbnb.com/rooms/1755239709547715023?locale=en-US&currency=USD&check_in=2026-09-01&check_out=2026-09-06
1751269591217875385	Couple friendly Room at Airport Road Mohali	$70	total	5 nights x $13.22	Private room in rental unit	Private room	Sahibzada Ajit Singh Nagar, Punjab, India	5.0	1.0	1 double bed	Private attached bathroom			false	Arwinder	https://www.airbnb.com/rooms/1751269591217875385?locale=en-US&currency=USD&check_in=2026-09-04&check_out=2026-09-09
1585639434232513300	4BHK Spacious | IndependentVilla | Airport (9 min)	$408	total	5 nights x $77.53	Entire villa	Entire home/apt	Sahibzada Ajit Singh Nagar, Punjab, India	4.87	38.0	16+ guests	4 bedrooms	5 beds	4 baths	true	Anish	https://www.airbnb.com/rooms/1585639434232513300?locale=en-US&currency=USD&check_in=2026-09-01&check_out=2026-09-06
1694046966156945827	A room in a villa	$49	total	5 nights x $9.26	Private room in home	Private room	Sahibzada Ajit Singh Nagar, Punjab, India	4.71	21.0	1 double bed	Private attached bathroom			false	Kuljit	https://www.airbnb.com/rooms/1694046966156945827?locale=en-US&currency=USD&check_in=2026-09-09&check_out=2026-09-14
1742617116159335072	Star Gaze - By Live at Next Invest, Sector 66 B	$545	total	5 nights x $92.36	Farm stay	Entire home/apt	Sahibzada Ajit Singh Nagar, Punjab, India			10 guests	2 bedrooms	5 beds	2 baths	true	Ish	https://www.airbnb.com/rooms/1742617116159335072?locale=en-US&currency=USD&check_in=2026-09-01&check_out=2026-09-06
1757230600029975589	Apricot Garden Chamber • Private Room, Luxe Villa	$496	total	5 nights x $104.95	Private room in home	Private room	New Chandigarh, Punjab, India			1 bed	Private attached bathroom			true	Shiva	https://www.airbnb.com/rooms/1757230600029975589?locale=en-US&currency=USD&check_in=2026-09-01&check_out=2026-09-06
1705545423543135835	Rootanian Villa — Independent Private Ground Floor	$496	total	5 nights x $83.96	Entire rental unit	Entire home/apt	Sahibzada Ajit Singh Nagar, Punjab, India	5.0	4.0	5 guests	2 bedrooms	2 beds	2 baths	true	Dhairya	https://www.airbnb.com/rooms/1705545423543135835?locale=en-US&currency=USD&check_in=2026-09-06&check_out=2026-09-11
1649319739332918215	Luxe 3BHK |AC-Wash-Ntflix-Balc-Kitchn |Nr Airport	$468	total	5 nights x $84.28	Entire rental unit	Entire home/apt	Zirakpur, Punjab, India	5.0	3.0	7 guests	3 bedrooms	3 beds	3 baths	true	Abhi	https://www.airbnb.com/rooms/1649319739332918215?locale=en-US&currency=USD&check_in=2026-09-01&check_out=2026-09-06
1353468295329250722	Private 2 Bhk luxurious Apartment (BOHO Theme).	$436	total	5 nights x $83.64	Entire rental unit	Entire home/apt	Sahibzada Ajit Singh Nagar, Punjab, India	4.83	42.0	4 guests	2 bedrooms	2 beds	2 baths	true	Sakshi	https://www.airbnb.com/rooms/1353468295329250722?locale=en-US&currency=USD&check_in=2026-09-01&check_out=2026-09-06
1210022337849267539	Serenity Homes and Apartment	$798	total	5 nights x $138.60	Entire condo	Entire home/apt	Sahibzada Ajit Singh Nagar, Punjab, India	3.77	26.0	6 guests	3 bedrooms	3 beds	3 baths	false	Abhishek	https://www.airbnb.com/rooms/1210022337849267539?locale=en-US&currency=USD&check_in=2026-09-01&check_out=2026-09-06
1693376917762381044	Malabar Mini, Hillside Farm Stay in Chandigarh	$304	total	5 nights x $57.72	Farm stay	Entire home/apt	Chandigarh, Punjab, India	5.0	3.0	3 guests	1 bedroom	1 bed	1 bath	false	Namrta	https://www.airbnb.com/rooms/1693376917762381044?locale=en-US&currency=USD&check_in=2026-09-06&check_out=2026-09-11
1638836880825814398	Luxurious 3bhk	$320	total	5 nights x $61.37	Entire rental unit	Entire home/apt	Chandigarh, India	4.83	24.0	12 guests	3 bedrooms	6 beds	3 baths	true	Lovish	https://www.airbnb.com/rooms/1638836880825814398?locale=en-US&currency=USD&check_in=2026-09-01&check_out=2026-09-06
1181679829080591065	Luxury, modern 2BHK near Jubilee Walk	$290	total	5 nights x $55.10	Entire home	Entire home/apt	Sahibzada Ajit Singh Nagar, Punjab, India	4.85	66.0	4 guests	2 bedrooms	2 beds	2 baths	true	Arshreet	https://www.airbnb.com/rooms/1181679829080591065?locale=en-US&currency=USD&check_in=2026-09-15&check_out=2026-09-20
1489054108652613323	The Green Escape Cozy Farmhouse.	$614	total	5 nights x $104.02	Farm stay	Entire home/apt	New Chandigarh, Punjab, India	5.0	1.0	5 guests	2 bedrooms	2 beds	2 baths	false	Prince	https://www.airbnb.com/rooms/1489054108652613323?locale=en-US&currency=USD&check_in=2026-09-01&check_out=2026-09-06
1603439898679095327	Apricot Garden Courtyard • Earthen • Entire Home	$256	total	5 nights x $63.24	Entire home	Entire home/apt	New Chandigarh, Punjab, India	5.0	27.0	2 guests	1 bedroom	1 bed	1 bath	true	Shiva	https://www.airbnb.com/rooms/1603439898679095327?locale=en-US&currency=USD&check_in=2026-09-05&check_out=2026-09-10
1452896383429871465	Independent FurnishedGuest House	$576	total	5 nights x $121.92	Entire guesthouse	Entire home/apt	Sahibzada Ajit Singh Nagar, Punjab, India			10 guests	3 bedrooms	3 beds	4.5 baths	false	Sheetal	https://www.airbnb.com/rooms/1452896383429871465?locale=en-US&currency=USD&check_in=2026-09-01&check_out=2026-09-06
1733303162587810395	Green Cottage- The Woods, One BHK Suite Chandigarh	$325	total	5 nights x $62.38	Entire home	Entire home/apt	Sukteri, Haryana, India	5.0	1.0	3 guests	1 bedroom	2 beds	1 bath	true	Anjum	https://www.airbnb.com/rooms/1733303162587810395?locale=en-US&currency=USD&check_in=2026-09-01&check_out=2026-09-06
1604294034158308504	Moonstone Comfy 1BHK near Airport | WiFi.	$261	total	5 nights x $49.56	Entire rental unit	Entire home/apt	Zirakpur, Punjab, India	5.0	13.0	8 guests	1 bedroom	2 beds	2 baths	true	Charu	https://www.airbnb.com/rooms/1604294034158308504?locale=en-US&currency=USD&check_in=2026-09-01&check_out=2026-09-06
1438923123532607487	Sucasa 2 BHK home	$279	total	5 nights x $53.00	Entire home	Entire home/apt	Mohali, Punjab, India	5.0	142.0	6 guests	2 bedrooms	3 beds	2 baths	true	Prrabhnoor	https://www.airbnb.com/rooms/1438923123532607487?locale=en-US&currency=USD&check_in=2026-09-01&check_out=2026-09-06
624379815950831274	1 BHK Garden Retreat with 4500 Sq. ft Private Lawn	$261	total	5 nights x $49.63	Tiny home	Entire home/apt	Chandigarh, India	4.93	57.0	3 guests	1 bedroom	1 bed	1 bath	true	Munish	https://www.airbnb.com/rooms/624379815950831274?locale=en-US&currency=USD&check_in=2026-10-01&check_out=2026-10-06
1196850376879313308	Classic Room	$620	total	5 nights x $104.95	Room in hotel	Private room	Sahibzada Ajit Singh Nagar, Punjab, India			2 guests	1 bedroom	1 bed	0 baths	false	Gurpinder	https://www.airbnb.com/rooms/1196850376879313308?locale=en-US&currency=USD&check_in=2026-09-01&check_out=2026-09-06
1296234499999783829	Ensuite 4, Private Studio @ Vohra Mansion Homestay	$89	total	5 nights x $16.78	Private room in home	Private room	Panchkula, Haryana, India	4.78	68.0	1 king bed	Private attached bathroom			true	Anuj	https://www.airbnb.com/rooms/1296234499999783829?locale=en-US&currency=USD&check_in=2026-09-01&check_out=2026-09-06
54116199	Hotel The Black Gold (7 rooms) with Parking	$608	total	5 nights x $105.65	Room in hotel	Private room	Sahibzada Ajit Singh Nagar, Chandigarh, India			16+ guests	7 bedrooms	7 beds	7 baths	false	Prakash	https://www.airbnb.com/rooms/54116199?locale=en-US&currency=USD&check_in=2026-09-01&check_out=2026-09-06
650891885359090778	Pocket friendly n city centre	$71	total	5 nights x $13.51	Private room in home	Private room	Chandigarh, India	4.82	125.0	1 bedroom	Shared bathroom			false	Gagan	https://www.airbnb.com/rooms/650891885359090778?locale=en-US&currency=USD&check_in=2026-09-01&check_out=2026-09-06
1749439937957402542	Big studio room with kitchen	$711	total	5 nights x $120.47	Private room in home	Private room	Kharar, Punjab, India			1 bed	Dedicated bathroom			false	Mavi Malhi	https://www.airbnb.com/rooms/1749439937957402542?locale=en-US&currency=USD&check_in=2026-09-01&check_out=2026-09-06
1622185693675889819	JPK farmhouse - Nature, Naps & Nightsky	$602	total	5 nights x $126.47	Entire home	Entire home/apt	Chandigarh, Punjab, India			6 guests	2 bedrooms	4 beds	2 baths	false	Vishakha	https://www.airbnb.com/rooms/1622185693675889819?locale=en-US&currency=USD&check_in=2026-09-01&check_out=2026-09-06
1196870644408266770	Super Deluxe Room	$620	total	5 nights x $104.95	Room in hotel	Private room	Baliali, Punjab, India			2 guests	1 bedroom	1 bed	0 baths	false	Gurpinder	https://www.airbnb.com/rooms/1196870644408266770?locale=en-US&currency=USD&check_in=2026-09-01&check_out=2026-09-06
1286062420083576886	1 BHK - Mohali’s Cozy Escape	$609	total	5 nights x $103.16	Room in hotel	Private room	Sahibzada Ajit Singh Nagar, Chandigarh, India			2 guests	1 bedroom	1 bed	1 private bath	false	Priyaranjan	https://www.airbnb.com/rooms/1286062420083576886?locale=en-US&currency=USD&check_in=2026-09-01&check_out=2026-09-06
1122190231075240776	Jynx BlissJacuzzi	$340	total	5 nights x $65.20	Room in hotel	Private room	Zirakpur, Punjab, India	5.0	2.0	1 king bed	Private attached bathroom			false	Sarthak	https://www.airbnb.com/rooms/1122190231075240776?locale=en-US&currency=USD&check_in=2026-09-10&check_out=2026-09-15
1067007784454427464	Burj Fateh Greens	$695	total	5 nights x $145.93	Private room in farm stay	Private room	Sahibzada Ajit Singh Nagar, Punjab, India			3 bedrooms	Private attached bathroom			false	Param Pratap Singh	https://www.airbnb.com/rooms/1067007784454427464?locale=en-US&currency=USD&check_in=2026-09-01&check_out=2026-09-06
1423751621072644413	Guest Stay 3BR home near Airport Ideal for Family	$505	total	5 nights x $85.53	Entire condo	Entire home/apt	Sahibzada Ajit Singh Nagar, Punjab, India	4.86	7.0	6 guests	3 bedrooms	3 beds	3.5 baths	true	Niksa Homes	https://www.airbnb.com/rooms/1423751621072644413?locale=en-US&currency=USD&check_in=2026-09-01&check_out=2026-09-06
1389666548840249381	Luxe 2BR Near Mohali Airport NRI + Family Friendly	$484	total	5 nights x $81.92	Private room in rental unit	Private room	Sahibzada Ajit Singh Nagar, Punjab, India	4.89	9.0	2 bedrooms	2 king beds	Private attached bathroom		true	Niksa Homes	https://www.airbnb.com/rooms/1389666548840249381?locale=en-US&currency=USD&check_in=2026-09-01&check_out=2026-09-06
1317276130802629610	Vamsa : cozy 2bhk  5 minutes from Airport	$636	total	5 nights x $107.63	Private room in home	Private room	Sahibzada Ajit Singh Nagar, Punjab, India			2 bedrooms	2 king beds	Private attached bathroom		true	Aditya	https://www.airbnb.com/rooms/1317276130802629610?locale=en-US&currency=USD&check_in=2026-09-03&check_out=2026-09-08
1382276053149243652	Vista-92	$725	total	5 nights x $126.03	Entire home	Entire home/apt	Sahibzada Ajit Singh Nagar, Punjab, India			4 guests	2 bedrooms	2 beds	2 baths	false	Vandini	https://www.airbnb.com/rooms/1382276053149243652?locale=en-US&currency=USD&check_in=2026-09-01&check_out=2026-09-06
54349715	Suite at Ramgarh Heritage Panchkula	$527	total	5 nights x $89.20	Room in heritage hotel	Private room	Ramgarh, Haryana, India	5.0	1.0	1 bed	Shared bathroom			false	Sanchit	https://www.airbnb.com/rooms/54349715?locale=en-US&currency=USD&check_in=2026-09-01&check_out=2026-09-06
1653737076138920874	Sweet home	$625	total	5 nights x $131.34	Private room in home	Private room	Sahibzada Ajit Singh Nagar, Punjab, India			1 bed	Private attached bathroom			false	Neeraj	https://www.airbnb.com/rooms/1653737076138920874?locale=en-US&currency=USD&check_in=2026-09-22&check_out=2026-09-27
1747816526111248119	PG for boys	$650	total	5 nights x $137.52	Shared room in home	Shared room	Chandigarh, India			10 beds	10 shared bathrooms			false	Pradeep	https://www.airbnb.com/rooms/1747816526111248119?locale=en-US&currency=USD&check_in=2026-09-01&check_out=2026-09-06
1073945915661891901	Lychee Suite	$298	total	5 nights x $56.61	Entire rental unit	Entire home/apt	Chandigarh, India	4.82	55.0	3 guests	1 bedroom	1 bed	1 bath	false	Hardeep	https://www.airbnb.com/rooms/1073945915661891901?locale=en-US&currency=USD&check_in=2026-09-01&check_out=2026-09-06
816763088209391152	Beautiful	$623	total	5 nights x $124.52	Entire home	Entire home/apt	Sahibzada Ajit Singh Nagar, Punjab, India			6 guests	3 bedrooms	3 beds	3 baths	false	Rocky	https://www.airbnb.com/rooms/816763088209391152?locale=en-US&currency=USD&check_in=2026-09-01&check_out=2026-09-06
1422345933833313957	The Kothi 36 | Serene Villa | 1st Floor	$546	total	5 nights x $97.38	Entire villa	Entire home/apt	Chandigarh, India	5.0	5.0	9 guests	3 bedrooms	3 beds	3 baths	true	Khushboo	https://www.airbnb.com/rooms/1422345933833313957?locale=en-US&currency=USD&check_in=2026-09-08&check_out=2026-09-13
1349234030711524128	Siwach Farmhouse	$620	total	5 nights x $104.95	Private room in farm stay	Private room	Chandigarh, Punjab, India	4.64	11.0	2 beds	Private attached bathroom			false	Anubhav	https://www.airbnb.com/rooms/1349234030711524128?locale=en-US&currency=USD&check_in=2026-09-01&check_out=2026-09-06
954142640333507774	Welcoming to Private Villa 3 bedroom	$620	total	5 nights x $104.95	Private room in casa particular	Private room	Chandigarh, India			6 guests	3 bedrooms	3 beds	2 baths	false	Ranjot	https://www.airbnb.com/rooms/954142640333507774?locale=en-US&currency=USD&check_in=2026-09-01&check_out=2026-09-06
1572418206656947397	Theamberwood-2BHK-Entire home- near Airport mohali	$255	total	5 nights x $48.43	Entire home	Entire home/apt	Sahibzada Ajit Singh Nagar, Punjab, India	5.0	2.0	4 guests	2 bedrooms	2 beds	2 baths	false	Preet	https://www.airbnb.com/rooms/1572418206656947397?locale=en-US&currency=USD&check_in=2026-09-01&check_out=2026-09-06
1506231152942632536	Best Independent homestay in Chandigarh /Mohali/	$569	total	5 nights x $120.47	Entire home	Entire home/apt	Sahibzada Ajit Singh Nagar, Punjab, India	5.0	1.0	9 guests	3 bedrooms	4 beds	5.5 baths	false	Sheetal	https://www.airbnb.com/rooms/1506231152942632536?locale=en-US&currency=USD&check_in=2026-09-01&check_out=2026-09-06
1513432471619620598	City Escape:Pocket-Friendly Hotel + RooftopHangout	$614	total	5 nights x $106.68	Room in hotel	Private room	Panchkula, Haryana, India	1.0	1.0	5 bedrooms	5 beds	Private attached bathroom		false	Abhishek	https://www.airbnb.com/rooms/1513432471619620598?locale=en-US&currency=USD&check_in=2026-09-01&check_out=2026-09-06
1557362614806591566	The luxury Stays	$583	total	5 nights x $122.88	Entire rental unit	Entire home/apt	Sahibzada Ajit Singh Nagar, Punjab, India			6 guests	3 bedrooms	3 beds	3 baths	false	Jivanjot	https://www.airbnb.com/rooms/1557362614806591566?locale=en-US&currency=USD&check_in=2026-09-01&check_out=2026-09-06
1594917983994632487	Sunlit 2BHK for 4 Near Sukhna Lake|Private Terrace	$213	total	5 nights x $40.43	Entire home	Entire home/apt	Kansal, Chandigarh Tricity Area, India	4.83	24.0	4 guests	2 bedrooms	2 beds	2 baths	true	Niro Homes	https://www.airbnb.com/rooms/1594917983994632487?locale=en-US&currency=USD&check_in=2026-09-01&check_out=2026-09-06
1008511850840264680	4 BHK at Premium Location	$579	total	5 nights x $121.61	Entire home	Entire home/apt	Kharar, Punjab, India			10 guests	3 bedrooms	4 beds	3 baths	false	Manjit	https://www.airbnb.com/rooms/1008511850840264680?locale=en-US&currency=USD&check_in=2026-09-01&check_out=2026-09-06
1542508522660054211	Furnished Villa for Functions, Parties and Stays.	$562	total	5 nights x $95.11	Entire home	Entire home/apt	Bir Chhat, Punjab, India			10 guests	3 bedrooms	3 beds	3.5 baths	false	Sheetal	https://www.airbnb.com/rooms/1542508522660054211?locale=en-US&currency=USD&check_in=2026-09-01&check_out=2026-09-06
1318685268660002092	personal partyhouse in zirakpur	$651	total	5 nights x $113.18	Entire home	Entire home/apt	Zirakpur, Punjab, India			6 guests	2 bedrooms	2 beds	2 baths	false	Vicky	https://www.airbnb.com/rooms/1318685268660002092?locale=en-US&currency=USD&check_in=2026-09-01&check_out=2026-09-06
575287438964150385	The Retreat  House | sector 69 |500 metres fortis	$223	total	5 nights x $43.37	Entire home	Entire home/apt	Sahibzada Ajit Singh Nagar, Punjab, India	4.89	197.0	4 guests	2 bedrooms	2 beds	2 baths	true	Sachin	https://www.airbnb.com/rooms/575287438964150385?locale=en-US&currency=USD&check_in=2026-09-01&check_out=2026-09-06
1359687606818264761	Cozy one bhk	$579	total	5 nights x $121.61	Entire rental unit	Entire home/apt	Zirakpur, Punjab, India			2 guests	1 bedroom	1 bed	1 bath	false	Ravinder	https://www.airbnb.com/rooms/1359687606818264761?locale=en-US&currency=USD&check_in=2026-09-01&check_out=2026-09-06
1260071768360212718	Independent 1 Kanal house for marriage Guest stay.	$569	total	5 nights x $96.36	Entire home	Entire home/apt	Sahibzada Ajit Singh Nagar, Punjab, India			10 guests	3 bedrooms	3 beds	4.5 baths	false	Sheetal	https://www.airbnb.com/rooms/1260071768360212718?locale=en-US&currency=USD&check_in=2026-09-01&check_out=2026-09-06
1565742020713628870	Serene Villa 36 | Luxe Sunrise Amber Suite	$176	total	5 nights x $35.26	Private room in bungalow	Private room	Chandigarh, India	5.0	6.0	1 king bed	Private attached bathroom			true	Khushboo	https://www.airbnb.com/rooms/1565742020713628870?locale=en-US&currency=USD&check_in=2026-09-01&check_out=2026-09-06
1696974787399836493	MangoTree Studio • near Tagore theatre Sector 18	$189	total	5 nights x $36.00	Private room in bungalow	Private room	Chandigarh, India	5.0	16.0	1 king bed	Dedicated bathroom			true	Parshada House	https://www.airbnb.com/rooms/1696974787399836493?locale=en-US&currency=USD&check_in=2026-09-01&check_out=2026-09-06
1374388720382089391	Havana By Jade Casa	$181	total	5 nights x $34.41	Entire rental unit	Entire home/apt	Zirakpur, Punjab, India	4.95	22.0	2 guests	1 bedroom	2 beds	1 bath	false	Jade Casa	https://www.airbnb.com/rooms/1374388720382089391?locale=en-US&currency=USD&check_in=2026-09-07&check_out=2026-09-12
1525991369060730424	House for Private Parties, get togethers and stay	$569	total	5 nights x $96.36	Entire home	Entire home/apt	Sahibzada Ajit Singh Nagar, Punjab, India			10 guests	3 bedrooms	3 beds	3.5 baths	false	Sheetal	https://www.airbnb.com/rooms/1525991369060730424?locale=en-US&currency=USD&check_in=2026-09-01&check_out=2026-09-06
1616882126197521308	Private Lxryhouse in the heart of CHD/Sec 27/2BHK	$215	total	5 nights x $40.93	Entire home	Entire home/apt	Chandigarh, India	4.87	15.0	4 guests	2 bedrooms	2 beds	2.5 baths	true	Inderjit	https://www.airbnb.com/rooms/1616882126197521308?locale=en-US&currency=USD&check_in=2026-09-03&check_out=2026-09-08
1500856572443233119	Whispering Willow by Radhika	$553	total	5 nights x $96.09	Entire home	Entire home/apt	Panchkula, Haryana, India			10 guests	3 bedrooms	3 beds	3 baths	true	Radhika	https://www.airbnb.com/rooms/1500856572443233119?locale=en-US&currency=USD&check_in=2026-09-01&check_out=2026-09-06
1529061113742926891	PS Colonel’s Retreat: The Beret Suites (3BHK)	$521	total	5 nights x $88.15	Entire bungalow	Entire home/apt	Kharar, Punjab, India	4.88	8.0	8 guests	3 bedrooms	5 beds	3 baths	false	Perfect Stays	https://www.airbnb.com/rooms/1529061113742926891?locale=en-US&currency=USD&check_in=2026-09-01&check_out=2026-09-06
957930668365046736	Sid Chandla House	$196	total	5 nights x $37.21	Entire home	Entire home/apt	Chandigarh, India	4.79	103.0	6 guests	2 bedrooms	3 beds	2 baths	true	Asha	https://www.airbnb.com/rooms/957930668365046736?locale=en-US&currency=USD&check_in=2026-09-01&check_out=2026-09-06
1595396343228272749	Saanjh • Peaceful Stay | Sukoon Villa	$224	total	5 nights x $42.48	Private room in home	Private room	Chandigarh, India	5.0	25.0	1 king bed	Private attached bathroom			true	Sukoon Villa	https://www.airbnb.com/rooms/1595396343228272749?locale=en-US&currency=USD&check_in=2026-09-01&check_out=2026-09-06
1408768502287642993	Pool party farm life	$637	total	5 nights x $133.77	Farm stay	Entire home/apt	Nagla, Punjab, India			15 guests	1 bedroom	1 bed	1 bath	false	Rinkish	https://www.airbnb.com/rooms/1408768502287642993?locale=en-US&currency=USD&check_in=2026-09-01&check_out=2026-09-06
1238456302491484470	The Little Haven | Your Private Rooftop Terrace	$213	total	5 nights x $40.79	Entire condo	Entire home/apt	Zirakpur, Punjab, India	4.95	118.0	2 guests	1 bedroom	1 bed	1 bath	true	Priyanka	https://www.airbnb.com/rooms/1238456302491484470?locale=en-US&currency=USD&check_in=2026-09-01&check_out=2026-09-06
1548503801007696628	Perfect blend of luxury, comfort and entertainment	$667	total	5 nights x $141.31	Room in hotel	Private room	Zirakpur, Punjab, India			4 bedrooms	4 beds	Private attached bathroom		false	Vaibhav	https://www.airbnb.com/rooms/1548503801007696628?locale=en-US&currency=USD&check_in=2026-09-01&check_out=2026-09-06
1189523274722419965	Luxury homestay Mohali Near Airport	$569	total	5 nights x $96.36	Entire guesthouse	Entire home/apt	Sahibzada Ajit Singh Nagar, Punjab, India			8 guests	3 bedrooms	3 beds	3.5 baths	false	Sheetal	https://www.airbnb.com/rooms/1189523274722419965?locale=en-US&currency=USD&check_in=2026-09-01&check_out=2026-09-06
1118848678362289019	Canopy room w Trees near Sukhna lake, Chandigarh	$185	total	5 nights x $38.10	Private room in earthen home	Private room	Chandigarh, India	4.93	135.0	1 queen bed	Private attached bathroom			true	Parshada House	https://www.airbnb.com/rooms/1118848678362289019?locale=en-US&currency=USD&check_in=2026-09-01&check_out=2026-09-06
53850681	Hotel The Black Gold (8 rooms on the same floor)	$724	total	5 nights x $125.78	Room in hotel	Private room	Sahibzada Ajit Singh Nagar, Chandigarh, India			16+ guests	8 bedrooms	8 beds	8.5 baths	false	Prakash	https://www.airbnb.com/rooms/53850681?locale=en-US&currency=USD&check_in=2026-09-01&check_out=2026-09-06
1512094758258097598	2 bhk full furnished luxurious flat	$236	total	5 nights x $44.92	Entire rental unit	Entire home/apt	Sahibzada Ajit Singh Nagar, Punjab, India	4.96	48.0	4 guests	2 bedrooms	2 beds	2 baths	true	Sameer	https://www.airbnb.com/rooms/1512094758258097598?locale=en-US&currency=USD&check_in=2026-09-01&check_out=2026-09-06
1693216635478547486	Urban Escape	$96	total	5 nights x $18.20	Private room in home	Private room	Panchkula, Haryana, India	4.5	2.0	1 king bed	Private attached bathroom			false	Dev	https://www.airbnb.com/rooms/1693216635478547486?locale=en-US&currency=USD&check_in=2026-09-01&check_out=2026-09-06
1475358091690212040	Casanova/Independent 1 BHK Flat Self check-in	$90	total	5 nights x $16.18	Entire rental unit	Entire home/apt	Zirakpur, Punjab, India	4.79	131.0	2 guests	1 bedroom	1 bed	1 bath	true	Rj	https://www.airbnb.com/rooms/1475358091690212040?locale=en-US&currency=USD&check_in=2026-09-01&check_out=2026-09-06
1740712021743363404	Royal Estate by The Aurelia Stays	$220	total	5 nights x $41.74	Entire rental unit	Entire home/apt	Sahibzada Ajit Singh Nagar, Punjab, India	4.89	9.0	6 guests	3 bedrooms	3 beds	3 baths	false	Abhijot	https://www.airbnb.com/rooms/1740712021743363404?locale=en-US&currency=USD&check_in=2026-09-03&check_out=2026-09-08
811686926698046051	Comfortable Private Guest Room with AC @Panchkula	$70	total	5 nights x $13.24	Private room in home	Private room	Panchkula, Haryana, India	4.88	49.0	1 bed	Dedicated bathroom			true	Nand Kishore	https://www.airbnb.com/rooms/811686926698046051?locale=en-US&currency=USD&check_in=2026-09-01&check_out=2026-09-06
1031041046321695231	Black pearl Villa panchkula sector 28	$116	total	5 nights x $21.95	Entire home	Entire home/apt	Panchkula, Haryana, India	5.0	6.0	2 guests	1 bedroom	2 beds	1 bath	false	Vishal	https://www.airbnb.com/rooms/1031041046321695231?locale=en-US&currency=USD&check_in=2026-10-20&check_out=2026-10-25
1437477809120788722	5bhk villa with lift	$633	total	5 nights x $132.91	Entire rental unit	Entire home/apt	Zirakpur, Punjab, India			10 guests	5 bedrooms	5 beds	5 baths	false	Mohit	https://www.airbnb.com/rooms/1437477809120788722?locale=en-US&currency=USD&check_in=2026-09-01&check_out=2026-09-06
1640618400691098461	Rooftop Stay in Panchkula 10mins from Chd/Airport	$76	total	5 nights x $14.34	Entire home	Entire home/apt	Panchkula, Haryana, India	4.67	9.0	2 guests	1 bedroom	1 bed	1 bath	true	Shubham	https://www.airbnb.com/rooms/1640618400691098461?locale=en-US&currency=USD&check_in=2026-09-01&check_out=2026-09-06
1502140133096822618	Halflight Abode- Cozy RK, Mountain View & Coffee	$136	total	5 nights x $25.86	Entire condo	Entire home/apt	Chandigarh, Punjab, India	4.91	69.0	2 guests	1 bedroom	1 bed	1 bath	true	Mudit	https://www.airbnb.com/rooms/1502140133096822618?locale=en-US&currency=USD&check_in=2026-11-01&check_out=2026-11-06
1143943622326932787	Economy Room @HomiStay	$53	total	5 nights x $9.97	Private room in home	Private room	Panchkula, Haryana, India	4.63	8.0	1 double bed	Private attached bathroom			true	Mandeep	https://www.airbnb.com/rooms/1143943622326932787?locale=en-US&currency=USD&check_in=2026-09-01&check_out=2026-09-06
1752852833197441717	AC Rooms,24/7 Kitchen Service, Parking Space	$55	total	5 nights x $13.09	Room in hotel	Private room	Zirakpur, Punjab, India			1 bed	No bathroom			false	Gourav Rana	https://www.airbnb.com/rooms/1752852833197441717?locale=en-US&currency=USD&check_in=2026-09-01&check_out=2026-09-06
47232389	2 room suite on 2nd floor surrounded by trees	$191	total	5 nights x $36.24	Entire guest suite	Entire home/apt	Chandigarh, India	4.72	57.0	4 guests	2 bedrooms	2 beds	1 bath	true	Sukhmani	https://www.airbnb.com/rooms/47232389?locale=en-US&currency=USD&check_in=2026-09-01&check_out=2026-09-06
1721875835083686269	Harvi Studio, Designed for comfort, Styled for You	$69	total	5 nights x $16.34	Private room in rental unit	Private room	Zirakpur, Punjab, India			1 double bed	Private attached half bathroom			false	Gautam	https://www.airbnb.com/rooms/1721875835083686269?locale=en-US&currency=USD&check_in=2026-09-01&check_out=2026-09-06
1128107790491909242	Independent owner free flat	$579	total	5 nights x $121.61	Entire rental unit	Entire home/apt	Sahibzada Ajit Singh Nagar, Punjab, India			8 guests	3 bedrooms	2 baths		false	Shaminder	https://www.airbnb.com/rooms/1128107790491909242?locale=en-US&currency=USD&check_in=2026-09-01&check_out=2026-09-06
1731019902437503073	Vine Stay | Luxury stay	$76	total	5 nights x $17.50	Entire rental unit	Entire home/apt	Dera Bassi, Punjab, India	5.0	1.0	2 guests	1 bedroom	1 bed	1 bath	false	Harsh	https://www.airbnb.com/rooms/1731019902437503073?locale=en-US&currency=USD&check_in=2026-09-01&check_out=2026-09-06
35436478	Feel Like Home (WiFi Available)	$80	total	5 nights x $16.30	Private room in home	Private room	Panchkula, Haryana, India	4.92	13.0	1 double bed	Dedicated bathroom			false	Ashish	https://www.airbnb.com/rooms/35436478?locale=en-US&currency=USD&check_in=2027-02-01&check_out=2027-02-06
1760217039053150756	Bliss Heaven | Private room Near CHD AirPort	$72	total	5 nights x $16.49	Private room in rental unit	Private room	Sahibzada Ajit Singh Nagar, Punjab, India			1 bed	Private attached bathroom			false	Khushi	https://www.airbnb.com/rooms/1760217039053150756?locale=en-US&currency=USD&check_in=2026-09-01&check_out=2026-09-06
53034164	Peaceful Park-View 2BHK• Balcony•On Klk-Shimla Hwy	$55	total	5 nights x $10.39	Entire home	Entire home/apt	Kalka, Haryana, India	4.81	58.0	6 guests	2 bedrooms	4 beds	1 bath	true	Ankush	https://www.airbnb.com/rooms/53034164?locale=en-US&currency=USD&check_in=2026-09-01&check_out=2026-09-06
1757233422115156524	Premium Hotel Stay | Great Location | Cozy Stay	$58	total	5 nights x $13.80	Room in hotel	Private room	Zirakpur, Punjab, India			10 bedrooms	10 double beds	Private attached bathroom		false	Vikram Singh	https://www.airbnb.com/rooms/1757233422115156524?locale=en-US&currency=USD&check_in=2026-09-01&check_out=2026-09-06
1658533941845754691	Guest Stay Inn. 1BHK	$78	total	5 nights x $14.75	Entire rental unit	Entire home/apt	Nabha, Punjab, India	5.0	2.0	2 guests	1 bedroom	1 bed	1 bath	false	Blue Horizon	https://www.airbnb.com/rooms/1658533941845754691?locale=en-US&currency=USD&check_in=2026-09-01&check_out=2026-09-06
1691844960514546089	Hotel Kartik Stay with Comfort and happiness	$58	total	5 nights x $13.64	Room in hotel	Private room	Zirakpur, Punjab, India	5.0	1.0	1 bed	Private attached bathroom			false	Rohit	https://www.airbnb.com/rooms/1691844960514546089?locale=en-US&currency=USD&check_in=2026-09-01&check_out=2026-09-06
1723789590854938552	Glass room in DLF the valley	$158	total	5 nights x $30.00	Entire rental unit	Entire home/apt	Panchkula, Haryana, India	5.0	1.0	3 guests	1 bedroom	1 bed	1 bath	false	Reena	https://www.airbnb.com/rooms/1723789590854938552?locale=en-US&currency=USD&check_in=2026-09-02&check_out=2026-09-07
1291783158848350617	Stay with NIMMY 2	$83	total	5 nights x $15.73	Entire home	Entire home/apt	Panchkula, Haryana, India	4.41	17.0	3 guests	1 bedroom	1 bed	1 bath	false	Yogesh	https://www.airbnb.com/rooms/1291783158848350617?locale=en-US&currency=USD&check_in=2026-09-01&check_out=2026-09-06
1354124369954539738	Juneja’s Abode	$162	total	5 nights x $30.85	Entire home	Entire home/apt	Panchkula, Haryana, India	5.0	16.0	3 guests	1 bedroom	1 bed	1 bath	false	Anita	https://www.airbnb.com/rooms/1354124369954539738?locale=en-US&currency=USD&check_in=2026-09-12&check_out=2026-09-17
1752688017712085714	The Florence Suite!By Moonvale Lux	$145	total	5 nights x $27.45	Private room in home	Private room	Chandigarh, India	5.0	5.0	1 king bed	Private attached bathroom			true	Saloni	https://www.airbnb.com/rooms/1752688017712085714?locale=en-US&currency=USD&check_in=2026-09-01&check_out=2026-09-06
1738993939462688366	“A little local •Wi-Fi •24/7 Power •Near airport”	$137	total	5 nights x $26.03	Entire rental unit	Entire home/apt	Zirakpur, Punjab, India	5.0	2.0	2 guests	1 bedroom	1 bed	1 bath	false	Aayushi	https://www.airbnb.com/rooms/1738993939462688366?locale=en-US&currency=USD&check_in=2026-09-01&check_out=2026-09-06
1663779204695406211	luxury Budget Stay, MDC, Manimazra, IT Park pkl	$88	total	5 nights x $16.70	Private room in rental unit	Private room	Sukteri, Haryana, India	5.0	8.0	1 double bed	Private attached bathroom			false	Ilaka Panchkula Home Stay	https://www.airbnb.com/rooms/1663779204695406211?locale=en-US&currency=USD&check_in=2026-09-01&check_out=2026-09-06
1573035689173735512	Modern fully furnished European style 1 bedroom	$139	total	5 nights x $26.32	Entire rental unit	Entire home/apt	Panchkula, Haryana, India	4.58	24.0	2 guests	1 bedroom	1 bed	1 bath	false	Shreeya Khanna	https://www.airbnb.com/rooms/1573035689173735512?locale=en-US&currency=USD&check_in=2026-09-01&check_out=2026-09-06
1732725555135743681	The Cove by Ammy’s | 1 BHK • Self Check-in	$122	total	5 nights x $23.19	Entire rental unit	Entire home/apt	Zirakpur, Punjab, India	4.8	15.0	4 guests	1 bedroom	1 bed	1 bath	false	Mithlesh	https://www.airbnb.com/rooms/1732725555135743681?locale=en-US&currency=USD&check_in=2026-09-01&check_out=2026-09-06
1267573535769667756	Cute Apartment | Self Checkin | independent |	$78	total	5 nights x $14.69	Entire rental unit	Entire home/apt	Zirakpur, Punjab, India	4.51	72.0	2 guests	1 bedroom	1 bed	1 bath	false	Raj	https://www.airbnb.com/rooms/1267573535769667756?locale=en-US&currency=USD&check_in=2026-09-02&check_out=2026-09-07
1615275524665369101	Dalipfarm : River View Guestroom	$163	total	5 nights x $30.98	Farm stay	Entire home/apt	Panchkula, Haryana, India	5.0	12.0	2 guests	1 bedroom	1 bed	1.5 baths	true	Sunita	https://www.airbnb.com/rooms/1615275524665369101?locale=en-US&currency=USD&check_in=2026-09-01&check_out=2026-09-06
1733451850883744190	Dormitory phase5 Mohali	$44	total	5 nights x $10.39	Shared room in rental unit	Shared room	Sahibzada Ajit Singh Nagar, Punjab, India	5.0	1.0	4 beds	Shared bathroom			true	Ashish	https://www.airbnb.com/rooms/1733451850883744190?locale=en-US&currency=USD&check_in=2026-09-01&check_out=2026-09-06
1757158066394383788	1 Room Sukoon homes lite (without ac)	$50	total	5 nights x $9.43	Private room in guesthouse	Private room	Sahibzada Ajit Singh Nagar, Punjab, India	5.0	1.0	1 double bed	Dedicated bathroom			false	Pawan	https://www.airbnb.com/rooms/1757158066394383788?locale=en-US&currency=USD&check_in=2026-09-01&check_out=2026-09-06
1733979929941472853	“A little local• WiFi • 24/7 Power• Near airport•”	$124	total	5 nights x $23.55	Entire rental unit	Entire home/apt	Zirakpur, Punjab, India	5.0	6.0	4 guests	1 bedroom	2 beds	1 bath	false	Aayushi	https://www.airbnb.com/rooms/1733979929941472853?locale=en-US&currency=USD&check_in=2026-09-05&check_out=2026-09-10
1640422677919023583	Private Garden Room with Separate Entrance	$79	total	5 nights x $15.09	Private room in home	Private room	Chandigarh, Punjab, India	4.88	26.0	1 bed	Private attached bathroom			true	Navpreet	https://www.airbnb.com/rooms/1640422677919023583?locale=en-US&currency=USD&check_in=2026-09-01&check_out=2026-09-06
1761934255508482427	Homely Feeling	$51	total	5 nights x $11.75	Shared room in bed and breakfast	Shared room	Manauli, Punjab, India			1 bed	Shared bathroom			false	Rishabh	https://www.airbnb.com/rooms/1761934255508482427?locale=en-US&currency=USD&check_in=2026-09-01&check_out=2026-09-06
47843127	Volcastay urban homestay |Pool|Theatre|Wedding|pet	$72	total	5 nights x $13.76	Private room in villa	Private room	Zirakpur, Punjab, India	4.85	179.0	8 bedrooms	13 beds	Dedicated bathroom		false	Volcastay	https://www.airbnb.com/rooms/47843127?locale=en-US&currency=USD&check_in=2026-09-01&check_out=2026-09-06
1728957623048877786	Super Deluxe Kc Royal	$77	total	5 nights x $14.56	Room in boutique hotel	Entire home/apt	Zirakpur, Punjab, India			2 guests	1 bedroom	1 bed	1 bath	false	Sophia	https://www.airbnb.com/rooms/1728957623048877786?locale=en-US&currency=USD&check_in=2026-09-01&check_out=2026-09-06
1318541315512631768	Ned Stark's Winterfell Haven	$63	total	5 nights x $11.84	Private room in rental unit	Private room	Sahibzada Ajit Singh Nagar, Punjab, India	4.88	17.0	1 bed	Private attached bathroom			true	Deep	https://www.airbnb.com/rooms/1318541315512631768?locale=en-US&currency=USD&check_in=2026-09-08&check_out=2026-09-13
18848347	Stay with NIMMY	$75	total	5 nights x $14.17	Entire home	Entire home/apt	Panchkula, Haryana, India	4.71	21.0	3 guests	1 bedroom	2 beds	1 bath	false	Yogesh	https://www.airbnb.com/rooms/18848347?locale=en-US&currency=USD&check_in=2026-09-01&check_out=2026-09-06
1483717063805177149	Romantic Getaway | Quiet • Entire first floor	$75	total	5 nights x $14.20	Private room in home	Private room	Sahibzada Ajit Singh Nagar, Punjab, India	5.0	22.0	1 bed	Dedicated bathroom			true	Shivani	https://www.airbnb.com/rooms/1483717063805177149?locale=en-US&currency=USD&check_in=2026-09-01&check_out=2026-09-06
1520814520522919809	Studio Apartment	$70	total	5 nights x $16.58	Private room in bed and breakfast	Private room	Sahibzada Ajit Singh Nagar, Punjab, India	4.5	20.0	1 bed	Private attached bathroom			false	Arjun Chawla	https://www.airbnb.com/rooms/1520814520522919809?locale=en-US&currency=USD&check_in=2026-09-01&check_out=2026-09-06
1749178011006023572	Atithi Sainik Niwas	$63	total	5 nights x $14.98	Entire rental unit	Entire home/apt	Kharar, Punjab, India			1 guest	1 bedroom	1 bed	1 bath	true	Surinder	https://www.airbnb.com/rooms/1749178011006023572?locale=en-US&currency=USD&check_in=2026-09-01&check_out=2026-09-06
1731868896712013295	Spacious Family Stay | Airport | City Centre	$61	total	5 nights x $11.54	Private room in home	Private room	Sahibzada Ajit Singh Nagar, Punjab, India	4.25	4.0	1 double bed	Dedicated bathroom			true	Rajat	https://www.airbnb.com/rooms/1731868896712013295?locale=en-US&currency=USD&check_in=2026-09-01&check_out=2026-09-06
1669374958595075750	Couple friendly studio apartment in kharar	$68	total	5 nights x $12.80	Entire rental unit	Entire home/apt	Sahibzada Ajit Singh Nagar, Punjab, India	4.53	17.0	2 guests	1 bedroom	1 bed	1 bath	true	Vipul	https://www.airbnb.com/rooms/1669374958595075750?locale=en-US&currency=USD&check_in=2026-09-01&check_out=2026-09-06
1756399087001026448	Beautiful Room Near Airport Chandigarh in IT City	$70	total	5 nights x $16.43	Private room in rental unit	Private room	Sahibzada Ajit Singh Nagar, Punjab, India	5.0	1.0	1 king bed	Private attached bathroom			false	Stayjoy	https://www.airbnb.com/rooms/1756399087001026448?locale=en-US&currency=USD&check_in=2026-09-01&check_out=2026-09-06
1728069183834946196	Nap in Chandigarh - Stay calm!	$62	total	5 nights x $11.64	Private room in rental unit	Private room	Gazipur, Punjab, India	5.0	1.0	1 king bed	Private attached bathroom			false	Harry	https://www.airbnb.com/rooms/1728069183834946196?locale=en-US&currency=USD&check_in=2026-10-01&check_out=2026-10-06
647245176791557684	Family apartment- Home in City Beautiful (FF)	$533	total	5 nights x $90.34	Entire serviced apartment	Entire home/apt	Chandigarh, India	4.84	32.0	6 guests	3 bedrooms	3 beds	2 baths	true	Harvinder	https://www.airbnb.com/rooms/647245176791557684?locale=en-US&currency=USD&check_in=2026-10-01&check_out=2026-10-06
1740385133826522785	Jaccuzi suites by JYNX	$446	total	5 nights x $85.52	Room in hotel	Private room	Zirakpur, Punjab, India			1 bed	Private attached bathroom			false	Sarthak	https://www.airbnb.com/rooms/1740385133826522785?locale=en-US&currency=USD&check_in=2026-09-06&check_out=2026-09-11
1583096425504724742	Home away from home.	$59	total	5 nights x $11.16	Private room in home	Private room	Sahibzada Ajit Singh Nagar, Punjab, India	4.54	13.0	1 bed	Private attached bathroom			true	Nazamdeep	https://www.airbnb.com/rooms/1583096425504724742?locale=en-US&currency=USD&check_in=2026-09-01&check_out=2026-09-06
1302098048399938439	Cozy 2-BHK Near Railway Station	$64	total	5 nights x $12.05	Entire home	Entire home/apt	Kalka, Haryana, India	4.85	40.0	4 guests	2 bedrooms	3 beds	1 bath	true	Hemant	https://www.airbnb.com/rooms/1302098048399938439?locale=en-US&currency=USD&check_in=2026-09-01&check_out=2026-09-06
45226034	The Shaurya	$85	total	5 nights x $16.07	Entire home	Entire home/apt	Panchkula, Haryana, India	4.63	155.0	4 guests	2 bedrooms	3 beds	1 bath	false	Bikram Dev	https://www.airbnb.com/rooms/45226034?locale=en-US&currency=USD&check_in=2026-10-16&check_out=2026-10-21
54372302	Premium Room at Ramgarh Heritage Panchkula	$359	total	5 nights x $68.22	Room in heritage hotel	Private room	Panchkula, Haryana, India			1 bed	Shared bathroom			false	Sanchit	https://www.airbnb.com/rooms/54372302?locale=en-US&currency=USD&check_in=2026-09-01&check_out=2026-09-06
1591932254209319152	LivNaaz villa	$65	total	5 nights x $12.28	Private room in home	Private room	Sahibzada Ajit Singh Nagar, Punjab, India	4.2	5.0	1 bed	Private attached bathroom			false	Kuljit	https://www.airbnb.com/rooms/1591932254209319152?locale=en-US&currency=USD&check_in=2026-09-01&check_out=2026-09-06
1722008088600592558	The Ivory Villa	$503	total	5 nights x $85.18	Entire home	Entire home/apt	Kharar, Sunny enclave sector 125, Punjab, India			6 guests	3 bedrooms	3 beds	3 baths	false	Ritu	https://www.airbnb.com/rooms/1722008088600592558?locale=en-US&currency=USD&check_in=2026-09-01&check_out=2026-09-06
1734555028603407981	Avisha Homes cozi 1BHK Stay In Zirakpur	$78	total	5 nights x $14.77	Entire rental unit	Entire home/apt	Zirakpur, Punjab, India	4.81	21.0	3 guests	1 bedroom	1 bed	1 bath	false	Avneet	https://www.airbnb.com/rooms/1734555028603407981?locale=en-US&currency=USD&check_in=2026-09-01&check_out=2026-09-06
41419973	Air Paradise 2	$62	total	5 nights x $11.69	Private room in villa	Private room	Chandigarh, India	4.84	85.0	1 double bed	Private attached bathroom			true	Aman	https://www.airbnb.com/rooms/41419973?locale=en-US&currency=USD&check_in=2026-09-01&check_out=2026-09-06
1721114193284305198	Nap in Chandigarh - Stay calm!	$54	total	5 nights x $10.23	Private room in rental unit	Private room	Gazipur, Punjab, India	4.75	16.0	1 king bed	Private attached bathroom			false	Harry	https://www.airbnb.com/rooms/1721114193284305198?locale=en-US&currency=USD&check_in=2026-09-02&check_out=2026-09-07
1286635823916110864	Bedroom & Kitchen - Walk Mall Cozy Suite	$404	total	5 nights x $96.02	Room in hotel	Private room	Sahibzada Ajit Singh Nagar, Chandigarh, India			2 guests	1 bedroom	1 bed	1 private bath	false	Priyaranjan	https://www.airbnb.com/rooms/1286635823916110864?locale=en-US&currency=USD&check_in=2026-09-04&check_out=2026-09-09
1731113694567902233	3bhk ground nawab house	$359	total	5 nights x $68.26	Entire home	Entire home/apt	Sahibzada Ajit Singh Nagar, Punjab, India	5.0	4.0	7 guests	3 bedrooms	3 beds	3 baths	false	Shivam	https://www.airbnb.com/rooms/1731113694567902233?locale=en-US&currency=USD&check_in=2026-09-01&check_out=2026-09-06
710033258148067971	Red-blossom-home	$127	total	5 nights x $24.14	Private room in home	Private room	Panchkula, Punjab, India	4.82	11.0	1 double bed	Dedicated bathroom			true	Reeta	https://www.airbnb.com/rooms/710033258148067971?locale=en-US&currency=USD&check_in=2026-09-04&check_out=2026-09-09
53818173	Adorable 1-bedroom  with cheerful lawn and swing	$76	total	5 nights x $14.47	Private room in guest suite	Private room	Panchkula, Haryana, India	4.74	103.0	1 bed	Shared bathroom			true	Sunita	https://www.airbnb.com/rooms/53818173?locale=en-US&currency=USD&check_in=2026-09-27&check_out=2026-10-02
1286120604133504893	Bedroom & Kitchen - Walk Mall Comfort Corner	$379	total	5 nights x $90.04	Room in hotel	Private room	Sahibzada Ajit Singh Nagar, Chandigarh, India			2 guests	1 bedroom	1 bed	1 private bath	false	Priyaranjan	https://www.airbnb.com/rooms/1286120604133504893?locale=en-US&currency=USD&check_in=2026-09-05&check_out=2026-09-10
1564268277189963123	Luxury Stay in Medellion Sector 82 Mohali	$375	total	5 nights x $71.36	Entire rental unit	Entire home/apt	Sahibzada Ajit Singh Nagar, Punjab, India	5.0	2.0	7 guests	3 bedrooms	3 beds	3 baths	true	HarAmrit	https://www.airbnb.com/rooms/1564268277189963123?locale=en-US&currency=USD&check_in=2026-09-01&check_out=2026-09-06
1286134737101720162	Bedroom & Kitchen - Modern Retreat in Mohali Walk	$380	total	5 nights x $90.25	Room in hotel	Private room	Sahibzada Ajit Singh Nagar, Chandigarh, India			2 guests	1 bedroom	1 bed	1 private bath	false	Priyaranjan	https://www.airbnb.com/rooms/1286134737101720162?locale=en-US&currency=USD&check_in=2026-09-03&check_out=2026-09-08
1754224578599661558	Housebound a stay for your comfort	$78	total	5 nights x $18.34	Entire rental unit	Entire home/apt	Zirakpur, Punjab, India	5.0	1.0	2 guests	1 bedroom	1 bed	1 bath	false	Naman	https://www.airbnb.com/rooms/1754224578599661558?locale=en-US&currency=USD&check_in=2026-09-01&check_out=2026-09-06
1428962620261450994	Room & Private Dining Experienceat City Heart	$376	total	5 nights x $89.51	Room in hotel	Private room	Chandigarh, India			5 guests	1 bedroom	1 bed	1 private bath	false	Vaibhav	https://www.airbnb.com/rooms/1428962620261450994?locale=en-US&currency=USD&check_in=2026-09-01&check_out=2026-09-06
1026863454613062045	Dreamville B&W	$348	total	5 nights x $66.26	Entire home	Entire home/apt	Chandigarh, India	4.46	78.0	6 guests	3 bedrooms	3 beds	3 baths	false	Heruka	https://www.airbnb.com/rooms/1026863454613062045?locale=en-US&currency=USD&check_in=2026-09-06&check_out=2026-09-11
1556176193101382542	3Bhk in Sec 9 Panchkula	$405	total	5 nights x $76.99	Entire rental unit	Entire home/apt	Panchkula, Haryana, India			8 guests	3 bedrooms	1 bed	3 baths	false	Riya	https://www.airbnb.com/rooms/1556176193101382542?locale=en-US&currency=USD&check_in=2026-09-01&check_out=2026-09-06
668604437302508002	Spacious 3BHK House + Lawn	$355	total	5 nights x $67.46	Entire home	Entire home/apt	Sahibzada Ajit Singh Nagar, India	4.75	28.0	8 guests	3 bedrooms	3 beds	3 baths	true	Gauri	https://www.airbnb.com/rooms/668604437302508002?locale=en-US&currency=USD&check_in=2026-10-13&check_out=2026-10-18
1286114910854394882	Bedroom & Kitchen -Modern Getaway near Fortis	$380	total	5 nights x $90.25	Room in hotel	Private room	Sahibzada Ajit Singh Nagar, Chandigarh, India			2 guests	1 bedroom	1 bed	1 private bath	false	Priyaranjan	https://www.airbnb.com/rooms/1286114910854394882?locale=en-US&currency=USD&check_in=2026-09-03&check_out=2026-09-08
1354383579369669482	The Loft house by Aerostays.	$342	total	5 nights x $65.05	Entire condo	Entire home/apt	Sahibzada Ajit Singh Nagar, Punjab, India	4.82	11.0	8 guests	4 bedrooms	4 beds	3 baths	false	Ani	https://www.airbnb.com/rooms/1354383579369669482?locale=en-US&currency=USD&check_in=2026-09-01&check_out=2026-09-06
868586587215004154	volcaresorts-pool party, cottages, marriage	$365	total	5 nights x $69.93	Private room in farm stay	Private room	Ramgarh, Haryana, India	5.0	1.0	16+ guests	20 bedrooms	20 beds	20 baths	false	Volcastay	https://www.airbnb.com/rooms/868586587215004154?locale=en-US&currency=USD&check_in=2026-09-01&check_out=2026-09-06
1555812833232389151	Secret House 3bhk by Aerostays.	$338	total	5 nights x $64.23	Entire home	Entire home/apt	Sahibzada Ajit Singh Nagar, Punjab, India	4.78	9.0	6 guests	3 bedrooms	3 beds	2 baths	false	Ani	https://www.airbnb.com/rooms/1555812833232389151?locale=en-US&currency=USD&check_in=2026-09-01&check_out=2026-09-06
1623953526520744597	Wave garden cozy stay	$373	total	5 nights x $70.95	Entire rental unit	Entire home/apt	Sahibzada Ajit Singh Nagar, Punjab, India	4.77	44.0	10 guests	3 bedrooms	3 beds	4 baths	true	Amandeep	https://www.airbnb.com/rooms/1623953526520744597?locale=en-US&currency=USD&check_in=2026-09-05&check_out=2026-09-10
901905534145870256	24 Rooms & Banquet Hotel KC Royal	$73	total	5 nights x $13.85	Room in hotel	Private room	Zirakpur, Punjab, India	1.0	2.0	16+ guests	21 bedrooms	21 beds	22 baths	false	Sanjeev	https://www.airbnb.com/rooms/901905534145870256?locale=en-US&currency=USD&check_in=2026-09-01&check_out=2026-09-06
1628363229164623161	3 BHK Super Luxurious Ashiyana	$384	total	5 nights x $73.14	Entire rental unit	Entire home/apt	Sahibzada Ajit Singh Nagar, Punjab, India	5.0	3.0	6 guests	3 bedrooms	3 beds	2 baths	true	Sameer	https://www.airbnb.com/rooms/1628363229164623161?locale=en-US&currency=USD&check_in=2026-09-01&check_out=2026-09-06
1110788338817393178	Tamarind Hotel	$394	total	5 nights x $75.47	Room in hotel	Private room	Sahibzada Ajit Singh Nagar, Punjab, India			2 guests	1 bedroom	1 bed	1.5 baths	false	Jaspal	https://www.airbnb.com/rooms/1110788338817393178?locale=en-US&currency=USD&check_in=2026-09-01&check_out=2026-09-06
1286117488227823081	Bedroom & Kitchen Sahibzada Ajit Singh Nagar	$379	total	5 nights x $90.04	Room in hotel	Private room	Sahibzada Ajit Singh Nagar, Chandigarh, India			2 guests	1 bedroom	1 bed	1 private bath	false	Priyaranjan	https://www.airbnb.com/rooms/1286117488227823081?locale=en-US&currency=USD&check_in=2026-09-05&check_out=2026-09-10
820186597316013046	Luxury serviced apartment	$413	total	5 nights x $79.24	Entire rental unit	Entire home/apt	Sahibzada Ajit Singh Nagar, Punjab, India	5.0	1.0	6 guests	3 bedrooms	3 beds	3 baths	false	Anil	https://www.airbnb.com/rooms/820186597316013046?locale=en-US&currency=USD&check_in=2026-09-01&check_out=2026-09-06
1525422617393369960	The Modern House – where design meets comfort	$412	total	5 nights x $78.99	Entire rental unit	Entire home/apt	Zirakpur, Punjab, India	5.0	69.0	6 guests	3 bedrooms	3 beds	3 baths	true	RN Casa	https://www.airbnb.com/rooms/1525422617393369960?locale=en-US&currency=USD&check_in=2026-09-01&check_out=2026-09-06
1185166824364333525	Room #1 The Snuggle Suite	$75	total	5 nights x $14.18	Private room in home	Private room	Sahibzada Ajit Singh Nagar, Punjab, India	4.8	87.0	1 king bed	Private attached bathroom			true	Ayush	https://www.airbnb.com/rooms/1185166824364333525?locale=en-US&currency=USD&check_in=2026-09-01&check_out=2026-09-06
1561382661706415244	Shivalik 6 Nest	$340	total	5 nights x $65.23	Private room in home	Private room	New Chandigarh, Punjab, India			3 bedrooms	6 beds	Private attached bathroom		false	Sunali	https://www.airbnb.com/rooms/1561382661706415244?locale=en-US&currency=USD&check_in=2026-09-01&check_out=2026-09-06
1138087548627991422	Suite at Zirakpur,Fiora Inn	$364	total	5 nights x $69.25	Room in hotel	Private room	Zirakpur, Punjab, India			6 guests	2 bedrooms	1 bed	0 baths	false	Happinder	https://www.airbnb.com/rooms/1138087548627991422?locale=en-US&currency=USD&check_in=2026-09-01&check_out=2026-09-06
1286138851571784044	Bedroom & Kitchen - Premium stay near Fortis	$379	total	5 nights x $90.04	Room in hotel	Private room	Sahibzada Ajit Singh Nagar, Chandigarh, India	5.0	1.0	2 guests	1 bedroom	1 bed	1 private bath	false	Priyaranjan	https://www.airbnb.com/rooms/1286138851571784044?locale=en-US&currency=USD&check_in=2026-09-04&check_out=2026-09-09
1494732754656527239	Suite in Chandigarh Main City	$394	total	5 nights x $75.47	Entire rental unit	Entire home/apt	Chandigarh, India			4 guests	2 bedrooms	2 beds	2 baths	false	Manvinder Kaur	https://www.airbnb.com/rooms/1494732754656527239?locale=en-US&currency=USD&check_in=2026-09-01&check_out=2026-09-06
1288208088624564973	Spacious  3BR/3BA Modern Retreat	$394	total	5 nights x $75.47	Entire rental unit	Entire home/apt	Zirakpur, Punjab, India	4.0	1.0	9 guests	3 bedrooms	3 beds	3 baths	false	Nikita	https://www.airbnb.com/rooms/1288208088624564973?locale=en-US&currency=USD&check_in=2026-09-01&check_out=2026-09-06
1625456540339949430	Villa Aurena- GF | Luxury Living with Private Lawn	$397	total	5 nights x $92.04	Entire home	Entire home/apt	Sahibzada Ajit Singh Nagar, Punjab, India			8 guests	2 bedrooms	3 beds	2 baths	false	Harminder Singh	https://www.airbnb.com/rooms/1625456540339949430?locale=en-US&currency=USD&check_in=2026-09-01&check_out=2026-09-06
1138086439031145453	Executive full board at Zirakpur	$364	total	5 nights x $69.25	Room in hotel	Private room	Zirakpur, Punjab, India			5 guests	1 bedroom	1 bed	0 baths	false	Happinder	https://www.airbnb.com/rooms/1138086439031145453?locale=en-US&currency=USD&check_in=2026-09-01&check_out=2026-09-06
1181816072523772654	Best apartment with all the facilities U Like It @	$401	total	5 nights x $76.85	Entire condo	Entire home/apt	Zirakpur, Punjab, India			6 guests	4 bedrooms	6 beds	4 baths	false	Saurabh	https://www.airbnb.com/rooms/1181816072523772654?locale=en-US&currency=USD&check_in=2026-09-01&check_out=2026-09-06
1286197044841296500	Bedroom & Kitchen - Quiet Retreat in Walk Mall	$404	total	5 nights x $96.02	Room in hotel	Private room	Sahibzada Ajit Singh Nagar, Chandigarh, India			2 guests	1 bedroom	1 bed	1 private bath	false	Priyaranjan	https://www.airbnb.com/rooms/1286197044841296500?locale=en-US&currency=USD&check_in=2026-09-11&check_out=2026-09-16
1138078608488283304	Deluxe half board at Zirakpur	$386	total	5 nights x $73.45	Room in hotel	Private room	Zirakpur, Punjab, India			2 guests	9 bedrooms	1 bed	0 baths	false	Happinder	https://www.airbnb.com/rooms/1138078608488283304?locale=en-US&currency=USD&check_in=2026-09-01&check_out=2026-09-06
1138076010039903851	Deluxe BB at Zirakpur,Fiora Inn	$353	total	5 nights x $67.16	Room in hotel	Private room	Zirakpur, Punjab, India			2 guests	9 bedrooms	1 bed	1 bath	false	Happinder	https://www.airbnb.com/rooms/1138076010039903851?locale=en-US&currency=USD&check_in=2026-09-01&check_out=2026-09-06
1758840056517048427	Anandham -Easy for guests to remember	$72	total	5 nights x $16.99	Entire rental unit	Entire home/apt	Nabha, Punjab, India	5.0	1.0	2 guests	1 bedroom	2 beds	1 bath	false	Aashima	https://www.airbnb.com/rooms/1758840056517048427?locale=en-US&currency=USD&check_in=2026-09-01&check_out=2026-09-06
1717323749590420125	Elegant 3BHK | The Florence Residence	$399	total	5 nights x $75.90	Entire condo	Entire home/apt	Mullanpur Garib Dass, Punjab, India	1.0	1.0	8 guests	3 bedrooms	3 beds	3 baths	false	Gagandeep	https://www.airbnb.com/rooms/1717323749590420125?locale=en-US&currency=USD&check_in=2026-09-01&check_out=2026-09-06
1138090348026022720	Suite BB at Zirakpur,Fiora Inn	$408	total	5 nights x $77.65	Room in hotel	Private room	Zirakpur, Punjab, India			2 guests	2 bedrooms	1 bed	0 baths	false	Happinder	https://www.airbnb.com/rooms/1138090348026022720?locale=en-US&currency=USD&check_in=2026-09-01&check_out=2026-09-06
1286126493073686176	Bedroom & Kitchen - Serene Stay in Walk Mall	$379	total	5 nights x $90.04	Room in hotel	Private room	Sahibzada Ajit Singh Nagar, Chandigarh, India			2 guests	1 bedroom	1 bed	1 private bath	false	Priyaranjan	https://www.airbnb.com/rooms/1286126493073686176?locale=en-US&currency=USD&check_in=2026-09-04&check_out=2026-09-09
1744063103706401650	The Beret Suites - Spacious 3BHK	$367	total	5 nights x $87.31	Entire guest suite	Entire home/apt	Kharar, Punjab, India			8 guests	3 bedrooms	5 beds	3 baths	false	Sunil	https://www.airbnb.com/rooms/1744063103706401650?locale=en-US&currency=USD&check_in=2026-09-01&check_out=2026-09-06
1436052602696477772	Stay Royal Villa	$386	total	5 nights x $73.46	Entire villa	Entire home/apt	Kharar, Punjab, India	5.0	4.0	8 guests	4 bedrooms	4 beds	4 baths	false	Anubhav	https://www.airbnb.com/rooms/1436052602696477772?locale=en-US&currency=USD&check_in=2026-09-01&check_out=2026-09-06
1286114737753256013	Bedroom & Kitchen- Mohali’s Hidden Gem near Fortis	$377	total	5 nights x $89.62	Room in hotel	Private room	Sahibzada Ajit Singh Nagar, Chandigarh, India			2 guests	1 bedroom	1 bed	1 private bath	false	Priyaranjan	https://www.airbnb.com/rooms/1286114737753256013?locale=en-US&currency=USD&check_in=2026-09-17&check_out=2026-09-22
1286105613760354644	Bedroom & Kitchen In Sahibzada Ajit Singh Nagar	$377	total	5 nights x $89.62	Room in hotel	Private room	Sahibzada Ajit Singh Nagar, Chandigarh, India			2 guests	1 bedroom	1 bed	1 private bath	false	Priyaranjan	https://www.airbnb.com/rooms/1286105613760354644?locale=en-US&currency=USD&check_in=2026-09-10&check_out=2026-09-15
1730223928915970503	Oasis luxury 3bhk	$392	total	5 nights x $74.64	Entire home	Entire home/apt	Sahibzada Ajit Singh Nagar, Punjab, India	5.0	1.0	6 guests	3 bedrooms	3 beds	3 baths	true	Kamaljeet	https://www.airbnb.com/rooms/1730223928915970503?locale=en-US&currency=USD&check_in=2026-09-01&check_out=2026-09-06
1234546180290983836	Season 22| 3BHK Homestay |Mohali	$393	total	5 nights x $75.45	Entire home	Entire home/apt	Sahibzada Ajit Singh Nagar, Punjab, India	5.0	2.0	6 guests	3 bedrooms	3 beds	4 baths	false	Aditi	https://www.airbnb.com/rooms/1234546180290983836?locale=en-US&currency=USD&check_in=2026-09-01&check_out=2026-09-06
1286132020653536262	Bedroom & Kitchen - Convenient Stay near Fortis	$379	total	5 nights x $90.04	Room in hotel	Private room	Sahibzada Ajit Singh Nagar, Chandigarh, India			2 guests	1 bedroom	1 bed	1 private bath	false	Priyaranjan	https://www.airbnb.com/rooms/1286132020653536262?locale=en-US&currency=USD&check_in=2026-09-05&check_out=2026-09-10
1752501785216793912	Glass house| 4bhk | Near Airport	$397	total	5 nights x $94.45	Entire home	Entire home/apt	Sahibzada Ajit Singh Nagar, Punjab, India			8 guests	4 bedrooms	4 beds	3 baths	true	Anu	https://www.airbnb.com/rooms/1752501785216793912?locale=en-US&currency=USD&check_in=2026-09-01&check_out=2026-09-06
1228835734579363034	Luxury 2BHK | City View | Kitchen- Elegance Homes	$340	total	5 nights x $64.64	Entire rental unit	Entire home/apt	Zirakpur, Punjab, India			8 guests	2 bedrooms	4 beds	2 baths	false	Surbhi	https://www.airbnb.com/rooms/1228835734579363034?locale=en-US&currency=USD&check_in=2026-09-01&check_out=2026-09-06
1719011636613077925	Its 3bhk |self check inn|luxury property	$341	total	5 nights x $68.22	Entire rental unit	Entire home/apt	Sahibzada Ajit Singh Nagar, Punjab, India	4.5	10.0	8 guests	3 bedrooms	3 beds	2 baths	false	Gorang	https://www.airbnb.com/rooms/1719011636613077925?locale=en-US&currency=USD&check_in=2026-09-01&check_out=2026-09-06
1550146687282320111	the gold DEN - where the wild meets luxury	$354	total	5 nights x $67.86	Entire rental unit	Entire home/apt	Zirakpur, Punjab, India	5.0	62.0	6 guests	3 bedrooms	3 beds	3 baths	true	RN Casa	https://www.airbnb.com/rooms/1550146687282320111?locale=en-US&currency=USD&check_in=2026-09-01&check_out=2026-09-06
1286636140540502439	Bedroom & Kitchen - Chic Urban Stay in Mohali	$404	total	5 nights x $96.02	Room in hotel	Private room	Sahibzada Ajit Singh Nagar, Chandigarh, India			2 guests	1 bedroom	1 bed	1 private bath	false	Priyaranjan	https://www.airbnb.com/rooms/1286636140540502439?locale=en-US&currency=USD&check_in=2026-09-04&check_out=2026-09-09
1557772889517052436	Luxury Stays	$397	total	5 nights x $94.45	Entire rental unit	Entire home/apt	Manauli, Punjab, India			6 guests	3 bedrooms	3 beds	3 baths	true	Anmol	https://www.airbnb.com/rooms/1557772889517052436?locale=en-US&currency=USD&check_in=2026-09-01&check_out=2026-09-06
1135663022000257961	Soothing Skies Penthouse	$395	total	5 nights x $75.82	Entire rental unit	Entire home/apt	Zirakpur, Punjab, India	4.86	7.0	6 guests	2 bedrooms	2 beds	2 baths	false	Akash	https://www.airbnb.com/rooms/1135663022000257961?locale=en-US&currency=USD&check_in=2026-09-01&check_out=2026-09-06
1286129436569188286	Bedroom & Kitchen - Fortis Walk Apartment	$379	total	5 nights x $90.04	Room in hotel	Private room	Sahibzada Ajit Singh Nagar, Chandigarh, India			2 guests	1 bedroom	1 bed	1 private bath	false	Priyaranjan	https://www.airbnb.com/rooms/1286129436569188286?locale=en-US&currency=USD&check_in=2026-09-04&check_out=2026-09-09
1379017295785896341	The Ivory Loft - New Chandigarh	$359	total	5 nights x $68.92	Entire rental unit	Entire home/apt	New Chandigarh, Punjab, India	4.35	20.0	6 guests	3 bedrooms	3 beds	3 baths	false	The Ivory Loft	https://www.airbnb.com/rooms/1379017295785896341?locale=en-US&currency=USD&check_in=2026-09-01&check_out=2026-09-06
1286204189890211377	Bedroom & Kitchen - Mohali Walk Mall Luxury Suite	$409	total	5 nights x $97.18	Room in hotel	Private room	Sahibzada Ajit Singh Nagar, Chandigarh, India			2 guests	1 bedroom	1 bed	1 private bath	false	Priyaranjan	https://www.airbnb.com/rooms/1286204189890211377?locale=en-US&currency=USD&check_in=2026-09-17&check_out=2026-09-22
38656980	Villa 5 Mohali 2 Room set	$398	total	5 nights x $76.41	Private room in villa	Private room	Sahibzada Ajit Singh Nagar, Punjab, India	4.38	8.0	2 bedrooms	2 king beds	Shared bathroom		true	Sunil	https://www.airbnb.com/rooms/38656980?locale=en-US&currency=USD&check_in=2026-09-01&check_out=2026-09-06
1286132190193180750	Bedroom & Kitchen - Suite in Walk Mall Mohali	$379	total	5 nights x $90.04	Room in hotel	Private room	Sahibzada Ajit Singh Nagar, Chandigarh, India			2 guests	1 bedroom	1 bed	1 private bath	false	Priyaranjan	https://www.airbnb.com/rooms/1286132190193180750?locale=en-US&currency=USD&check_in=2026-09-04&check_out=2026-09-09
1371449038740874104	Refined 3BR Independent Apt in Tricity Mohali	$332	total	5 nights x $63.15	Entire rental unit	Entire home/apt	Sahibzada Ajit Singh Nagar, Punjab, India	5.0	2.0	6 guests	3 bedrooms	3 beds	2 baths	false	Sagar	https://www.airbnb.com/rooms/1371449038740874104?locale=en-US&currency=USD&check_in=2026-09-01&check_out=2026-09-06
1470953931057197002	Riche Rich Luxury 3 BHK	$393	total	5 nights x $75.27	Entire home	Entire home/apt	Sahibzada Ajit Singh Nagar, Punjab, India			7 guests	3 bedrooms	3 beds	3 baths	false	Sahil	https://www.airbnb.com/rooms/1470953931057197002?locale=en-US&currency=USD&check_in=2026-09-01&check_out=2026-09-06
1651208221126957787	The Hive Stays	$456	total	5 nights x $87.55	Entire rental unit	Entire home/apt	Panchkula, Haryana, India			10 guests	4 bedrooms	4 beds	4 baths	false	Harshit	https://www.airbnb.com/rooms/1651208221126957787?locale=en-US&currency=USD&check_in=2026-09-01&check_out=2026-09-06
1648297696562784023	4Bhk luxury home	$338	total	5 nights x $64.37	Entire home	Entire home/apt	Zirakpur, Punjab, India	4.7	10.0	13 guests	4 bedrooms	4 beds	5 baths	false	Mayank	https://www.airbnb.com/rooms/1648297696562784023?locale=en-US&currency=USD&check_in=2026-09-01&check_out=2026-09-06
1286648536589446955	Bedroom & Kitchen - Premium Suite near Fortis	$404	total	5 nights x $96.02	Room in hotel	Private room	Sahibzada Ajit Singh Nagar, Chandigarh, India			2 guests	1 bedroom	1 bed	1 private bath	false	Priyaranjan	https://www.airbnb.com/rooms/1286648536589446955?locale=en-US&currency=USD&check_in=2026-09-04&check_out=2026-09-09
1285973147586501055	Luxury Apartment in Sahibzada Ajit Singh Nagar	$467	total	5 nights x $98.76	Room in hotel	Private room	Sahibzada Ajit Singh Nagar, Chandigarh, India			2 guests	1 bedroom	1 bed	1 private bath	false	Priyaranjan	https://www.airbnb.com/rooms/1285973147586501055?locale=en-US&currency=USD&check_in=2026-09-05&check_out=2026-09-10
1683905943071653713	The Golden Retreat | Mohali	$386	total	5 nights x $73.46	Entire home	Entire home/apt	Sahibzada Ajit Singh Nagar, Punjab, India	4.67	6.0	8 guests	3 bedrooms	3 beds	4 baths	true	Vasu	https://www.airbnb.com/rooms/1683905943071653713?locale=en-US&currency=USD&check_in=2026-10-01&check_out=2026-10-06
1657803703884668900	Chopra’s Penthouse	$489	total	5 nights x $103.36	Entire rental unit	Entire home/apt	Gazipur, Punjab, India			10 guests	4 bedrooms	4 beds	5 baths	false	Kritika	https://www.airbnb.com/rooms/1657803703884668900?locale=en-US&currency=USD&check_in=2026-09-01&check_out=2026-09-06
1631865023812678775	Evora House - Fest • Near Airport, Amity, Plaksha	$362	total	5 nights x $68.84	Entire home	Entire home/apt	Mohali, Punjab, India	4.91	32.0	11 guests	3 bedrooms	4 beds	3.5 baths	true	Ajay	https://www.airbnb.com/rooms/1631865023812678775?locale=en-US&currency=USD&check_in=2026-09-17&check_out=2026-09-22
1742836534223255230	The Perch 1 - where home meets happiness	$341	total	5 nights x $79.05	Entire home	Entire home/apt	Sahibzada Ajit Singh Nagar, Punjab, India	5.0	1.0	5 guests	2 bedrooms	2 beds	3 baths	true	RN Casa	https://www.airbnb.com/rooms/1742836534223255230?locale=en-US&currency=USD&check_in=2026-09-01&check_out=2026-09-06
1760720666634530897	Premium stay Near Chandigarh	$79	total	5 nights x $18.77	Room in hotel	Private room	Chandigarh, Punjab, India			2 guests	1 bedroom	1 bed	1 private bath	false	Ashish	https://www.airbnb.com/rooms/1760720666634530897?locale=en-US&currency=USD&check_in=2026-09-01&check_out=2026-09-06
1059738729377899807	Luxury Studio 1 @HomiStay	$117	total	5 nights x $22.18	Entire home	Entire home/apt	Panchkula, Haryana, India	4.85	125.0	3 guests	1 bedroom	1 bed	1 bath	true	Mandeep	https://www.airbnb.com/rooms/1059738729377899807?locale=en-US&currency=USD&check_in=2026-09-01&check_out=2026-09-06
1658622208821583289	Private Studio C2 with access to common areas	$123	total	5 nights x $23.40	Private room in home	Private room	Panchkula, Haryana, India	4.89	27.0	1 king bed	Private attached bathroom			true	Mandeep	https://www.airbnb.com/rooms/1658622208821583289?locale=en-US&currency=USD&check_in=2026-09-01&check_out=2026-09-06
1306994803665473444	Room with  view of Shivalik hills	$434	total	5 nights x $83.30	Private room in farm stay	Private room	Chandigarh, Punjab, India	5.0	1.0	1 bed	Private attached bathroom			false	Kanwal	https://www.airbnb.com/rooms/1306994803665473444?locale=en-US&currency=USD&check_in=2026-09-01&check_out=2026-09-06
1286117446839645187	Bedroom & Kitchen - Stylish Apartment near Fortis	$379	total	5 nights x $90.04	Room in hotel	Private room	Sahibzada Ajit Singh Nagar, Chandigarh, India			2 guests	1 bedroom	1 bed	1 private bath	false	Priyaranjan	https://www.airbnb.com/rooms/1286117446839645187?locale=en-US&currency=USD&check_in=2026-09-05&check_out=2026-09-10
1598600799268168798	Moonstone Comfy 2BHK | Near Airport| WiFi	$343	total	5 nights x $65.28	Entire rental unit	Entire home/apt	Zirakpur, Punjab, India	5.0	12.0	8 guests	3 bedrooms	5 beds	3 baths	true	Charu	https://www.airbnb.com/rooms/1598600799268168798?locale=en-US&currency=USD&check_in=2026-09-01&check_out=2026-09-06
1286646346247666952	Bedroom & Kitchen - Comfy Walk Mall Crib	$404	total	5 nights x $96.02	Room in hotel	Private room	Sahibzada Ajit Singh Nagar, Chandigarh, India			2 guests	1 bedroom	1 bed	1 private bath	false	Priyaranjan	https://www.airbnb.com/rooms/1286646346247666952?locale=en-US&currency=USD&check_in=2026-09-04&check_out=2026-09-09
1286200226857286382	Bedroom & Kitchen - Mohali Comfort Crib	$404	total	5 nights x $96.02	Room in hotel	Private room	Sahibzada Ajit Singh Nagar, Chandigarh, India			2 guests	1 bedroom	1 bed	1 private bath	false	Priyaranjan	https://www.airbnb.com/rooms/1286200226857286382?locale=en-US&currency=USD&check_in=2026-09-04&check_out=2026-09-09
1639105369122900503	Independent Villa 4 BHK	$362	total	5 nights x $85.93	Entire home	Entire home/apt	Sahibzada Ajit Singh Nagar, Punjab, India			8 guests	4 bedrooms	4 beds	4.5 baths	true	Punam	https://www.airbnb.com/rooms/1639105369122900503?locale=en-US&currency=USD&check_in=2026-09-01&check_out=2026-09-06
1366506823418429000	Independent Classical Luxury 2Bhk.	$456	total	5 nights x $87.41	Entire rental unit	Entire home/apt	Sahibzada Ajit Singh Nagar, Punjab, India	5.0	1.0	4 guests	2 bedrooms	2 beds	2 baths	true	Sakshi	https://www.airbnb.com/rooms/1366506823418429000?locale=en-US&currency=USD&check_in=2026-09-01&check_out=2026-09-06
1685547456951763118	Nawab homes	$481	total	5 nights x $81.40	Entire home	Entire home/apt	Sahibzada Ajit Singh Nagar, Punjab, India	5.0	1.0	7 guests	3 bedrooms	3 beds	3 baths	false	Rahil	https://www.airbnb.com/rooms/1685547456951763118?locale=en-US&currency=USD&check_in=2026-09-01&check_out=2026-09-06
1283051799102141261	Rustic Abode  by Live@Next Invest (sector85)	$179	total	5 nights x $35.09	Entire condo	Entire home/apt	Sahibzada Ajit Singh Nagar, Punjab, India	4.96	46.0	3 guests	1 bedroom	1 bed	1 bath	true	Ish	https://www.airbnb.com/rooms/1283051799102141261?locale=en-US&currency=USD&check_in=2026-09-08&check_out=2026-09-13
1354393938729625009	Urban Suite | Luxury 1BHK | near CP67 Mall	$182	total	5 nights x $34.86	Entire rental unit	Entire home/apt	Sahibzada Ajit Singh Nagar, Punjab, India	4.9	61.0	3 guests	1 bedroom	1 bed	1 bath	false	Sohil	https://www.airbnb.com/rooms/1354393938729625009?locale=en-US&currency=USD&check_in=2026-09-01&check_out=2026-09-06
695305408184805582	Casa dura	$144	total	5 nights x $27.31	Private room in bed and breakfast	Private room	Panchkula, Haryana, India	4.97	38.0	1 queen bed	Private attached bathroom			true	Haarsh Jakhar	https://www.airbnb.com/rooms/695305408184805582?locale=en-US&currency=USD&check_in=2026-09-01&check_out=2026-09-06
1513498841381747016	Smart Budget Stay –  Hotel Comfort	$345	total	5 nights x $79.89	Room in hotel	Private room	Panchkula, Haryana, India			5 bedrooms	5 beds	Private attached bathroom		false	Abhishek	https://www.airbnb.com/rooms/1513498841381747016?locale=en-US&currency=USD&check_in=2026-09-01&check_out=2026-09-06
897663468316980665	Volcastay village life-mud huts ,near airport	$397	total	5 nights x $76.22	Private room in farm stay	Private room	Manauli, Punjab, India	5.0	1.0	14 bedrooms	7 king beds	Shared bathroom		false	Volcastay	https://www.airbnb.com/rooms/897663468316980665?locale=en-US&currency=USD&check_in=2026-09-01&check_out=2026-09-06
1684195211125014878	Aesthetic Pinterest stay with Private Rooftop	$506	total	5 nights x $85.71	Entire rental unit	Entire home/apt	Zirakpur, Punjab, India	4.73	11.0	6 guests	3 bedrooms	3 beds	3 baths	false	Pallavi	https://www.airbnb.com/rooms/1684195211125014878?locale=en-US&currency=USD&check_in=2026-09-01&check_out=2026-09-06
1735346206213086587	Home Stay · Private Lift · Near Airport & Fortis	$230	total	5 nights x $54.21	Entire condo	Entire home/apt	Sahibzada Ajit Singh Nagar, Punjab, India			4 guests	2 bedrooms	2 beds	2.5 baths	false	Kamlesh	https://www.airbnb.com/rooms/1735346206213086587?locale=en-US&currency=USD&check_in=2026-09-01&check_out=2026-09-06
1678255838677363302	Peaceful 2BHK First Floor Retreat	$76	total	5 nights x $14.46	Entire home	Entire home/apt	Sahibzada Ajit Singh Nagar, Punjab, India	5.0	15.0	4 guests	2 bedrooms	2 beds	2 baths	true	Kirti	https://www.airbnb.com/rooms/1678255838677363302?locale=en-US&currency=USD&check_in=2026-09-01&check_out=2026-09-06
906420881066158827	Panoramic  penthouse-35	$413	total	5 nights x $79.23	Entire condo	Entire home/apt	Sahibzada Ajit Singh Nagar, Punjab, India	4.8	5.0	8 guests	2 bedrooms	2 beds	3 baths	false	Rahul	https://www.airbnb.com/rooms/906420881066158827?locale=en-US&currency=USD&check_in=2026-09-01&check_out=2026-09-06
1243581586344115007	Cosy Affordable Hygienic Stay	$79	total	5 nights x $14.91	Private room in rental unit	Private room	Sahibzada Ajit Singh Nagar, Punjab, India	4.77	149.0	1 bed	Private attached bathroom			true	Satwinder	https://www.airbnb.com/rooms/1243581586344115007?locale=en-US&currency=USD&check_in=2026-09-01&check_out=2026-09-06
1225405067729347208	The Roadhouse | Minutes from the Runway	$514	total	5 nights x $86.99	Entire home	Entire home/apt	Mohali, Punjab, India	4.23	80.0	15 guests	3 bedrooms	3 beds	3 baths	false	Gaurav	https://www.airbnb.com/rooms/1225405067729347208?locale=en-US&currency=USD&check_in=2026-09-06&check_out=2026-09-11
1286644225081719282	Bedroom & Kitchen - Serene Stay in Mohali Walk	$409	total	5 nights x $97.28	Room in hotel	Private room	Sahibzada Ajit Singh Nagar, Chandigarh, India			2 guests	1 bedroom	1 bed	1 private bath	false	Priyaranjan	https://www.airbnb.com/rooms/1286644225081719282?locale=en-US&currency=USD&check_in=2026-09-20&check_out=2026-09-25
1584638528424995851	Comfortable stay for family	$372	total	5 nights x $86.14	Entire home	Entire home/apt	Sahibzada Ajit Singh Nagar, Punjab, India			3 guests	1 bedroom	1 bed	1 bath	false	Harsimranvir	https://www.airbnb.com/rooms/1584638528424995851?locale=en-US&currency=USD&check_in=2026-09-01&check_out=2026-09-06
1049125330326718667	Fursat Villa	$359	total	5 nights x $68.77	Entire villa	Entire home/apt	Alipur, Punjab, India			6 guests	3 bedrooms	3 beds	3 baths	false	Kartik	https://www.airbnb.com/rooms/1049125330326718667?locale=en-US&currency=USD&check_in=2026-09-01&check_out=2026-09-06
1444976576422015904	Deluxe Chic Stay w/ Pool & GYM–Zirakpur Chandigarh	$495	total	5 nights x $83.86	Room in boutique hotel	Hotel room	Zirakpur, Punjab, India			2 guests	1 bedroom	2 beds	1 shared bath	false	Emma	https://www.airbnb.com/rooms/1444976576422015904?locale=en-US&currency=USD&check_in=2026-09-01&check_out=2026-09-06
1442550552506862235	Amber House by Aerostays	$382	total	5 nights x $72.67	Entire rental unit	Entire home/apt	Sahibzada Ajit Singh Nagar, Punjab, India	4.5	10.0	8 guests	4 bedrooms	4 beds	3 baths	false	Ani	https://www.airbnb.com/rooms/1442550552506862235?locale=en-US&currency=USD&check_in=2026-09-01&check_out=2026-09-06
1586748416229103348	Chic Homes - A 4bhk apartment in 2 floors.	$400	total	5 nights x $76.08	Entire home	Entire home/apt	Zirakpur, Punjab, India			8 guests	4 bedrooms	4 beds	4 baths	false	Diksha	https://www.airbnb.com/rooms/1586748416229103348?locale=en-US&currency=USD&check_in=2026-09-01&check_out=2026-09-06
1286126799347729246	Bedroom & Kitchen - Tranquil Apartment by Fortis	$379	total	5 nights x $90.04	Room in hotel	Private room	Sahibzada Ajit Singh Nagar, Chandigarh, India			2 guests	1 bedroom	1 bed	1 private bath	false	Priyaranjan	https://www.airbnb.com/rooms/1286126799347729246?locale=en-US&currency=USD&check_in=2026-09-04&check_out=2026-09-09
1286203847940201594	Bedroom & Kitchen - Cozy Urban Escape in Mohali	$409	total	5 nights x $97.28	Room in hotel	Private room	Sahibzada Ajit Singh Nagar, Chandigarh, India			2 guests	1 bedroom	1 bed	1 private bath	false	Priyaranjan	https://www.airbnb.com/rooms/1286203847940201594?locale=en-US&currency=USD&check_in=2026-09-06&check_out=2026-09-11
1656477242493541046	The comfortden	$387	total	5 nights x $74.21	Entire rental unit	Entire home/apt	Sahibzada Ajit Singh Nagar, Punjab, India	5.0	3.0	5 guests	2 bedrooms	1 bed	1 bath	false	Saransh	https://www.airbnb.com/rooms/1656477242493541046?locale=en-US&currency=USD&check_in=2026-09-01&check_out=2026-09-06
12894918	Totally independent room!	$64	total	5 nights x $12.05	Private room in townhouse	Private room	Sahibzada Ajit Singh Nagar, Punjab, India	4.43	21.0	1 bed	Private attached bathroom			false	Jas Ragnie	https://www.airbnb.com/rooms/12894918?locale=en-US&currency=USD&check_in=2026-09-01&check_out=2026-09-06
1309113948152741832	The Sapphire Chapter | 1 BHK	$190	total	5 nights x $36.35	Entire rental unit	Entire home/apt	Sahibzada Ajit Singh Nagar, Punjab, India	5.0	70.0	2 guests	1 bedroom	1 bed	1 bath	true	Jasmeet	https://www.airbnb.com/rooms/1309113948152741832?locale=en-US&currency=USD&check_in=2026-09-01&check_out=2026-09-06
1603387571584621609	newly built 3 Bedroom set home stay in zirakpur	$393	total	5 nights x $74.72	Entire rental unit	Entire home/apt	Zirakpur, Punjab, India	5.0	3.0	6 guests	3 bedrooms	3 beds	3 baths	false	Vishal	https://www.airbnb.com/rooms/1603387571584621609?locale=en-US&currency=USD&check_in=2026-09-01&check_out=2026-09-06
957713163295011519	Spacious Villa in Panchkula	$403	total	5 nights x $76.59	Entire villa	Entire home/apt	Panchkula, Haryana, India	4.44	9.0	8 guests	4 bedrooms	4 beds	3 baths	false	Sunita Jain	https://www.airbnb.com/rooms/957713163295011519?locale=en-US&currency=USD&check_in=2026-09-01&check_out=2026-09-06
13772842	Plenty of sunshine to brighten your mornings	$489	total	5 nights x $93.86	Entire home	Entire home/apt	Panchkula, Haryana, India			8 guests	4 bedrooms	5 beds	4.5 baths	false	Nakul	https://www.airbnb.com/rooms/13772842?locale=en-US&currency=USD&check_in=2026-09-01&check_out=2026-09-06
1679871623307904154	Cozy stay for couples	$76	total	5 nights x $14.46	Entire home	Entire home/apt	Sahibzada Ajit Singh Nagar, Punjab, India	5.0	23.0	2 guests	1 bedroom	1 bed	1 bath	true	Shivani	https://www.airbnb.com/rooms/1679871623307904154?locale=en-US&currency=USD&check_in=2026-09-01&check_out=2026-09-06
1713173770537330287	Private Projector, 2 room set, best for couples	$226	total	5 nights x $42.99	Entire rental unit	Entire home/apt	Chandigarh, India	4.5	10.0	4 guests	2 bedrooms	2 beds	2 baths	false	Neetu	https://www.airbnb.com/rooms/1713173770537330287?locale=en-US&currency=USD&check_in=2026-09-01&check_out=2026-09-06
1709968148114595460	The Urban Nova, Luxury 3bhk	$408	total	5 nights x $77.66	Entire rental unit	Entire home/apt	Sahibzada Ajit Singh Nagar, Punjab, India			6 guests	3 bedrooms	3 beds	3 baths	false	Lakshay	https://www.airbnb.com/rooms/1709968148114595460?locale=en-US&currency=USD&check_in=2026-09-01&check_out=2026-09-06
1559368940208754859	Luxury 3BHK • Pool • Gym • Gaming Area	$428	total	5 nights x $82.00	Entire rental unit	Entire home/apt	Zirakpur, Punjab, India	4.79	29.0	7 guests	3 bedrooms	7 beds	3 baths	false	Bhuvita	https://www.airbnb.com/rooms/1559368940208754859?locale=en-US&currency=USD&check_in=2026-09-01&check_out=2026-09-06
1595404945571336634	Lehar • Calm Private Room | Sukoon Villa	$235	total	5 nights x $44.60	Private room in home	Private room	Chandigarh, India	5.0	10.0	1 king bed	Private attached bathroom			true	Sukoon Villa	https://www.airbnb.com/rooms/1595404945571336634?locale=en-US&currency=USD&check_in=2026-09-01&check_out=2026-09-06
35282852	Home in City Beautiful Private room 2 (GF)	$222	total	5 nights x $42.19	Private room in guest suite	Private room	Chandigarh, India	4.92	86.0	1 king bed	Dedicated bathroom			true	Harvinder	https://www.airbnb.com/rooms/35282852?locale=en-US&currency=USD&check_in=2026-11-18&check_out=2026-11-23
726049116003034033	2 bedrooms,den, 2 baths kitchen, living dining, GF	$394	total	5 nights x $75.47	Entire home	Entire home/apt	Panchkula, Haryana, India	3.0	1.0	4 guests	2 bedrooms	2 beds	2 baths	false	Rakesh	https://www.airbnb.com/rooms/726049116003034033?locale=en-US&currency=USD&check_in=2026-09-01&check_out=2026-09-06
1713264672244734224	Boho Bliss Studio-Saini Homestay-Near Max Hospital	$227	total	5 nights x $43.50	Entire home	Entire home/apt	Sahibzada Ajit Singh Nagar, Punjab, India	5.0	6.0	3 guests	1 bedroom	2 beds	1 bath	true	Arshpreet Singh	https://www.airbnb.com/rooms/1713264672244734224?locale=en-US&currency=USD&check_in=2026-09-01&check_out=2026-09-06
1215887658643631611	Paradise Stays Near To Airport Ground Floor	$227	total	5 nights x $43.20	Entire home	Entire home/apt	Sahibzada Ajit Singh Nagar, Punjab, India	4.93	67.0	6 guests	3 bedrooms	3 beds	2 baths	true	Varun	https://www.airbnb.com/rooms/1215887658643631611?locale=en-US&currency=USD&check_in=2026-09-07&check_out=2026-09-12
1567247324596215702	KaBana By UrbanNest • Private Theatre Experience.	$238	total	5 nights x $45.53	Entire condo	Entire home/apt	Zirakpur, Punjab, India	4.98	51.0	2 guests	1 bedroom	1 bed	1 bath	true	UrbanNest	https://www.airbnb.com/rooms/1567247324596215702?locale=en-US&currency=USD&check_in=2026-09-02&check_out=2026-09-07
1546022201600550902	Luxury Home in SAS Nagar-71 (Opp. Livasa Hospital)	$238	total	5 nights x $45.30	Entire home	Entire home/apt	Sahibzada Ajit Singh Nagar, Punjab, India	5.0	5.0	4 guests	2 bedrooms	4 beds	2 baths	false	Hardeep	https://www.airbnb.com/rooms/1546022201600550902?locale=en-US&currency=USD&check_in=2026-09-01&check_out=2026-09-06
1612382184636559334	The Backyard Jungle Chandigarh | 3BR with Patio	$241	total	5 nights x $60.73	Entire home	Entire home/apt	Sahibzada Ajit Singh Nagar, Punjab, India	4.82	11.0	6 guests	3 bedrooms	5 beds	2 baths	false	Daksh	https://www.airbnb.com/rooms/1612382184636559334?locale=en-US&currency=USD&check_in=2026-09-01&check_out=2026-09-06
1337706960483445674	White House @ Chandigarh Airport	$234	total	5 nights x $44.55	Entire villa	Entire home/apt	Sahibzada Ajit Singh Nagar, Punjab, India	5.0	1.0	6 guests	3 bedrooms	3 beds	3 baths	false	Taranjeet	https://www.airbnb.com/rooms/1337706960483445674?locale=en-US&currency=USD&check_in=2026-09-01&check_out=2026-09-06
1277908150334580972	Khushbash	$192	total	5 nights x $38.29	Entire home	Entire home/apt	Sahibzada Ajit Singh Nagar, Punjab, India	5.0	15.0	2 guests	1 bedroom	1 bed	1 bath	true	Amrita	https://www.airbnb.com/rooms/1277908150334580972?locale=en-US&currency=USD&check_in=2026-09-01&check_out=2026-09-06
1737062473366118425	Harmony Haven: Modern 2BHK in the Heart of Tricity	$197	total	5 nights x $37.42	Entire rental unit	Entire home/apt	Chandigarh, India	4.67	3.0	6 guests	2 bedrooms	2 beds	2 baths	true	Hushanvir Singh	https://www.airbnb.com/rooms/1737062473366118425?locale=en-US&currency=USD&check_in=2026-09-01&check_out=2026-09-06
1085270204378785601	Gillco Bliss (airport road) mohali | near fortis	$212	total	5 nights x $40.30	Entire condo	Entire home/apt	Sahibzada Ajit Singh Nagar, Punjab, India	4.95	164.0	4 guests	2 bedrooms	2 beds	2 baths	false	Nidhi	https://www.airbnb.com/rooms/1085270204378785601?locale=en-US&currency=USD&check_in=2026-09-01&check_out=2026-09-06
1563673489351700501	Calm and cozy home stay| Luxury 1BHK | 63 Sec	$180	total	5 nights x $34.21	Entire rental unit	Entire home/apt	Chandigarh, India	4.79	29.0	4 guests	1 bedroom	2 beds	1 bath	true	Ravneet	https://www.airbnb.com/rooms/1563673489351700501?locale=en-US&currency=USD&check_in=2026-09-01&check_out=2026-09-06
1637896275704400150	Pvt 2 BR cozy Homestay | Ph 7 Mohali near Fortis	$240	total	5 nights x $45.57	Entire home	Entire home/apt	Sahibzada Ajit Singh Nagar, Punjab, India	4.9	21.0	4 guests	2 bedrooms	2 beds	1 bath	true	Avneet	https://www.airbnb.com/rooms/1637896275704400150?locale=en-US&currency=USD&check_in=2026-09-01&check_out=2026-09-06
1473200853156126236	Apricot Garden Cottage • Green Monsoon Escape	$187	total	5 nights x $42.27	Entire home	Entire home/apt	New Chandigarh, Punjab, India	4.98	58.0	2 guests	1 bedroom	1 bed	1 bath	true	Shiva	https://www.airbnb.com/rooms/1473200853156126236?locale=en-US&currency=USD&check_in=2026-09-01&check_out=2026-09-06
1599263313637060761	1 BHK Luxurious Flat located in Chandigarh/Mohali	$176	total	5 nights x $33.44	Entire rental unit	Entire home/apt	Chandigarh, India	5.0	5.0	2 guests	1 bedroom	1 bed	1 bath	true	Sameer	https://www.airbnb.com/rooms/1599263313637060761?locale=en-US&currency=USD&check_in=2026-09-01&check_out=2026-09-06
53392956	Cozee private bedroom with attached bathroom	$135	total	5 nights x $25.79	Private room in home	Private room	Chandigarh, India	4.9	77.0	1 bedroom	Dedicated bathroom			false	Babee	https://www.airbnb.com/rooms/53392956?locale=en-US&currency=USD&check_in=2026-09-01&check_out=2026-09-06
1330747195471577544	Sky Garden loft near Sukhna Lake while balcony |SF	$169	total	5 nights x $34.84	Private room in earthen home	Private room	Chandigarh, India	4.9	58.0	1 king bed	Private attached bathroom			true	Parshada House	https://www.airbnb.com/rooms/1330747195471577544?locale=en-US&currency=USD&check_in=2026-09-01&check_out=2026-09-06
1721605677477879947	Spacious 2BHK in Central Chandigarh -The SafeHouse	$202	total	5 nights x $47.74	Entire rental unit	Entire home/apt	Chandigarh, India	5.0	4.0	4 guests	2 bedrooms	2 beds	1 bath	false	Neetu	https://www.airbnb.com/rooms/1721605677477879947?locale=en-US&currency=USD&check_in=2026-09-01&check_out=2026-09-06
745529410365163070	Lovely green view bedroom in peaceful place	$153	total	5 nights x $29.25	Private room in rental unit	Private room	Chandigarh, India	4.88	147.0	1 bed	Dedicated bathroom			true	Sunalini	https://www.airbnb.com/rooms/745529410365163070?locale=en-US&currency=USD&check_in=2026-09-01&check_out=2026-09-06
1626106657001454380	Casa Alayam | 13th Floor Skyscraper Stay zirakpur	$150	total	5 nights x $28.78	Entire rental unit	Entire home/apt	Chandigarh, Punjab, India	5.0	2.0	2 guests	1 bedroom	1 bed	1 bath	false	Nituj	https://www.airbnb.com/rooms/1626106657001454380?locale=en-US&currency=USD&check_in=2026-09-01&check_out=2026-09-06
1679038966137929976	Dhun Homes!	$145	total	5 nights x $27.67	Entire condo	Entire home/apt	Zirakpur, Punjab, India	4.98	44.0	2 guests	1 bedroom	1 bed	1 bath	true	Monika	https://www.airbnb.com/rooms/1679038966137929976?locale=en-US&currency=USD&check_in=2026-09-01&check_out=2026-09-06
830804838381027126	SerenityA cabin in midst of concrete jungle.	$161	total	5 nights x $30.64	Entire home	Entire home/apt	Sahibzada Ajit Singh Nagar, Punjab, India	4.96	77.0	2 guests	1 bedroom	1 bed	1 bath	true	Gurpreet	https://www.airbnb.com/rooms/830804838381027126?locale=en-US&currency=USD&check_in=2026-09-21&check_out=2026-09-26
1678947833144601720	Humble Express Abode - Cozy Studio Apartment	$137	total	5 nights x $25.92	Entire rental unit	Entire home/apt	Zirakpur, Punjab, India	4.96	25.0	2 guests	1 bedroom	1 bed	1 bath	true	Anmol	https://www.airbnb.com/rooms/1678947833144601720?locale=en-US&currency=USD&check_in=2026-09-01&check_out=2026-09-06
1654347935448468728	1BR asthetic room with rooftop in sec 65 mohali	$134	total	5 nights x $25.38	Private room in home	Private room	Sahibzada Ajit Singh Nagar, Punjab, India	5.0	6.0	1 king bed	Private attached half bathroom			true	Sania	https://www.airbnb.com/rooms/1654347935448468728?locale=en-US&currency=USD&check_in=2026-09-08&check_out=2026-09-13
1648543090218506394	The Habitat - A cozy english 2bhk flat	$235	total	5 nights x $44.62	Entire rental unit	Entire home/apt	Chandigarh, India	5.0	12.0	4 guests	2 bedrooms	2 beds	1 bath	true	Navjot	https://www.airbnb.com/rooms/1648543090218506394?locale=en-US&currency=USD&check_in=2026-09-01&check_out=2026-09-06
1641483612440806435	The Valentino by AB LuxeStays	$217	total	5 nights x $41.50	Entire home	Entire home/apt	Panchkula, Haryana, India	4.92	12.0	2 guests	1 bedroom	1 bed	1 bath	true	Aman	https://www.airbnb.com/rooms/1641483612440806435?locale=en-US&currency=USD&check_in=2026-09-07&check_out=2026-09-12
33188286	Stylish Ground Floor Room with Private Entrance	$134	total	5 nights x $25.66	Private room in home	Private room	Chandigarh, India	4.93	362.0	2 guests	1 bedroom	1 bed	1 private bath	true	Dr Shefali & Hardeep Dhiman	https://www.airbnb.com/rooms/33188286?locale=en-US&currency=USD&check_in=2026-09-04&check_out=2026-09-09
1329525181484833943	Luxury & Peaceful 1BHK in Zirakpur | Free Parking	$128	total	5 nights x $24.33	Entire rental unit	Entire home/apt	Zirakpur, Punjab, India	4.94	33.0	2 guests	1 bedroom	1 bed	1 bath	true	Gautam	https://www.airbnb.com/rooms/1329525181484833943?locale=en-US&currency=USD&check_in=2026-09-01&check_out=2026-09-06
1688943753915803967	Hide-Away StaysA spacious 1 BHK flat for you.	$140	total	5 nights x $26.72	Entire rental unit	Entire home/apt	Chandigarh, India	4.9	21.0	3 guests	1 bedroom	1 bed	1 bath	true	Dhruv	https://www.airbnb.com/rooms/1688943753915803967?locale=en-US&currency=USD&check_in=2026-09-06&check_out=2026-09-11
31506379	Cozy Nest Apartment - Govt. of India Certified B&B	$133	total	5 nights x $25.25	Entire condo	Entire home/apt	Chandigarh, India	4.82	56.0	2 guests	1 bedroom	1 bed	1.5 baths	true	Cozy Nest	https://www.airbnb.com/rooms/31506379?locale=en-US&currency=USD&check_in=2026-10-01&check_out=2026-10-06
1681193827024776556	Boho Garden Stay • Backyard Lounge • Near Airport	$129	total	5 nights x $24.70	Entire home	Entire home/apt	Naraingarh, Punjab, India	5.0	28.0	5 guests	1 bedroom	1 bed	1 bath	true	Nipunya	https://www.airbnb.com/rooms/1681193827024776556?locale=en-US&currency=USD&check_in=2026-09-01&check_out=2026-09-06
7294167	Sudharma Super Host (140 Truths)	$161	total	5 nights x $30.59	Private room in bed and breakfast	Private room	Chandigarh, Union territory, India	4.74	144.0	1 king bed	Dedicated bathroom			true	Anuraag	https://www.airbnb.com/rooms/7294167?locale=en-US&currency=USD&check_in=2026-09-01&check_out=2026-09-06
1741242560967290805	3 Bhk Entire Flat in chandigarh- Cozy and Modern	$199	total	5 nights x $37.78	Entire rental unit	Entire home/apt	Tohga, Punjab, India	5.0	1.0	6 guests	3 bedrooms	3 beds	3 baths	false	Meenakshi	https://www.airbnb.com/rooms/1741242560967290805?locale=en-US&currency=USD&check_in=2026-09-01&check_out=2026-09-06
1697908488448392826	Stylish Stay in the Heart of the City	$352	total	5 nights x $66.86	Entire rental unit	Entire home/apt	Sahibzada Ajit Singh Nagar, Punjab, India			8 guests	3 bedrooms	3 beds	4 baths	true	Vaibhav	https://www.airbnb.com/rooms/1697908488448392826?locale=en-US&currency=USD&check_in=2026-09-01&check_out=2026-09-06
1397685000105396171	Green Nest | Park-View 2BHK Near Chandigarh	$178	total	5 nights x $34.16	Entire condo	Entire home/apt	Mohali, Punjab, India	4.95	86.0	5 guests	2 bedrooms	2 beds	2 baths	true	Ajay	https://www.airbnb.com/rooms/1397685000105396171?locale=en-US&currency=USD&check_in=2026-09-01&check_out=2026-09-06
1689250438447196867	Halflight 2.0 - Studio on 11th Floor with Balcony	$142	total	5 nights x $26.87	Entire condo	Entire home/apt	Zirakpur, Punjab, India	4.95	21.0	2 guests	1 bedroom	1 bed	1 bath	true	Mudit	https://www.airbnb.com/rooms/1689250438447196867?locale=en-US&currency=USD&check_in=2026-09-01&check_out=2026-09-06
42525669	LA CASA INN  (sector 78, 2bhk), close to fortis	$203	total	5 nights x $39.61	Entire home	Entire home/apt	Chandigarh, India	4.88	135.0	5 guests	2 bedrooms	2 beds	2 baths	true	Sachin	https://www.airbnb.com/rooms/42525669?locale=en-US&currency=USD&check_in=2026-09-03&check_out=2026-09-08
802137694559195386	Ground flor	$368	total	5 nights x $70.56	Entire home	Entire home/apt	Chandigarh, India	5.0	6.0	6 guests	3 bedrooms	3 beds	3 baths	false	Karan	https://www.airbnb.com/rooms/802137694559195386?locale=en-US&currency=USD&check_in=2026-09-01&check_out=2026-09-06
951181519520421822	The Pad Privé	$375	total	5 nights x $71.94	Entire home	Entire home/apt	Chandigarh, India	5.0	4.0	4 guests	2 bedrooms	2 beds	1 bath	false	Shivam	https://www.airbnb.com/rooms/951181519520421822?locale=en-US&currency=USD&check_in=2026-09-01&check_out=2026-09-06
1741246627628113779	2 Bhk Entire Flat in Chandigarh	$155	total	5 nights x $29.44	Entire condo	Entire home/apt	Tohga, Punjab, India	5.0	2.0	4 guests	2 bedrooms	2 beds	2 baths	false	Meenakshi	https://www.airbnb.com/rooms/1741246627628113779?locale=en-US&currency=USD&check_in=2026-09-01&check_out=2026-09-06
1581796749077826565	Tales and Tides - A comfortable 2 bhk apartment	$216	total	5 nights x $41.01	Entire home	Entire home/apt	Sahibzada Ajit Singh Nagar, Punjab, India	4.81	48.0	4 guests	2 bedrooms	2 beds	2 baths	false	Diksha	https://www.airbnb.com/rooms/1581796749077826565?locale=en-US&currency=USD&check_in=2026-09-01&check_out=2026-09-06
1496345240592179992	Homely Comfort	$229	total	5 nights x $43.58	Entire home	Entire home/apt	Chandigarh, India	4.65	17.0	6 guests	3 bedrooms	3 beds	2 baths	true	Central City Beautiful Cottage	https://www.airbnb.com/rooms/1496345240592179992?locale=en-US&currency=USD&check_in=2026-09-01&check_out=2026-09-06
1197117997513483948	2 BHK  spacious on Ground floor in Mohali	$249	total	5 nights x $47.79	Entire home	Entire home/apt	Sahibzada Ajit Singh Nagar, Punjab, India	4.65	17.0	4 guests	2 bedrooms	2 beds	3 baths	true	Amrao Singh	https://www.airbnb.com/rooms/1197117997513483948?locale=en-US&currency=USD&check_in=2026-09-01&check_out=2026-09-06
1681700688269208979	Serein by Evora | Luxury Stay | Unplugged Evenings	$129	total	5 nights x $24.57	Entire rental unit	Entire home/apt	Zirakpur, Punjab, India	5.0	19.0	3 guests	1 bedroom	1 bed	1 bath	true	Lakshit	https://www.airbnb.com/rooms/1681700688269208979?locale=en-US&currency=USD&check_in=2026-09-01&check_out=2026-09-06
1683510061770610958	Daisy Den - where blooms meet bliss	$230	total	5 nights x $44.02	Entire home	Entire home/apt	Sahibzada Ajit Singh Nagar, Punjab, India	5.0	22.0	3 guests	1 bedroom	1 bed	2 baths	true	RN Casa	https://www.airbnb.com/rooms/1683510061770610958?locale=en-US&currency=USD&check_in=2026-09-06&check_out=2026-09-11
1286134916310519158	Bedroom & Kitchen - Convenient Stay near Fortis	$379	total	5 nights x $90.04	Room in hotel	Private room	Sahibzada Ajit Singh Nagar, Chandigarh, India			2 guests	1 bedroom	1 bed	1 private bath	false	Priyaranjan	https://www.airbnb.com/rooms/1286134916310519158?locale=en-US&currency=USD&check_in=2026-09-04&check_out=2026-09-09
1724744810800453419	The Ministry of Magic- By Moonvale Lux!	$153	total	5 nights x $29.00	Entire rental unit	Entire home/apt	Zirakpur, Punjab, India	5.0	18.0	2 guests	1 bedroom	1 bed	1 bath	true	Saloni	https://www.airbnb.com/rooms/1724744810800453419?locale=en-US&currency=USD&check_in=2026-09-01&check_out=2026-09-06
1616399946640404188	The Aurelia	$177	total	5 nights x $33.57	Entire condo	Entire home/apt	New Chandigarh, Punjab, India	5.0	7.0	2 guests	1 bedroom	1 bed	1 bath	true	Mandeep	https://www.airbnb.com/rooms/1616399946640404188?locale=en-US&currency=USD&check_in=2026-09-01&check_out=2026-09-06
1276108021218560377	Miraya 2-A Luxurious Private Room in Shared Space	$158	total	5 nights x $30.24	Private room in condo	Private room	Sahibzada Ajit Singh Nagar, Punjab, India	4.99	156.0	1 king bed	Private attached bathroom			true	Sakshi	https://www.airbnb.com/rooms/1276108021218560377?locale=en-US&currency=USD&check_in=2026-09-01&check_out=2026-09-06
1425748621577467575	AirBnB Homestay Chandigarh Airport Satluj	$199	total	5 nights x $37.89	Entire rental unit	Entire home/apt	Sahibzada Ajit Singh Nagar, Mohali, Punjab, India	4.95	75.0	4 guests	2 bedrooms	2 beds	2 baths	true	Pushpinder	https://www.airbnb.com/rooms/1425748621577467575?locale=en-US&currency=USD&check_in=2026-09-02&check_out=2026-09-07
1446897631481331541	Serene Arc by Next Invest, sector 64(near fortis)	$224	total	5 nights x $42.65	Entire home	Entire home/apt	Sahibzada Ajit Singh Nagar, Punjab, India	4.88	33.0	5 guests	2 bedrooms	2 beds	2 baths	true	Ish	https://www.airbnb.com/rooms/1446897631481331541?locale=en-US&currency=USD&check_in=2026-09-14&check_out=2026-09-19
1197091409544397886	Bliss Home~A surreal Experience(Sec49D,Chandigarh)	$248	total	5 nights x $47.54	Entire condo	Entire home/apt	Chandigarh, India	4.83	122.0	4 guests	2 bedrooms	2 beds	2 baths	true	Shivani	https://www.airbnb.com/rooms/1197091409544397886?locale=en-US&currency=USD&check_in=2026-09-01&check_out=2026-09-06
1709407815200628814	Evora House - Elite | Near Airport, Amity, Plaksha	$308	total	5 nights x $58.56	Entire villa	Entire home/apt	Sahibzada Ajit Singh Nagar, Punjab, India	4.89	9.0	11 guests	3 bedrooms	4 beds	3 baths	true	Ajay	https://www.airbnb.com/rooms/1709407815200628814?locale=en-US&currency=USD&check_in=2026-09-01&check_out=2026-09-06
1683919948047498099	3bhk Homestay in Sector 37 Chandigarh	$312	total	5 nights x $59.87	Entire home	Entire home/apt	Chandigarh, India	4.56	9.0	8 guests	3 bedrooms	3 beds	3 baths	false	Bhuvita	https://www.airbnb.com/rooms/1683919948047498099?locale=en-US&currency=USD&check_in=2026-09-01&check_out=2026-09-06
1693547536483468216	Good vibes save memories happiness always	$316	total	5 nights x $60.05	Entire rental unit	Entire home/apt	Sahibzada Ajit Singh Nagar, Punjab, India	4.93	15.0	6 guests	3 bedrooms	3 beds	3 baths	true	Devinder Pal	https://www.airbnb.com/rooms/1693547536483468216?locale=en-US&currency=USD&check_in=2026-09-01&check_out=2026-09-06
1750010401173372072	The Bohemion Cave | A Warm & Cozy 3BHK	$306	total	5 nights x $58.14	Entire rental unit	Entire home/apt	Zirakpur, Punjab, India	2.67	3.0	8 guests	3 bedrooms	3 beds	3 baths	false	Shivam	https://www.airbnb.com/rooms/1750010401173372072?locale=en-US&currency=USD&check_in=2026-09-01&check_out=2026-09-06
1344106534844651299	Hidden gems | 2bhk	$313	total	5 nights x $59.99	Entire home	Entire home/apt	Sahibzada Ajit Singh Nagar, Punjab, India	5.0	15.0	4 guests	2 bedrooms	2 beds	2 baths	true	Sachin	https://www.airbnb.com/rooms/1344106534844651299?locale=en-US&currency=USD&check_in=2026-09-01&check_out=2026-09-06
904931640723690847	Chandigarh's Heart - Ground Floor	$214	total	5 nights x $40.72	Entire home	Entire home/apt	Chandigarh, India	4.67	3.0	3 guests	1 bedroom	1 bed	1 bath	false	Shivani	https://www.airbnb.com/rooms/904931640723690847?locale=en-US&currency=USD&check_in=2026-09-01&check_out=2026-09-06
1111290011788671802	The Lavore Stays	$217	total	5 nights x $41.49	Entire home	Entire home/apt	Sahibzada Ajit Singh Nagar, Punjab, India	4.9	49.0	4 guests	2 bedrooms	1 bed	2 baths	true	Jaipreet	https://www.airbnb.com/rooms/1111290011788671802?locale=en-US&currency=USD&check_in=2026-09-01&check_out=2026-09-06
1750919320168530800	The Bliss House | 2 BHK	$232	total	5 nights x $44.53	Entire home	Entire home/apt	Sahibzada Ajit Singh Nagar, Punjab, India			4 guests	2 bedrooms	2 beds	2 baths	true	Jasmeet	https://www.airbnb.com/rooms/1750919320168530800?locale=en-US&currency=USD&check_in=2026-09-01&check_out=2026-09-06
1660930119166979481	The Royal Aura | Home Near Chandigarh Airport	$243	total	5 nights x $55.98	Entire condo	Entire home/apt	Zirakpur, Punjab, India			6 guests	3 bedrooms	6 beds	2.5 baths	false	Kamal	https://www.airbnb.com/rooms/1660930119166979481?locale=en-US&currency=USD&check_in=2026-09-01&check_out=2026-09-06
1662148046105675639	2 BHK AC 1km from Lake Chandigarh - Anand Kunj Kansal	$240	total	5 nights x $50.67	Entire rental unit	Entire home/apt	Sahibzada Ajit Singh Nagar, Punjab, India	5.0	2.0	6 guests	2 bedrooms	6 beds	2 baths	true	Renu Anand	https://www.airbnb.com/rooms/1662148046105675639?locale=en-US&currency=USD&check_in=2026-09-07&check_out=2026-09-12
50836004	Lovely 1-Bed Condo with free gym and parking.	$236	total	5 nights x $47.17	Private room in condo	Private room	Zirakpur, Punjab, India			2 guests	1 bedroom	1 bed	1 private bath	false	Devanshu	https://www.airbnb.com/rooms/50836004?locale=en-US&currency=USD&check_in=2026-09-01&check_out=2026-09-06
42731002	Hotel The Black Gold (3 rooms on the same Floor!)	$236	total	5 nights x $45.28	Room in hotel	Private room	Sahibzada Ajit Singh Nagar, Punjab, India	4.5	2.0	9 guests	3 bedrooms	3 beds	3 shared baths	false	Prakash	https://www.airbnb.com/rooms/42731002?locale=en-US&currency=USD&check_in=2026-09-01&check_out=2026-09-06
1702274164307537997	2 BHK house in 89 2nd floor	$232	total	5 nights x $44.52	Entire home	Entire home/apt	Sahibzada Ajit Singh Nagar, Punjab, India			4 guests	2 bedrooms	2 beds	2 baths	false	Gunveer Sandhu	https://www.airbnb.com/rooms/1702274164307537997?locale=en-US&currency=USD&check_in=2026-09-01&check_out=2026-09-06
1539809971754833521	Happy homes	$226	total	5 nights x $42.92	Entire rental unit	Entire home/apt	Zirakpur, Punjab, India	4.46	13.0	4 guests	2 bedrooms	3 beds	2 baths	false	Pinki	https://www.airbnb.com/rooms/1539809971754833521?locale=en-US&currency=USD&check_in=2026-12-01&check_out=2026-12-06
1644354194269873567	The Tiffany House by SS Castles (Private Villa)	$328	total	5 nights x $62.88	Entire home	Entire home/apt	Sahibzada Ajit Singh Nagar, Punjab, India	4.86	29.0	5 guests	2 bedrooms	2 beds	2 baths	true	Suruchi	https://www.airbnb.com/rooms/1644354194269873567?locale=en-US&currency=USD&check_in=2026-09-01&check_out=2026-09-06
1595391140238128373	Arth • Work-Friendly Stay | Sukoon Villa	$222	total	5 nights x $42.19	Private room in home	Private room	Chandigarh, India	4.95	22.0	1 bed	Private attached bathroom			true	Sukoon Villa	https://www.airbnb.com/rooms/1595391140238128373?locale=en-US&currency=USD&check_in=2026-10-01&check_out=2026-10-06
1480970104177060565	Family 3BHK w/ Park View & Terrace Fireplace	$244	total	5 nights x $46.33	Entire home	Entire home/apt	Sahibzada Ajit Singh Nagar, Punjab, India	4.73	52.0	8 guests	3 bedrooms	4 beds	3 baths	true	Vaibhav	https://www.airbnb.com/rooms/1480970104177060565?locale=en-US&currency=USD&check_in=2026-09-01&check_out=2026-09-06
1743498344443277532	Emerald By UrbanNest • Private Theatre Experience.	$239	total	5 nights x $45.78	Entire rental unit	Entire home/apt	Zirakpur, Punjab, India	5.0	2.0	2 guests	1 bedroom	1 bed	1 bath	true	UrbanNest	https://www.airbnb.com/rooms/1743498344443277532?locale=en-US&currency=USD&check_in=2026-09-10&check_out=2026-09-15
1362931956085181900	Spacious 2BHK Near Chd Airport	$230	total	5 nights x $44.02	Entire rental unit	Entire home/apt	Nabha, Punjab, India			4 guests	2 bedrooms	2 beds	1.5 baths	false	Raminder	https://www.airbnb.com/rooms/1362931956085181900?locale=en-US&currency=USD&check_in=2026-09-01&check_out=2026-09-06
1589055626414223291	Entire 2bhk Villa in Panchkula@dlf valley township	$317	total	5 nights x $60.30	Entire home	Entire home/apt	Islamnagar Aslamnagar, Haryana, India	5.0	2.0	4 guests	2 bedrooms	2 beds	2 baths	false	Bibhuti	https://www.airbnb.com/rooms/1589055626414223291?locale=en-US&currency=USD&check_in=2026-09-01&check_out=2026-09-06
1595378765714433100	Basera • Cozy Stay | Sukoon Villa	$235	total	5 nights x $44.64	Private room in home	Private room	Chandigarh, India	5.0	13.0	1 king bed	Private attached bathroom			true	Sukoon Villa	https://www.airbnb.com/rooms/1595378765714433100?locale=en-US&currency=USD&check_in=2026-10-01&check_out=2026-10-06
1623880305721511551	CalmCocoon - Suite	$263	total	5 nights x $50.31	Private room in home	Private room	Panchkula, Haryana, India	5.0	22.0	2 beds	Private attached bathroom			true	Cheshta	https://www.airbnb.com/rooms/1623880305721511551?locale=en-US&currency=USD&check_in=2026-09-02&check_out=2026-09-07
1333230044130866908	The LazyDaze- luxurious | Good vibes | Cozy	$191	total	5 nights x $36.27	Entire home	Entire home/apt	Panchkula, Punjab, India	4.71	63.0	4 guests	2 bedrooms	2 beds	1 bath	true	Bhuvnesh	https://www.airbnb.com/rooms/1333230044130866908?locale=en-US&currency=USD&check_in=2026-09-01&check_out=2026-09-06
1406870164734848945	1 BHK Home w Garden, Green House	$181	total	5 nights x $34.42	Entire home	Entire home/apt	Panchkula, Haryana, India	5.0	9.0	2 guests	1 bedroom	1 bed	1 bath	true	Sanjeev	https://www.airbnb.com/rooms/1406870164734848945?locale=en-US&currency=USD&check_in=2026-09-01&check_out=2026-09-06
1059735166443005675	Luxury 2 BHK HomiStay (NO PARTY) EV charging Yes	$314	total	5 nights x $59.72	Entire serviced apartment	Entire home/apt	Panchkula, Haryana, India	4.88	49.0	5 guests	2 bedrooms	2 beds	2 baths	true	Mandeep	https://www.airbnb.com/rooms/1059735166443005675?locale=en-US&currency=USD&check_in=2026-09-01&check_out=2026-09-06
1147922781741713741	Soho My World	$230	total	5 nights x $44.02	Entire rental unit	Entire home/apt	Zirakpur, Punjab, India			2 guests	1 bedroom	0 baths		false	Vicky	https://www.airbnb.com/rooms/1147922781741713741?locale=en-US&currency=USD&check_in=2026-09-01&check_out=2026-09-06
1756405887007245269	The Corner Home	$221	total	5 nights x $41.98	Entire home	Entire home/apt	Sahibzada Ajit Singh Nagar, Punjab, India			4 guests	2 bedrooms	2 beds	2 baths	false	Diksha	https://www.airbnb.com/rooms/1756405887007245269?locale=en-US&currency=USD&check_in=2026-09-01&check_out=2026-09-06
971397125641262750	Independent couple friendly one RK Near IT park 74	$76	total	5 nights x $14.42	Entire home	Entire home/apt	Sahibzada Ajit Singh Nagar, Punjab, India	5.0	5.0	2 guests	1 bedroom	1 bed	1.5 baths	false	Munish	https://www.airbnb.com/rooms/971397125641262750?locale=en-US&currency=USD&check_in=2026-09-01&check_out=2026-09-06
1655437093001849972	Comfy Corner	$232	total	5 nights x $44.14	Entire home	Entire home/apt	Mullanpur Garib Dass, Punjab, India	5.0	5.0	7 guests	3 bedrooms	3 beds	3 baths	true	Attarpreet	https://www.airbnb.com/rooms/1655437093001849972?locale=en-US&currency=USD&check_in=2026-09-01&check_out=2026-09-06
47755185	Two spacious rooms & a big patio in a bungalow.	$230	total	5 nights x $43.70	Entire bungalow	Entire home/apt	Sahibzada Ajit Singh Nagar, Chandigarh, India	4.94	67.0	4 guests	2 bedrooms	2 beds	2 baths	true	Sarvjeet	https://www.airbnb.com/rooms/47755185?locale=en-US&currency=USD&check_in=2026-09-29&check_out=2026-10-04
1060703699197538954	High Time Villa Mohali Suite	$238	total	5 nights x $45.53	Entire home	Entire home/apt	Sahibzada Ajit Singh Nagar, Punjab, India	5.0	12.0	6 guests	2 bedrooms	2 beds	3 baths	false	Bindu	https://www.airbnb.com/rooms/1060703699197538954?locale=en-US&currency=USD&check_in=2026-10-01&check_out=2026-10-06
36405326	Navy Door: in Legacy Haven's Guest Floor	$176	total	5 nights x $33.48	Private room in bungalow	Private room	Panchkula, Haryana, India	4.95	56.0	1 double bed	Private attached bathroom			false	Neha	https://www.airbnb.com/rooms/36405326?locale=en-US&currency=USD&check_in=2026-09-01&check_out=2026-09-06
1202885625090980243	A Green Leaf : Legacy Haven Guest Floor 3rd	$188	total	5 nights x $35.68	Private room in rental unit	Private room	Panchkula, Haryana, India	4.95	22.0	1 double bed	Private attached bathroom			true	Pranav	https://www.airbnb.com/rooms/1202885625090980243?locale=en-US&currency=USD&check_in=2026-09-01&check_out=2026-09-06
1203430334250309421	Rustic Wildflower Cabin: Legacy Haven Terace Floor	$194	total	5 nights x $36.94	Entire home	Entire home/apt	Panchkula, Haryana, India	4.96	53.0	2 guests	1 bedroom	1 bed	1 bath	true	Pranav	https://www.airbnb.com/rooms/1203430334250309421?locale=en-US&currency=USD&check_in=2026-09-01&check_out=2026-09-06
1734907635703724345	Crazzy Home Stay	$229	total	5 nights x $43.54	Entire rental unit	Entire home/apt	Naraingarh, Punjab, India	5.0	5.0	4 guests	2 bedrooms	2 beds	2 baths	false	Crazzy Home Stay	https://www.airbnb.com/rooms/1734907635703724345?locale=en-US&currency=USD&check_in=2026-09-01&check_out=2026-09-06
1707175057683626849	Albion Sky Garden Homestay in Chandigarh	$243	total	5 nights x $56.26	Entire place	Entire home/apt	Sahibzada Ajit Singh Nagar, Punjab, India			2 guests	1 bedroom	1 bed	2 baths	false	Sandeep Kumar	https://www.airbnb.com/rooms/1707175057683626849?locale=en-US&currency=USD&check_in=2026-09-01&check_out=2026-09-06
1329750043404590568	Urban Bliss | 2BHK | Wave Estate	$236	total	5 nights x $45.28	Entire rental unit	Entire home/apt	Sahibzada Ajit Singh Nagar, Punjab, India	4.94	51.0	4 guests	2 bedrooms	2 beds	3 baths	false	Sohil	https://www.airbnb.com/rooms/1329750043404590568?locale=en-US&currency=USD&check_in=2026-09-01&check_out=2026-09-06
1614484710500180258	•Serene Stay•3BHK• Family Friendly• Ground floor•	$218	total	5 nights x $41.48	Entire home	Entire home/apt	Chandigarh, India	4.78	46.0	7 guests	3 bedrooms	3 beds	2 baths	true	Sahejpreet	https://www.airbnb.com/rooms/1614484710500180258?locale=en-US&currency=USD&check_in=2026-09-07&check_out=2026-09-12
1446935427634114294	Home Away From Home Close to Airport	$227	total	5 nights x $43.22	Entire home	Entire home/apt	Sahibzada Ajit Singh Nagar, Punjab, India	4.92	26.0	6 guests	3 bedrooms	3 beds	2 baths	true	Varun	https://www.airbnb.com/rooms/1446935427634114294?locale=en-US&currency=USD&check_in=2026-09-03&check_out=2026-09-08
1497761320271736986	City Apartment | Family & Group	$228	total	5 nights x $54.22	Entire rental unit	Entire home/apt	Zirakpur, Punjab, India	4.0	1.0	8 guests	2 bedrooms	4 beds	2 baths	true	Pankush	https://www.airbnb.com/rooms/1497761320271736986?locale=en-US&currency=USD&check_in=2026-09-01&check_out=2026-09-06
1308565052003341691	Airbnb Chandigarh - Prime Stay 2- A Luxury space	$222	total	5 nights x $42.16	Entire rental unit	Entire home/apt	Sahibzada Ajit Singh Nagar, Punjab, India	4.64	11.0	2 guests	1 bedroom	2 beds	1 bath	false	Sandeep	https://www.airbnb.com/rooms/1308565052003341691?locale=en-US&currency=USD&check_in=2026-09-01&check_out=2026-09-06
1330095751914256542	Most peaceful 3 BHK complete place- 1st & 2nd Flr	$222	total	5 nights x $42.17	Entire condo	Entire home/apt	Sahibzada Ajit Singh Nagar, Punjab, India	5.0	9.0	6 guests	3 bedrooms	3 beds	3 baths	true	Simran - Dream As Us	https://www.airbnb.com/rooms/1330095751914256542?locale=en-US&currency=USD&check_in=2026-09-25&check_out=2026-09-30
1673855983689811176	2 BHK flat in Mohali	$233	total	5 nights x $44.54	Entire condo	Entire home/apt	Sahibzada Ajit Singh Nagar, Punjab, India	4.33	3.0	4 guests	2 bedrooms	2 beds	2 baths	false	Gunveer Sandhu	https://www.airbnb.com/rooms/1673855983689811176?locale=en-US&currency=USD&check_in=2026-09-01&check_out=2026-09-06
1615698941484446121	2nd-floor room, terrace view, WiFi, near market	$231	total	5 nights x $53.51	Private room in home	Private room	Panchkula, Haryana, India			1 bed	Private attached bathroom			false	Brij	https://www.airbnb.com/rooms/1615698941484446121?locale=en-US&currency=USD&check_in=2026-09-01&check_out=2026-09-06
1421100588941626341	Apartment in chandigarh	$219	total	5 nights x $50.52	Entire condo	Entire home/apt	Chandigarh, India			3 guests	1 bedroom	2 beds	1 bath	false	Lalit	https://www.airbnb.com/rooms/1421100588941626341?locale=en-US&currency=USD&check_in=2026-09-01&check_out=2026-09-06
1661394275988469800	Ginger Garlic HomesLuxury 3BHK Family Stay	$227	total	5 nights x $43.54	Entire rental unit	Entire home/apt	Zirakpur, Punjab, India			6 guests	3 bedrooms	6 beds	3 baths	false	Rajnish	https://www.airbnb.com/rooms/1661394275988469800?locale=en-US&currency=USD&check_in=2027-01-01&check_out=2027-01-06
1202190764013843692	Lavender House : Legacy haven Guest's Floor	$196	total	5 nights x $37.15	Private room in home	Private room	Panchkula, Haryana, India	5.0	19.0	1 double bed	Private attached bathroom			true	Pranav	https://www.airbnb.com/rooms/1202190764013843692?locale=en-US&currency=USD&check_in=2026-09-01&check_out=2026-09-06
1442688636662084490	Cozy 1BHK with Balcony & Kitchenette – Zirakpur	$221	total	5 nights x $42.42	Private room in rental unit	Private room	Zirakpur, Punjab, India			1 bed	Private attached bathroom			false	Anita	https://www.airbnb.com/rooms/1442688636662084490?locale=en-US&currency=USD&check_in=2026-09-01&check_out=2026-09-06
54377530	Lovely 2 Bedroom Condo ,with free parking space	$243	total	5 nights x $46.50	Entire condo	Entire home/apt	Kharar, Punjab, India			4 guests	2 bedrooms	2 beds	2 baths	false	Gaurav	https://www.airbnb.com/rooms/54377530?locale=en-US&currency=USD&check_in=2026-09-01&check_out=2026-09-06
1556452849568840070	Amur Stays 2: 3 Bedroom Independent Floor Mohali	$243	total	5 nights x $57.66	Entire home	Entire home/apt	Sahibzada Ajit Singh Nagar, Punjab, India	4.85	27.0	7 guests	3 bedrooms	3 beds	3 baths	true	Aashish	https://www.airbnb.com/rooms/1556452849568840070?locale=en-US&currency=USD&check_in=2026-09-01&check_out=2026-09-06
1655045473760504966	The Willow Stay	$231	total	5 nights x $44.27	Entire rental unit	Entire home/apt	Panchkula, Haryana, India			5 guests	2 bedrooms	2 beds	2 baths	false	Harshit	https://www.airbnb.com/rooms/1655045473760504966?locale=en-US&currency=USD&check_in=2026-09-01&check_out=2026-09-06
1736734465704222683	The Royal Suites | Independent 3BHK Apartment	$232	total	5 nights x $44.08	Entire rental unit	Entire home/apt	Zirakpur, Punjab, India			6 guests	3 bedrooms	3 beds	2 baths	false	Kanchan	https://www.airbnb.com/rooms/1736734465704222683?locale=en-US&currency=USD&check_in=2026-09-01&check_out=2026-09-06
1664453459500094636	Om Homestay	$223	total	5 nights x $42.70	Private room in home	Private room	Panchkula, Haryana, India			2 bedrooms	2 double beds	Dedicated bathroom		false	Dinesh	https://www.airbnb.com/rooms/1664453459500094636?locale=en-US&currency=USD&check_in=2026-09-01&check_out=2026-09-06
1740387264345061233	All facilities with AC fridge bed	$232	total	5 nights x $55.08	Entire rental unit	Entire home/apt	Zirakpur, Punjab, India			10 guests	4 bedrooms	4 beds	4 baths	false	Monika	https://www.airbnb.com/rooms/1740387264345061233?locale=en-US&currency=USD&check_in=2026-09-01&check_out=2026-09-06
1454064709952128371	Affordable 3BHK Apartment in Sector 35-D	$229	total	5 nights x $43.49	Entire home	Entire home/apt	Chandigarh, India	5.0	3.0	7 guests	3 bedrooms	4 beds	2 baths	false	Nana	https://www.airbnb.com/rooms/1454064709952128371?locale=en-US&currency=USD&check_in=2026-09-01&check_out=2026-09-06
1669532583900007707	Calista - Stay with grace, find your space	$232	total	5 nights x $44.16	Private room in rental unit	Private room	Sahibzada Ajit Singh Nagar, Punjab, India	3.0	1.0	1 bed	Private attached half bathroom			false	Ravul	https://www.airbnb.com/rooms/1669532583900007707?locale=en-US&currency=USD&check_in=2026-09-01&check_out=2026-09-06
1682506676445031395	Stay at Hotel Amour Chandigarh Zirakpur	$234	total	5 nights x $55.64	Room in hotel	Private room	Zirakpur, Punjab, India			1 bed	Private attached bathroom			false	Amit	https://www.airbnb.com/rooms/1682506676445031395?locale=en-US&currency=USD&check_in=2026-09-01&check_out=2026-09-06
1562261373057724668	Ground Floor Park View Apartment.	$235	total	5 nights x $54.14	Entire rental unit	Entire home/apt	Zirakpur, Punjab, India			6 guests	3 bedrooms	3 beds	3 baths	false	Bhavya	https://www.airbnb.com/rooms/1562261373057724668?locale=en-US&currency=USD&check_in=2026-09-01&check_out=2026-09-06
1581872219690760573	Calm space. Clean design. Easy living in Kharar.	$229	total	5 nights x $52.92	Entire rental unit	Entire home/apt	Sahibzada Ajit Singh Nagar, Punjab, India			1 guest	3 bedrooms	6 beds	2.5 baths	false	Mohit	https://www.airbnb.com/rooms/1581872219690760573?locale=en-US&currency=USD&check_in=2026-09-01&check_out=2026-09-06
1618772148738441130	Beautiful House Enjoy it	$236	total	5 nights x $54.73	Entire rental unit	Entire home/apt	Sahibzada Ajit Singh Nagar, Punjab, India			6 guests	3 bedrooms	3 beds	3 baths	false	Rakesh	https://www.airbnb.com/rooms/1618772148738441130?locale=en-US&currency=USD&check_in=2026-09-01&check_out=2026-09-06
1363533196995959205	Spazio Heights	$217	total	5 nights x $41.50	Entire condo	Entire home/apt	Zirakpur, Punjab, India			6 guests	3 bedrooms	3 beds	3 baths	false	Inder	https://www.airbnb.com/rooms/1363533196995959205?locale=en-US&currency=USD&check_in=2026-09-06&check_out=2026-09-11
1341972031440237478	Cp Homestays | 2 Bhk apartment	$236	total	5 nights x $45.17	Entire rental unit	Entire home/apt	Kharar, Punjab, India	5.0	1.0	6 guests	2 bedrooms	2 beds	2 baths	false	Neelam	https://www.airbnb.com/rooms/1341972031440237478?locale=en-US&currency=USD&check_in=2026-09-01&check_out=2026-09-06
1302295752720181328	Besthome apartment	$217	total	5 nights x $41.50	Entire rental unit	Entire home/apt	Sukteri, Haryana, India	4.5	2.0	5 guests	2 bedrooms	2 beds	2 baths	false	Saksham	https://www.airbnb.com/rooms/1302295752720181328?locale=en-US&currency=USD&check_in=2027-01-01&check_out=2027-01-06
1623473176951770622	Baseraa by UrbanNest. Private Theater Experience.	$238	total	5 nights x $45.53	Entire condo	Entire home/apt	Zirakpur, Punjab, India	5.0	17.0	2 guests	1 bedroom	1 bed	1 bath	true	UrbanNest	https://www.airbnb.com/rooms/1623473176951770622?locale=en-US&currency=USD&check_in=2026-09-01&check_out=2026-09-06
1031703571236058714	Chic 2BR Work/Family Pad	$236	total	5 nights x $54.73	Entire rental unit	Entire home/apt	Chandigarh, India			3 guests	2 bedrooms	1 bed	2 baths	false	Kanika	https://www.airbnb.com/rooms/1031703571236058714?locale=en-US&currency=USD&check_in=2026-09-01&check_out=2026-09-06
1430169975915194570	Luxurious 3BHK Retreat | Bar + Balcony Swing	$232	total	5 nights x $44.07	Entire rental unit	Entire home/apt	Zirakpur, Punjab, India	4.83	6.0	6 guests	3 bedrooms	3 beds	2 baths	false	Tanvi	https://www.airbnb.com/rooms/1430169975915194570?locale=en-US&currency=USD&check_in=2026-09-01&check_out=2026-09-06
1648538020664926430	3Bhk High & Rise luxury Flat	$219	total	5 nights x $42.03	Entire rental unit	Entire home/apt	Zirakpur, Punjab, India	4.25	4.0	8 guests	3 bedrooms	3 beds	2 baths	false	Ram	https://www.airbnb.com/rooms/1648538020664926430?locale=en-US&currency=USD&check_in=2026-09-01&check_out=2026-09-06
1312251441971053020	Nebula Luxe with Private Terrace	$236	total	5 nights x $54.72	Entire rental unit	Entire home/apt	Zirakpur, Punjab, India	5.0	1.0	4 guests	1 bedroom	1 bed	1 bath	false	Himanshu	https://www.airbnb.com/rooms/1312251441971053020?locale=en-US&currency=USD&check_in=2026-09-01&check_out=2026-09-06
1476550693864840847	Pilot’s Perch	$236	total	5 nights x $44.92	Private room in home	Private room	Sahibzada Ajit Singh Nagar, Punjab, India	5.0	1.0	1 double bed	Dedicated bathroom			true	Jasleen	https://www.airbnb.com/rooms/1476550693864840847?locale=en-US&currency=USD&check_in=2026-12-23&check_out=2026-12-28
1641145631871572249	2 BHK Luxurious Highway Facing Ashiyana	$222	total	5 nights x $42.14	Entire rental unit	Entire home/apt	Kharar, Punjab, India	5.0	7.0	4 guests	2 bedrooms	2 beds	2 baths	true	Sameer	https://www.airbnb.com/rooms/1641145631871572249?locale=en-US&currency=USD&check_in=2026-09-01&check_out=2026-09-06
651012957166490049	Season 22 | 3BHK Home Stay | Mohali	$236	total	5 nights x $45.26	Entire rental unit	Entire home/apt	Sahibzada Ajit Singh Nagar, Punjab, India	4.7	83.0	6 guests	3 bedrooms	6 beds	2 baths	false	Aditi	https://www.airbnb.com/rooms/651012957166490049?locale=en-US&currency=USD&check_in=2026-09-01&check_out=2026-09-06
1693342065438776104	Stay Royal + Chill zone + Cozy Stay in Mohali	$246	total	5 nights x $46.76	Entire rental unit	Entire home/apt	Sahibzada Ajit Singh Nagar, Punjab, India			6 guests	2 bedrooms	4 beds	2 baths	false	Anubhav	https://www.airbnb.com/rooms/1693342065438776104?locale=en-US&currency=USD&check_in=2026-09-01&check_out=2026-09-06
1704197245761483374	The Creator's Pad: Aesthetic 2BHK Shoot & Stay	$218	total	5 nights x $51.74	Entire rental unit	Entire home/apt	Sahibzada Ajit Singh Nagar, Punjab, India			4 guests	2 bedrooms	1 bed	2 baths	false	Neha	https://www.airbnb.com/rooms/1704197245761483374?locale=en-US&currency=USD&check_in=2026-09-01&check_out=2026-09-06
1171051642080054888	The home	$249	total	5 nights x $47.79	Entire rental unit	Entire home/apt	Sahibzada Ajit Singh Nagar, Punjab, India	4.65	26.0	4 guests	2 bedrooms	2 beds	3 baths	false	Liza	https://www.airbnb.com/rooms/1171051642080054888?locale=en-US&currency=USD&check_in=2026-09-01&check_out=2026-09-06
1314245376388544725	Flat in Mohali	$222	total	5 nights x $42.22	Entire rental unit	Entire home/apt	Sahibzada Ajit Singh Nagar, Punjab, India	5.0	1.0	3 guests	1 bedroom	1 bed	1 bath	false	Jivanjot	https://www.airbnb.com/rooms/1314245376388544725?locale=en-US&currency=USD&check_in=2026-09-01&check_out=2026-09-06
1281737942165029866	Flat in Wave Estate	$222	total	5 nights x $42.22	Entire rental unit	Entire home/apt	Sahibzada Ajit Singh Nagar, Punjab, India			3 guests	1 bedroom	1 bed	1 bath	false	Jivanjot	https://www.airbnb.com/rooms/1281737942165029866?locale=en-US&currency=USD&check_in=2026-09-01&check_out=2026-09-06
1701840605445074178	Aesthetic 1BR Studio | Boho Balcony :Modern Escape	$242	total	5 nights x $45.97	Entire rental unit	Entire home/apt	Gazipur, Punjab, India			3 guests	1 bedroom	1 bed	2 baths	false	Neha	https://www.airbnb.com/rooms/1701840605445074178?locale=en-US&currency=USD&check_in=2026-09-01&check_out=2026-09-06
1633829863646326230	3Bhk 3Bathroom/PowerBackup/Main CHDHighway	$223	total	5 nights x $51.16	Entire rental unit	Entire home/apt	Zirakpur, Punjab, India			6 guests	3 bedrooms	3 beds	3 baths	false	Gourav Dogra	https://www.airbnb.com/rooms/1633829863646326230?locale=en-US&currency=USD&check_in=2026-09-01&check_out=2026-09-06
1494077027753312117	cozy Home Stay.10%discount 18Aug to 3 sept 2026	$218	total	5 nights x $41.35	Entire home	Entire home/apt	Panchkula, Haryana, India	5.0	5.0	4 guests	2 bedrooms	2 beds	2 baths	false	Indu	https://www.airbnb.com/rooms/1494077027753312117?locale=en-US&currency=USD&check_in=2026-09-08&check_out=2026-09-13
1759100130030488576	4BHK Luxury Vintage Villa friendly couple family P	$243	total	5 nights x $57.72	Entire rental unit	Entire home/apt	Kharar, Punjab, India			10 guests	4 bedrooms	4 beds	4 baths	true	Laddi	https://www.airbnb.com/rooms/1759100130030488576?locale=en-US&currency=USD&check_in=2026-09-04&check_out=2026-09-09
1237719907826143329	Luxury New 2BHK House & Porch near Airport, Fortis	$241	total	5 nights x $45.77	Entire home	Entire home/apt	Sahibzada Ajit Singh Nagar, Punjab, India	3.33	3.0	4 guests	2 bedrooms	2 beds	1 bath	false	⁨Prof K.D.⁩	https://www.airbnb.com/rooms/1237719907826143329?locale=en-US&currency=USD&check_in=2026-10-02&check_out=2026-10-07
1557116379365025402	Homely 4BHK Space | Ground Floor | Sector 118	$249	total	5 nights x $47.79	Entire home	Entire home/apt	Sahibzada Ajit Singh Nagar, Punjab, India			8 guests	4 bedrooms	4 beds	4 baths	true	Easy Stay	https://www.airbnb.com/rooms/1557116379365025402?locale=en-US&currency=USD&check_in=2026-09-07&check_out=2026-09-12
1553055261858811520	Only Families | Clean Stay | 7 Mins to Airport	$218	total	5 nights x $41.75	Entire rental unit	Entire home/apt	Sahibzada Ajit Singh Nagar, Punjab, India	4.92	37.0	4 guests	2 bedrooms	2 beds	2 baths	true	Jasmeet	https://www.airbnb.com/rooms/1553055261858811520?locale=en-US&currency=USD&check_in=2026-09-01&check_out=2026-09-06
1346425649850918462	Luxury Flat chdgarh/Motiaz Royal citi/ owner free	$236	total	5 nights x $44.80	Entire rental unit	Entire home/apt	Zirakpur, Punjab, India	4.68	25.0	5 guests	2 bedrooms	2 beds	2 baths	false	Harsimran	https://www.airbnb.com/rooms/1346425649850918462?locale=en-US&currency=USD&check_in=2026-09-01&check_out=2026-09-06
1659546927222805585	Olive Nest | Private Cozy Luxe Stay | Self CheckIn	$124	total	5 nights x $23.60	Entire rental unit	Entire home/apt	Zirakpur, Punjab, India	4.9	30.0	2 guests	1 bedroom	1 bed	1 bath	true	Sumaya Stays	https://www.airbnb.com/rooms/1659546927222805585?locale=en-US&currency=USD&check_in=2026-09-03&check_out=2026-09-08
1751065774335239902	Comfort Home Stay.20% Disc new listing promotion.	$225	total	5 nights x $52.58	Entire home	Entire home/apt	Panchkula, Haryana, India			5 guests	3 bedrooms	3 beds	2 baths	false	Indu	https://www.airbnb.com/rooms/1751065774335239902?locale=en-US&currency=USD&check_in=2026-09-09&check_out=2026-09-14
1626171111889331290	A peaceful escape in the heart of the city	$215	total	5 nights x $40.91	Entire villa	Entire home/apt	Kharar, Punjab, India	3.8	5.0	4 guests	2 bedrooms	2 beds	2 baths	false	Pooja	https://www.airbnb.com/rooms/1626171111889331290?locale=en-US&currency=USD&check_in=2026-09-01&check_out=2026-09-06
1610577159430166473	Calm and cozy home stay, 3BHK	$228	total	5 nights x $54.22	Entire rental unit	Entire home/apt	Sahibzada Ajit Singh Nagar, Punjab, India			6 guests	3 bedrooms	1 bed	3 baths	false	Navin	https://www.airbnb.com/rooms/1610577159430166473?locale=en-US&currency=USD&check_in=2026-09-01&check_out=2026-09-06
852756021654262430	High Time Villa	$230	total	5 nights x $44.02	Entire home	Entire home/apt	Sahibzada Ajit Singh Nagar, Punjab, India	4.75	16.0	6 guests	2 bedrooms	4 beds	2.5 baths	false	Bindu	https://www.airbnb.com/rooms/852756021654262430?locale=en-US&currency=USD&check_in=2026-09-06&check_out=2026-09-11
1643568314461082770	SukhinnChandigarh A little home with lot of heart	$231	total	5 nights x $44.20	Entire rental unit	Entire home/apt	Zirakpur, Punjab, India			4 guests	2 bedrooms	3 beds	2 baths	true	Alka	https://www.airbnb.com/rooms/1643568314461082770?locale=en-US&currency=USD&check_in=2026-09-04&check_out=2026-09-09
26135589	The Mahal: Goa Suite	$90	total	5 nights x $19.00	Private room in home	Private room	Panchkula, Haryana, India	4.69	54.0	1 queen bed	Shared bathroom			false	Rachel	https://www.airbnb.com/rooms/26135589?locale=en-US&currency=USD&check_in=2026-09-01&check_out=2026-09-06
1476736515645159314	MOD3 | Modern 3BHK Escape	$226	total	5 nights x $43.05	Entire rental unit	Entire home/apt	Zirakpur, Punjab, India	5.0	1.0	7 guests	3 bedrooms	3 beds	3 baths	false	Mayank	https://www.airbnb.com/rooms/1476736515645159314?locale=en-US&currency=USD&check_in=2026-09-26&check_out=2026-10-01
1742155490408465952	The Blurr House	$214	total	5 nights x $50.86	Entire rental unit	Entire home/apt	Sahibzada Ajit Singh Nagar, Punjab, India			6 guests	3 bedrooms	3 beds	3.5 baths	false	Jatin	https://www.airbnb.com/rooms/1742155490408465952?locale=en-US&currency=USD&check_in=2026-09-01&check_out=2026-09-06
1644889132147707354	Amur Stay 7: 3 Bedroom Aerocity Floor	$235	total	5 nights x $55.94	Entire home	Entire home/apt	Sahibzada Ajit Singh Nagar, Punjab, India			9 guests	3 bedrooms	1 bed	2 baths	true	Aashish	https://www.airbnb.com/rooms/1644889132147707354?locale=en-US&currency=USD&check_in=2026-09-01&check_out=2026-09-06
1683948028087745142	SKJ Luxuria | 2BHK | Near Airport | Prime Location	$214	total	5 nights x $40.72	Entire condo	Entire home/apt	Sahibzada Ajit Singh Nagar, Punjab, India	4.76	25.0	6 guests	2 bedrooms	2 beds	2 baths	true	Mohit	https://www.airbnb.com/rooms/1683948028087745142?locale=en-US&currency=USD&check_in=2026-10-23&check_out=2026-10-28
1667390697638908802	Karwaan stays - Ideal place for families& couples	$226	total	5 nights x $42.88	Entire rental unit	Entire home/apt	Kharar, Punjab, India	5.0	7.0	6 guests	3 bedrooms	3 beds	3 baths	true	Ankit	https://www.airbnb.com/rooms/1667390697638908802?locale=en-US&currency=USD&check_in=2026-09-01&check_out=2026-09-06
1601122599103619022	The NooK | Luxury 2BHK • Balcony • Prime Area	$222	total	5 nights x $42.19	Entire rental unit	Entire home/apt	Zirakpur, Punjab, India	5.0	4.0	4 guests	2 bedrooms	4 beds	1 bath	true	Deependra Singh	https://www.airbnb.com/rooms/1601122599103619022?locale=en-US&currency=USD&check_in=2026-09-01&check_out=2026-09-06
1750554546088140660	Urban Oasis. A luxury 3bhk retreat.	$373	total	5 nights x $86.48	Entire condo	Entire home/apt	Sahibzada Ajit Singh Nagar, Punjab, India			6 guests	3 bedrooms	3 beds	3 baths	true	Anhadinder Singh	https://www.airbnb.com/rooms/1750554546088140660?locale=en-US&currency=USD&check_in=2026-09-01&check_out=2026-09-06
11690148	Luxurious Homestay- peaceful ambience	$236	total	5 nights x $45.28	Private room in bungalow	Private room	Chandigarh, India	4.91	11.0	1 double bed	Private attached bathroom			false	Rami Singh	https://www.airbnb.com/rooms/11690148?locale=en-US&currency=USD&check_in=2026-09-01&check_out=2026-09-06
1565240980111064787	The Savi Stays- Cozy & Homely | Self Check-in	$121	total	5 nights x $23.01	Entire rental unit	Entire home/apt	Zirakpur, Punjab, India	4.94	65.0	2 guests	1 bedroom	2 beds	1 bath	true	Vanshika	https://www.airbnb.com/rooms/1565240980111064787?locale=en-US&currency=USD&check_in=2026-09-01&check_out=2026-09-06
1285504618333912612	Luxury 3 BHK FF in Sector 34 Chandigarh	$371	total	5 nights x $78.31	Entire home	Entire home/apt	Chandigarh, India			6 guests	3 bedrooms	3 beds	3 baths	true	Ravi	https://www.airbnb.com/rooms/1285504618333912612?locale=en-US&currency=USD&check_in=2026-09-01&check_out=2026-09-06
1537507522765400599	The Opulent oasis Unit 2	$220	total	5 nights x $41.90	Entire rental unit	Entire home/apt	Sahibzada Ajit Singh Nagar, Punjab, India	4.13	15.0	4 guests	2 bedrooms	2 beds	2.5 baths	false	Gurkaran	https://www.airbnb.com/rooms/1537507522765400599?locale=en-US&currency=USD&check_in=2026-09-01&check_out=2026-09-06
1367250684863716012	LA Meadow: Chandigarh’s Hideaway	$249	total	5 nights x $47.78	Entire rental unit	Entire home/apt	Zirakpur, Punjab, India	4.83	36.0	8 guests	3 bedrooms	3 beds	3 baths	true	Nitish Singla	https://www.airbnb.com/rooms/1367250684863716012?locale=en-US&currency=USD&check_in=2027-01-01&check_out=2027-01-06
1292609441648378468	Sunny apartment with scenic view	$394	total	5 nights x $75.47	Entire rental unit	Entire home/apt	Panchkula, Haryana, India	4.0	5.0	6 guests	3 bedrooms	3 beds	2.5 baths	false	Lakshay	https://www.airbnb.com/rooms/1292609441648378468?locale=en-US&currency=USD&check_in=2026-09-01&check_out=2026-09-06
1709924336400807682	The Golden Haven | Mohali	$336	total	5 nights x $63.87	Entire home	Entire home/apt	Sahibzada Ajit Singh Nagar, Punjab, India	4.8	5.0	10 guests	3 bedrooms	3 beds	4 baths	true	Vasu	https://www.airbnb.com/rooms/1709924336400807682?locale=en-US&currency=USD&check_in=2026-10-01&check_out=2026-10-06
1724341684679080725	Cozy 3 bhk apartment	$376	total	5 nights x $88.77	Entire guesthouse	Entire home/apt	Panchkula, Haryana, India			10 guests	3 bedrooms	3 beds	3 baths	false	Surbhi	https://www.airbnb.com/rooms/1724341684679080725?locale=en-US&currency=USD&check_in=2026-09-01&check_out=2026-09-06
1697660541295460888	Adi's 3bhk	$242	total	5 nights x $45.96	Entire rental unit	Entire home/apt	Panchkula, Haryana, India	5.0	1.0	7 guests	3 bedrooms	3 beds	2 baths	true	Aditya	https://www.airbnb.com/rooms/1697660541295460888?locale=en-US&currency=USD&check_in=2026-09-03&check_out=2026-09-08
1442738469723212295	Hill View- 2Bhk Apartment	$355	total	5 nights x $68.12	Private room in condo	Private room	Gumthala, Haryana, India	5.0	1.0	2 bedrooms	2 beds	Private attached bathroom		false	Rajiv	https://www.airbnb.com/rooms/1442738469723212295?locale=en-US&currency=USD&check_in=2026-09-01&check_out=2026-09-06
1660074958141256084	The Nest & Co.	$371	total	5 nights x $70.57	Entire condo	Entire home/apt	Zirakpur, Punjab, India			4 guests	2 bedrooms	2 beds	1 bath	false	Shailly	https://www.airbnb.com/rooms/1660074958141256084?locale=en-US&currency=USD&check_in=2026-09-01&check_out=2026-09-06
1444976619626079909	Hill Gateway | Twin Retreat | Pool & Wellness Stay	$384	total	5 nights x $73.02	Room in boutique hotel	Entire home/apt	Zirakpur, Punjab, India			2 guests	1 bedroom	1 bed	1 bath	false	Emma	https://www.airbnb.com/rooms/1444976619626079909?locale=en-US&currency=USD&check_in=2026-09-01&check_out=2026-09-06
1312982948345075503	4BHK gf 1km from lake Chandigarh-Anand Kunj Kansal	$352	total	5 nights x $72.76	Entire bungalow	Entire home/apt	Sahibzada Ajit Singh Nagar, Punjab, India	4.87	15.0	12 guests	4 bedrooms	12 beds	4 baths	true	Renu Anand	https://www.airbnb.com/rooms/1312982948345075503?locale=en-US&currency=USD&check_in=2026-09-07&check_out=2026-09-12
1309247606226954102	Hidden Gem-3bhk, sector 69	$372	total	5 nights x $71.32	Entire home	Entire home/apt	Sahibzada Ajit Singh Nagar, Punjab, India	4.98	41.0	6 guests	3 bedrooms	3 beds	2 baths	true	Sachin	https://www.airbnb.com/rooms/1309247606226954102?locale=en-US&currency=USD&check_in=2026-09-01&check_out=2026-09-06
1727293180482652129	4Bhk Luxury High & Rise Apartment with Projector	$395	total	5 nights x $75.10	Entire rental unit	Entire home/apt	Zirakpur, Punjab, India	4.6	5.0	9 guests	4 bedrooms	4 beds	4 baths	false	Mayank	https://www.airbnb.com/rooms/1727293180482652129?locale=en-US&currency=USD&check_in=2026-09-01&check_out=2026-09-06
1742817199012229606	The Ivory Stay	$368	total	5 nights x $69.93	Entire rental unit	Entire home/apt	Zirakpur, Punjab, India	5.0	8.0	2 guests	1 bedroom	1 bed	1 bath	true	Vasu	https://www.airbnb.com/rooms/1742817199012229606?locale=en-US&currency=USD&check_in=2026-09-01&check_out=2026-09-06
1705813746205532212	Luxury Jacuzzi Villa | Lawn & Gazebo| Near Airport	$396	total	5 nights x $75.37	Entire home	Entire home/apt	Sahibzada Ajit Singh Nagar, Punjab, India	5.0	4.0	5 guests	1 bedroom	3 beds	1 bath	false	Sonali	https://www.airbnb.com/rooms/1705813746205532212?locale=en-US&currency=USD&check_in=2026-09-01&check_out=2026-09-06
1733348177550332883	F1 by Urban Deck • Luxury 3BHK • Near Chandigarh	$359	total	5 nights x $68.30	Entire rental unit	Entire home/apt	Zirakpur, Punjab, India	5.0	3.0	6 guests	3 bedrooms	3 beds	3 baths	true	Kartik	https://www.airbnb.com/rooms/1733348177550332883?locale=en-US&currency=USD&check_in=2026-09-01&check_out=2026-09-06
1497497091345759097	Farm stay (Jatt & Juliet 99)	$361	total	5 nights x $83.34	Farm stay	Entire home/apt	Sahibzada Ajit Singh Nagar, Punjab, India			4 guests	2 bedrooms	2 beds	1.5 baths	false	Manjeet	https://www.airbnb.com/rooms/1497497091345759097?locale=en-US&currency=USD&check_in=2026-09-01&check_out=2026-09-06
602711461461604567	Rose  - FERNANDA WOODS ESTATE	$377	total	5 nights x $72.32	Private room in farm stay	Private room	Majrian, Punjab, India			1 bed	Shared bathroom			false	Amrita	https://www.airbnb.com/rooms/602711461461604567?locale=en-US&currency=USD&check_in=2026-09-01&check_out=2026-09-06
1699270739428962919	Nawab House 3bhk by Aerostays	$349	total	5 nights x $66.43	Entire home	Entire home/apt	Sahibzada Ajit Singh Nagar, Punjab, India	5.0	3.0	1 guest	3 bedrooms	3 beds	3 baths	false	Ani	https://www.airbnb.com/rooms/1699270739428962919?locale=en-US&currency=USD&check_in=2026-09-01&check_out=2026-09-06
1742838996252688854	The Perch 2 - where home meets happiness	$404	total	5 nights x $93.64	Entire home	Entire home/apt	Sahibzada Ajit Singh Nagar, Punjab, India	5.0	1.0	6 guests	3 bedrooms	3 beds	3 baths	true	RN Casa	https://www.airbnb.com/rooms/1742838996252688854?locale=en-US&currency=USD&check_in=2026-09-01&check_out=2026-09-06
1603726264719793527	Raahat stays-38-2BHK Cozy Escape| Kitchen+ lift	$407	total	5 nights x $77.98	Entire home	Entire home/apt	Chandigarh, India	4.67	3.0	4 guests	2 bedrooms	2 beds	2 baths	false	Dr. Shifa Mahajan Kaushal	https://www.airbnb.com/rooms/1603726264719793527?locale=en-US&currency=USD&check_in=2026-09-01&check_out=2026-09-06
1705520256944625563	Rootanian Villa — Independent Private First Floor	$386	total	5 nights x $73.46	Entire rental unit	Entire home/apt	Sahibzada Ajit Singh Nagar, Punjab, India	5.0	4.0	4 guests	2 bedrooms	2 beds	2 baths	true	Dhairya	https://www.airbnb.com/rooms/1705520256944625563?locale=en-US&currency=USD&check_in=2026-09-06&check_out=2026-09-11
1153391124393715945	Highrise luxury accommodation	$230	total	5 nights x $44.02	Entire rental unit	Entire home/apt	Sahibzada Ajit Singh Nagar, Punjab, India	4.05	22.0	4 guests	2 bedrooms	2 beds	3 baths	false	Pooja	https://www.airbnb.com/rooms/1153391124393715945?locale=en-US&currency=USD&check_in=2026-09-01&check_out=2026-09-06
1125163180395237039	Boho Bliss	$380	total	5 nights x $72.29	Private room in home	Private room	Panchkula, Haryana, India	4.94	16.0	1 bed	Dedicated bathroom			false	Ryan	https://www.airbnb.com/rooms/1125163180395237039?locale=en-US&currency=USD&check_in=2026-09-01&check_out=2026-09-06
1735516229937105727	Homestead Thapli Farms	$403	total	5 nights x $95.51	Farm stay	Entire home/apt	Pinjaur, Haryana, India	5.0	1.0	8 guests	3 bedrooms	7 beds	1 bath	false	Shash	https://www.airbnb.com/rooms/1735516229937105727?locale=en-US&currency=USD&check_in=2026-09-04&check_out=2026-09-09
1691342753351563426	The Golden Crest | Mohali	$378	total	5 nights x $71.88	Entire home	Entire home/apt	Sahibzada Ajit Singh Nagar, Punjab, India	5.0	10.0	10 guests	3 bedrooms	3 beds	4 baths	true	Vasu	https://www.airbnb.com/rooms/1691342753351563426?locale=en-US&currency=USD&check_in=2026-10-01&check_out=2026-10-06
1756266896290757391	Luxury Villas of Emaar, Dubai based architecture	$224	total	5 nights x $53.10	Private room in home	Private room	Sahibzada Ajit Singh Nagar, Punjab, India			3 bedrooms	6 beds	Private attached bathroom		false	Lovkesh	https://www.airbnb.com/rooms/1756266896290757391?locale=en-US&currency=USD&check_in=2026-09-01&check_out=2026-09-06
1747457555659867828	Vimodasya@The Luxe Nest	$226	total	5 nights x $43.26	Entire rental unit	Entire home/apt	Gazipur, Punjab, India			6 guests	3 bedrooms	3 beds	3 baths	false	Mona	https://www.airbnb.com/rooms/1747457555659867828?locale=en-US&currency=USD&check_in=2026-09-07&check_out=2026-09-12
1719630658943469185	Shukrana Homes	$405	total	5 nights x $96.37	Entire home	Entire home/apt	Chandigarh, India	5.0	1.0	6 guests	3 bedrooms	3 beds	3 baths	false	Uttam	https://www.airbnb.com/rooms/1719630658943469185?locale=en-US&currency=USD&check_in=2026-09-01&check_out=2026-09-06
1192818446068738293	Deepankar's	$228	total	5 nights x $43.35	Entire rental unit	Entire home/apt	Kharar, Punjab, India	4.83	6.0	4 guests	2 bedrooms	2 beds	2 baths	false	Rahul	https://www.airbnb.com/rooms/1192818446068738293?locale=en-US&currency=USD&check_in=2026-10-01&check_out=2026-10-06
48405498	Casa Dura	$144	total	5 nights x $27.25	Private room in bed and breakfast	Private room	Panchkula, Haryana, India	4.84	116.0	1 double bed	Private attached bathroom			true	Haarsh Jakhar	https://www.airbnb.com/rooms/48405498?locale=en-US&currency=USD&check_in=2026-09-01&check_out=2026-09-06
1648509829223550642	4Bhk Cozy & Luxury Villa	$411	total	5 nights x $78.90	Entire home	Entire home/apt	Zirakpur, Punjab, India	4.67	3.0	12 guests	4 bedrooms	4 beds	5 baths	false	Ram	https://www.airbnb.com/rooms/1648509829223550642?locale=en-US&currency=USD&check_in=2026-09-01&check_out=2026-09-06
54088256	Manali Enroute Boutique Family Stay "Ground Floor"	$213	total	5 nights x $40.40	Entire condo	Entire home/apt	Sahibzada Ajit Singh Nagar, Punjab, India	4.91	57.0	10 guests	3 bedrooms	9 beds	3 baths	true	Meeta	https://www.airbnb.com/rooms/54088256?locale=en-US&currency=USD&check_in=2026-09-05&check_out=2026-09-10
1328365523498851409	Second Floor's Single spacious room with terrace	$89	total	5 nights x $16.86	Entire condo	Entire home/apt	Sahibzada Ajit Singh Nagar, Punjab, India	4.96	116.0	2 guests	1 bedroom	1 bed	1 bath	true	Simran - Dream As Us	https://www.airbnb.com/rooms/1328365523498851409?locale=en-US&currency=USD&check_in=2026-09-25&check_out=2026-09-30
1753049332768114783	Home & Heart	$155	total	5 nights x $36.73	Entire condo	Entire home/apt	Kharar, Punjab, India	5.0	1.0	4 guests	2 bedrooms	5 beds	2 baths	false	Ranjeet	https://www.airbnb.com/rooms/1753049332768114783?locale=en-US&currency=USD&check_in=2026-09-08&check_out=2026-09-13
1599910120793794604	Amur Stays 4: 6 Bedroom Independent Floors	$401	total	5 nights x $95.32	Entire home	Entire home/apt	Sahibzada Ajit Singh Nagar, Punjab, India	4.67	3.0	15 guests	6 bedrooms	6 beds	6 baths	true	Aashish	https://www.airbnb.com/rooms/1599910120793794604?locale=en-US&currency=USD&check_in=2026-09-01&check_out=2026-09-06
1747751493808520264	Peaceful Green Stay	$84	total	5 nights x $16.10	Entire home	Entire home/apt	Sahibzada Ajit Singh Nagar, Punjab, India	5.0	5.0	2 guests	1 bedroom	1 bed	1 bath	false	Amandeep	https://www.airbnb.com/rooms/1747751493808520264?locale=en-US&currency=USD&check_in=2026-09-02&check_out=2026-09-07
1741908918580085057	The Mansion 22 By Stay Royal	$360	total	5 nights x $85.64	Entire guesthouse	Entire home/apt	Chandigarh, India	5.0	2.0	6 guests	3 bedrooms	3 beds	2 baths	false	Anubhav	https://www.airbnb.com/rooms/1741908918580085057?locale=en-US&currency=USD&check_in=2026-09-01&check_out=2026-09-06
1455319323165918724	Comfort Cove - Airport Road - Mohali - Chandigarh	$150	total	5 nights x $28.49	Entire home	Entire home/apt	Sahibzada Ajit Singh Nagar, Punjab, India	4.97	71.0	2 guests	1 bedroom	1 bed	1 bath	true	Sunny	https://www.airbnb.com/rooms/1455319323165918724?locale=en-US&currency=USD&check_in=2026-09-21&check_out=2026-09-26
1690385130360388010	The Cozy Oak Retreat Near CP67 Mall & Airport	$137	total	5 nights x $25.97	Entire home	Entire home/apt	Sahibzada Ajit Singh Nagar, Punjab, India	5.0	2.0	2 guests	1 bedroom	1 bed	1 bath	false	Amrita	https://www.airbnb.com/rooms/1690385130360388010?locale=en-US&currency=USD&check_in=2026-09-06&check_out=2026-09-11
1747728379006211471	Yash stay	$214	total	5 nights x $40.66	Entire rental unit	Entire home/apt	Zirakpur, Punjab, India	5.0	1.0	7 guests	3 bedrooms	3 beds	3 baths	false	Yash	https://www.airbnb.com/rooms/1747728379006211471?locale=en-US&currency=USD&check_in=2026-09-03&check_out=2026-09-08
1549919612041040376	My Space | 3BHK Luxury Suite in Mohali-Chandigarh	$372	total	5 nights x $78.71	Entire condo	Entire home/apt	Sahibzada Ajit Singh Nagar, Punjab, India	5.0	3.0	8 guests	3 bedrooms	3 beds	3 baths	false	My Space Luxury Suites In Mohali	https://www.airbnb.com/rooms/1549919612041040376?locale=en-US&currency=USD&check_in=2026-09-21&check_out=2026-09-26
1752514896677979212	Private room| Near Airport| Good Times Stay	$134	total	5 nights x $25.38	Private room in home	Private room	Sahibzada Ajit Singh Nagar, Punjab, India	5.0	2.0	1 queen bed	Private attached bathroom			true	Anu	https://www.airbnb.com/rooms/1752514896677979212?locale=en-US&currency=USD&check_in=2026-09-01&check_out=2026-09-06
1357706166066555870	One Bed room BnB Stay	$85	total	5 nights x $16.30	Private room in villa	Private room	Sahibzada Ajit Singh Nagar, Punjab, India	4.76	21.0	1 queen bed	Private attached bathroom			false	Khushwant	https://www.airbnb.com/rooms/1357706166066555870?locale=en-US&currency=USD&check_in=2026-09-01&check_out=2026-09-06
883799493752280000	Super cozy 1 bhk in sector 69	$115	total	5 nights x $21.76	Entire rental unit	Entire home/apt	Sahibzada Ajit Singh Nagar, Punjab, India	4.76	46.0	3 guests	1 bedroom	1 bed	1 bath	false	Taran	https://www.airbnb.com/rooms/883799493752280000?locale=en-US&currency=USD&check_in=2026-09-01&check_out=2026-09-06
1700598987496630746	2bhk, Fully Independent, Premium, Cosy, Tricity	$162	total	5 nights x $30.70	Entire rental unit	Entire home/apt	Sahibzada Ajit Singh Nagar, Punjab, India	4.81	26.0	5 guests	2 bedrooms	2 beds	2 baths	true	Aniket	https://www.airbnb.com/rooms/1700598987496630746?locale=en-US&currency=USD&check_in=2026-09-01&check_out=2026-09-06
1751647835940856468	Spacious room| Airport | Good Times Stay	$140	total	5 nights x $26.51	Private room in home	Private room	Sahibzada Ajit Singh Nagar, Punjab, India	5.0	2.0	2 beds	Private attached bathroom			true	Anu	https://www.airbnb.com/rooms/1751647835940856468?locale=en-US&currency=USD&check_in=2026-09-01&check_out=2026-09-06
1491257387013632790	Spacious 3BHK | Family | 300 Gaj | Ground Floor	$227	total	5 nights x $43.51	Entire home	Entire home/apt	Sahibzada Ajit Singh Nagar, Punjab, India	4.89	9.0	8 guests	3 bedrooms	3 beds	3 baths	true	Easy Stay	https://www.airbnb.com/rooms/1491257387013632790?locale=en-US&currency=USD&check_in=2026-09-01&check_out=2026-09-06
1530878170529737512	Urban Nest	$431	total	5 nights x $82.57	Private room in home	Private room	New Chandigarh, Punjab, India	3.5	4.0	4 bedrooms	8 beds	Dedicated bathroom		false	Sunali	https://www.airbnb.com/rooms/1530878170529737512?locale=en-US&currency=USD&check_in=2026-09-01&check_out=2026-09-06
1491618073389891856	Peaceful House with Lawn | Parking | Near Airport	$220	total	5 nights x $41.77	Entire villa	Entire home/apt	Sahibzada Ajit Singh Nagar, Punjab, India	4.76	29.0	6 guests	2 bedrooms	2 beds	2 baths	false	Rajat	https://www.airbnb.com/rooms/1491618073389891856?locale=en-US&currency=USD&check_in=2026-09-01&check_out=2026-09-06
53947694	Vintage Haveli	$459	total	5 nights x $88.04	Entire vacation home	Entire home/apt	Kharar, Punjab, India			6 guests	3 bedrooms	3 beds	2 baths	false	Barjinder Singh	https://www.airbnb.com/rooms/53947694?locale=en-US&currency=USD&check_in=2026-09-01&check_out=2026-09-06
1688303222413383025	Secret House	$382	total	5 nights x $73.32	Entire home	Entire home/apt	Naraingarh, Punjab, India	5.0	1.0	6 guests	3 bedrooms	3 beds	2 baths	false	Shiva	https://www.airbnb.com/rooms/1688303222413383025?locale=en-US&currency=USD&check_in=2026-09-01&check_out=2026-09-06
1286199923598304944	Bedroom & Kitchen - Luxe Escape near Fortis	$470	total	5 nights x $99.49	Room in hotel	Private room	Sahibzada Ajit Singh Nagar, Chandigarh, India			2 guests	1 bedroom	1 bed	1 private bath	false	Priyaranjan	https://www.airbnb.com/rooms/1286199923598304944?locale=en-US&currency=USD&check_in=2026-09-01&check_out=2026-09-06
1285973229879786714	1BHK - Near Fortis Hospital	$487	total	5 nights x $103.16	Room in hotel	Private room	Sahibzada Ajit Singh Nagar, Chandigarh, India			2 guests	1 bedroom	1 bed	1 private bath	false	Priyaranjan	https://www.airbnb.com/rooms/1285973229879786714?locale=en-US&currency=USD&check_in=2026-09-01&check_out=2026-09-06
794701409710005276	A place away from your home	$472	total	5 nights x $90.55	Entire rental unit	Entire home/apt	Zirakpur, Punjab, India	5.0	1.0	8 guests	5 bedrooms	4 beds	3.5 baths	false	Puneet	https://www.airbnb.com/rooms/794701409710005276?locale=en-US&currency=USD&check_in=2026-09-01&check_out=2026-09-06
1501982956185527237	The Amber Nook	$165	total	5 nights x $31.57	Entire rental unit	Entire home/apt	Sahibzada Ajit Singh Nagar, Punjab, India	5.0	20.0	2 guests	1 bedroom	1 bed	1 bath	true	Namrata	https://www.airbnb.com/rooms/1501982956185527237?locale=en-US&currency=USD&check_in=2026-09-01&check_out=2026-09-06
1286189484801078747	Bedroom & Kitchen - Urban Mohali Walk Nest	$470	total	5 nights x $99.49	Room in hotel	Private room	Sahibzada Ajit Singh Nagar, Chandigarh, India			2 guests	1 bedroom	1 bed	1 private bath	false	Priyaranjan	https://www.airbnb.com/rooms/1286189484801078747?locale=en-US&currency=USD&check_in=2026-09-01&check_out=2026-09-06
1576616660803709392	Urban Comfort	$488	total	5 nights x $113.09	Entire rental unit	Entire home/apt	Dera Bassi, Punjab, India			6 guests	3 bedrooms	3 beds	3 baths	false	Sehdev	https://www.airbnb.com/rooms/1576616660803709392?locale=en-US&currency=USD&check_in=2026-09-01&check_out=2026-09-06
1143196753461776085	Cityscape CharmExperience Luxury	$374	total	5 nights x $86.38	Entire rental unit	Entire home/apt	Panchkula, Haryana, India			6 guests	3 bedrooms	3 baths		false	Capt Viraat	https://www.airbnb.com/rooms/1143196753461776085?locale=en-US&currency=USD&check_in=2026-09-01&check_out=2026-09-06
1654946867381493396	Blu Retreat	$359	total	5 nights x $68.22	Entire home	Entire home/apt	Sahibzada Ajit Singh Nagar, Punjab, India	5.0	3.0	6 guests	3 bedrooms	3 beds	3 baths	true	Nisha	https://www.airbnb.com/rooms/1654946867381493396?locale=en-US&currency=USD&check_in=2026-09-01&check_out=2026-09-06
1286068511265642385	1 BHK- Trendy Apartment in Mall	$487	total	5 nights x $103.16	Room in hotel	Private room	Sahibzada Ajit Singh Nagar, Chandigarh, India			2 guests	1 bedroom	1 bed	1 private bath	false	Priyaranjan	https://www.airbnb.com/rooms/1286068511265642385?locale=en-US&currency=USD&check_in=2026-09-01&check_out=2026-09-06
1138091615841521811	Suite half board at Zirakpur	$496	total	5 nights x $83.95	Room in hotel	Private room	Zirakpur, Punjab, India			2 guests	1 bedroom	1 bed	0 baths	false	Happinder	https://www.airbnb.com/rooms/1138091615841521811?locale=en-US&currency=USD&check_in=2026-09-01&check_out=2026-09-06
54117665	Hotel The Black Gold (6 rooms on the same floor)	$472	total	5 nights x $90.55	Room in hotel	Private room	Sahibzada Ajit Singh Nagar, Chandigarh, India			16+ guests	6 bedrooms	6 beds	6 baths	false	Prakash	https://www.airbnb.com/rooms/54117665?locale=en-US&currency=USD&check_in=2026-09-01&check_out=2026-09-06
1285465253541089573	1BHK, Opps to Fortis Hospital	$467	total	5 nights x $98.76	Room in hotel	Private room	Sahibzada Ajit Singh Nagar, Chandigarh, India	1.0	1.0	2 guests	1 bedroom	1 bed	1 private bath	false	Priyaranjan	https://www.airbnb.com/rooms/1285465253541089573?locale=en-US&currency=USD&check_in=2026-09-04&check_out=2026-09-09
1430779245697363160	High Rise Room with Jacuzzi in Zirakpur	$227	total	5 nights x $43.10	Entire serviced apartment	Entire home/apt	Zirakpur, Punjab, India	4.52	54.0	2 guests	1 bedroom	1 bed	1 bath	false	Jitender	https://www.airbnb.com/rooms/1430779245697363160?locale=en-US&currency=USD&check_in=2026-09-01&check_out=2026-09-06
1499058252565540983	Elite Homes Street	$388	total	5 nights x $73.72	Entire rental unit	Entire home/apt	Sahibzada Ajit Singh Nagar, Punjab, India	4.86	21.0	6 guests	3 bedrooms	3 beds	3 baths	true	Nisha	https://www.airbnb.com/rooms/1499058252565540983?locale=en-US&currency=USD&check_in=2026-09-01&check_out=2026-09-06
1306951348943847444	home stay luxury stay	$459	total	5 nights x $88.04	Entire rental unit	Entire home/apt	Zirakpur, Punjab, India			6 guests	3 bedrooms	3 beds	3 baths	false	Vicky	https://www.airbnb.com/rooms/1306951348943847444?locale=en-US&currency=USD&check_in=2026-09-01&check_out=2026-09-06
1286120666179018931	Bedroom & Kitchen-Comfort Hub near Fortis Hospital	$379	total	5 nights x $90.04	Room in hotel	Private room	Sahibzada Ajit Singh Nagar, Chandigarh, India			2 guests	1 bedroom	1 bed	1 private bath	false	Priyaranjan	https://www.airbnb.com/rooms/1286120666179018931?locale=en-US&currency=USD&check_in=2026-09-04&check_out=2026-09-09
819401209362290624	Bungalow with Swimming Pool Stay n Party Venue	$337	total	5 nights x $64.63	Entire bungalow	Entire home/apt	Sahibzada Ajit Singh Nagar, Punjab, India	4.6	35.0	8 guests	4 bedrooms	4 beds	3 baths	true	Harinder Pal	https://www.airbnb.com/rooms/819401209362290624?locale=en-US&currency=USD&check_in=2026-09-06&check_out=2026-09-11
885477433542665502	Wabi Sabi By Millan Jattana - Apartment in Mohali	$230	total	5 nights x $44.02	Entire rental unit	Entire home/apt	Sahibzada Ajit Singh Nagar, Punjab, India	5.0	1.0	2 guests	1 bedroom	1 bed	1 bath	false	Millanpreet	https://www.airbnb.com/rooms/885477433542665502?locale=en-US&currency=USD&check_in=2027-05-22&check_out=2027-05-27
1717173152323258613	Kang's Den SUITE Private 1-Bedroom, Living Dining	$108	total	5 nights x $20.38	Entire home	Entire home/apt	Sahibzada Ajit Singh Nagar, Punjab, India	5.0	3.0	2 guests	1 bedroom	1 bed	1 bath	false	Dr Kang	https://www.airbnb.com/rooms/1717173152323258613?locale=en-US&currency=USD&check_in=2026-09-01&check_out=2026-09-06
1611691691961704394	Spacious | Luxury Independent Studio by Anandalaya	$93	total	5 nights x $17.57	Entire condo	Entire home/apt	Kharar, Punjab, India	5.0	11.0	3 guests	1 bedroom	1 bed	1 bath	false	Anandalaya	https://www.airbnb.com/rooms/1611691691961704394?locale=en-US&currency=USD&check_in=2026-09-01&check_out=2026-09-06
1306358136579776603	Luxury loft @Mamta's enclave.	$459	total	5 nights x $88.04	Entire home	Entire home/apt	Azizpur, Punjab, India			6 guests	3 bedrooms	3 beds	3 baths	false	Nitin	https://www.airbnb.com/rooms/1306358136579776603?locale=en-US&currency=USD&check_in=2026-09-01&check_out=2026-09-06
1468656409782033767	3BHK floor is ready for familiy	$407	total	5 nights x $93.72	Entire villa	Entire home/apt	Zirakpur, Punjab, India			6 guests	3 bedrooms	3 beds	3 baths	false	Manish	https://www.airbnb.com/rooms/1468656409782033767?locale=en-US&currency=USD&check_in=2026-09-01&check_out=2026-09-06
1606384992267423060	aaina – where reflections meet elegance	$367	total	5 nights x $70.31	Entire rental unit	Entire home/apt	Zirakpur, Punjab, India	5.0	51.0	6 guests	3 bedrooms	3 beds	3 baths	true	RN Casa	https://www.airbnb.com/rooms/1606384992267423060?locale=en-US&currency=USD&check_in=2026-09-01&check_out=2026-09-06
1467186211975260275	Flat in Sahibzada Ajit Singh Nagar, Mohali	$550	total	5 nights x $95.52	Entire condo	Entire home/apt	Sahibzada Ajit Singh Nagar, Punjab, India			9 guests	3 bedrooms	3 beds	4 baths	false	Tanishq	https://www.airbnb.com/rooms/1467186211975260275?locale=en-US&currency=USD&check_in=2026-09-01&check_out=2026-09-06
1286646287510458777	Bedroom & Kitchen - Walk Mall Cozy Crib	$404	total	5 nights x $96.02	Room in hotel	Private room	Sahibzada Ajit Singh Nagar, Chandigarh, India			2 guests	1 bedroom	1 bed	1 private bath	false	Priyaranjan	https://www.airbnb.com/rooms/1286646287510458777?locale=en-US&currency=USD&check_in=2026-09-04&check_out=2026-09-09
1285434807716310262	1 BHK Apartment -Sahibzada Ajit Singh Nagar	$374	total	5 nights x $88.88	Room in hotel	Private room	Sahibzada Ajit Singh Nagar, Chandigarh, India			2 guests	2 bedrooms	1 bed	1 private bath	false	Priyaranjan	https://www.airbnb.com/rooms/1285434807716310262?locale=en-US&currency=USD&check_in=2026-09-11&check_out=2026-09-16
1286122920142292365	Bedroom & Kitchen - Elegant Walk Mall Apartment	$379	total	5 nights x $90.04	Room in hotel	Private room	Sahibzada Ajit Singh Nagar, Chandigarh, India			2 guests	1 bedroom	1 bed	1 private bath	false	Priyaranjan	https://www.airbnb.com/rooms/1286122920142292365?locale=en-US&currency=USD&check_in=2026-09-04&check_out=2026-09-09
1683215237644597387	Casa Serene	$345	total	5 nights x $80.00	Entire home	Entire home/apt	Naraingarh, Punjab, India			6 guests	3 bedrooms	1 bed	2 baths	false	Shiva	https://www.airbnb.com/rooms/1683215237644597387?locale=en-US&currency=USD&check_in=2026-09-01&check_out=2026-09-06
1751551148374387492	Stylish 2BHK Retreat | Cozy & Modern Stay	$230	total	5 nights x $43.65	Entire rental unit	Entire home/apt	Kharar, Punjab, India	5.0	2.0	5 guests	2 bedrooms	2 beds	2 baths	false	Trident Homes	https://www.airbnb.com/rooms/1751551148374387492?locale=en-US&currency=USD&check_in=2026-09-01&check_out=2026-09-06
1286648719462838421	Bedroom & Kitchen - Comfy Mohali Urban Stay	$404	total	5 nights x $96.02	Room in hotel	Private room	Sahibzada Ajit Singh Nagar, Chandigarh, India			2 guests	1 bedroom	1 bed	1 private bath	false	Priyaranjan	https://www.airbnb.com/rooms/1286648719462838421?locale=en-US&currency=USD&check_in=2026-09-04&check_out=2026-09-09
1312403759218926605	Cozy Room in Mohali Chandigarh (near Airport)	$88	total	5 nights x $16.75	Private room in bungalow	Private room	Mohali, Chandigarh, Punjab, India	4.82	57.0	1 king bed	Private attached bathroom			true	Summer	https://www.airbnb.com/rooms/1312403759218926605?locale=en-US&currency=USD&check_in=2026-09-01&check_out=2026-09-06
1625411011291198489	Villa Aurena - First Floor | Private Luxury Stay	$377	total	5 nights x $87.43	Entire home	Entire home/apt	Sahibzada Ajit Singh Nagar, Punjab, India			6 guests	2 bedrooms	2 beds	2 baths	false	Harminder Singh	https://www.airbnb.com/rooms/1625411011291198489?locale=en-US&currency=USD&check_in=2026-09-01&check_out=2026-09-06
1010556611718903997	Independent Homestay Aerocity Near Airport  Mohali	$512	total	5 nights x $86.72	Entire bungalow	Entire home/apt	Sahibzada Ajit Singh Nagar, Punjab, India			10 guests	3 bedrooms	3 beds	3.5 baths	false	Sheetal	https://www.airbnb.com/rooms/1010556611718903997?locale=en-US&currency=USD&check_in=2026-09-01&check_out=2026-09-06
1453064900850507424	The Stallion House by AB LuxeStays	$329	total	5 nights x $63.13	Entire home	Entire home/apt	Panchkula, Haryana, India	5.0	34.0	5 guests	2 bedrooms	2 beds	2 baths	true	Aman	https://www.airbnb.com/rooms/1453064900850507424?locale=en-US&currency=USD&check_in=2026-09-16&check_out=2026-09-21
1331720796111494427	Entire Home in New Chandigarh, peaceful Area	$132	total	5 nights x $25.16	Entire home	Entire home/apt	New Chandigarh, Punjab, India	4.89	55.0	3 guests	1 bedroom	1 bed	1 bath	true	Krishana	https://www.airbnb.com/rooms/1331720796111494427?locale=en-US&currency=USD&check_in=2026-09-01&check_out=2026-09-06
1286147491727224256	Bedroom & Kitchen - Fortis Mohali Escape	$470	total	5 nights x $99.49	Room in hotel	Private room	Sahibzada Ajit Singh Nagar, Chandigarh, India			2 guests	1 bedroom	1 bed	1 private bath	false	Priyaranjan	https://www.airbnb.com/rooms/1286147491727224256?locale=en-US&currency=USD&check_in=2026-09-01&check_out=2026-09-06
630400889097631362	Luxurious Homestay in sec 27A Chandigarh	$397	total	5 nights x $94.46	Private room in home	Private room	Chandigarh, India	5.0	1.0	3 bedrooms	3 beds	Shared bathroom		false	Ranjot	https://www.airbnb.com/rooms/630400889097631362?locale=en-US&currency=USD&check_in=2026-09-01&check_out=2026-09-06
1502114263829404777	Netflix&chill - Cozy place with Projector & OTT	$354	total	5 nights x $67.92	Entire condo	Entire home/apt	Chandigarh, India	4.79	14.0	9 guests	2 bedrooms	7 beds	2 baths	true	Lovish	https://www.airbnb.com/rooms/1502114263829404777?locale=en-US&currency=USD&check_in=2026-09-01&check_out=2026-09-06
1092652862387110022	Amazing | Coastal heaven | 2-Studio Room  Zirakpur	$403	total	5 nights x $77.21	Private room in guesthouse	Private room	Zirakpur, Punjab, India	3.5	4.0	4 guests	2 bedrooms	2 beds	2 baths	false	Anita	https://www.airbnb.com/rooms/1092652862387110022?locale=en-US&currency=USD&check_in=2026-09-01&check_out=2026-09-06
1750922105979888970	The Luxe Stay | Half Day Stay| 12PM-6PM | 8PM-10AM	$128	total	5 nights x $24.20	Entire rental unit	Entire home/apt	Zirakpur, Punjab, India	5.0	2.0	3 guests	1 bedroom	1 bed	1 bath	true	Lakshit	https://www.airbnb.com/rooms/1750922105979888970?locale=en-US&currency=USD&check_in=2026-09-01&check_out=2026-09-06
1286147050005875527	Bedroom & Kitchen - Relaxed Urban Getaway	$470	total	5 nights x $99.49	Room in hotel	Private room	Sahibzada Ajit Singh Nagar, Chandigarh, India			2 guests	1 bedroom	1 bed	1 private bath	false	Priyaranjan	https://www.airbnb.com/rooms/1286147050005875527?locale=en-US&currency=USD&check_in=2026-09-01&check_out=2026-09-06
1575059423166839050	Kanak Niwas ~ Earth Toned Cozy 2BHK	$304	total	5 nights x $57.72	Entire condo	Entire home/apt	Chandigarh, India	5.0	7.0	4 guests	2 bedrooms	2 beds	1.5 baths	true	Prashant	https://www.airbnb.com/rooms/1575059423166839050?locale=en-US&currency=USD&check_in=2026-09-14&check_out=2026-09-19
1679456978609913520	SOVA House | Luxury 3BHK,Private Theatre	$304	total	5 nights x $57.72	Entire home	Entire home/apt	Sahibzada Ajit Singh Nagar, Punjab, India	5.0	2.0	6 guests	3 bedrooms	3 beds	2 baths	true	Jay	https://www.airbnb.com/rooms/1679456978609913520?locale=en-US&currency=USD&check_in=2026-09-01&check_out=2026-09-06
1282561102752941825	Bohemian Garden by Live@Next Invest(sector 85)	$179	total	5 nights x $35.05	Entire condo	Entire home/apt	Sahibzada Ajit Singh Nagar, Punjab, India	5.0	33.0	3 guests	1 bedroom	1 bed	1 bath	true	Ish	https://www.airbnb.com/rooms/1282561102752941825?locale=en-US&currency=USD&check_in=2026-09-01&check_out=2026-09-06
1755190570522710714	Palm Haven Private Ensuite Near Chandigarh Airport	$172	total	5 nights x $33.00	Private room in bungalow	Private room	Sahibzada Ajit Singh Nagar, Punjab, India	5.0	3.0	2 beds	Private attached bathroom			true	Arshpreet Singh	https://www.airbnb.com/rooms/1755190570522710714?locale=en-US&currency=USD&check_in=2026-09-01&check_out=2026-09-06
1286653022929411147	Bedroom & Kitchen - Cozy Mohali Downtown Stay	$470	total	5 nights x $99.49	Room in hotel	Private room	Sahibzada Ajit Singh Nagar, Chandigarh, India			2 guests	1 bedroom	1 bed	1 private bath	false	Priyaranjan	https://www.airbnb.com/rooms/1286653022929411147?locale=en-US&currency=USD&check_in=2026-09-01&check_out=2026-09-06
1687331725911562053	Private BR with Breakfst in a modern designer home	$206	total	5 nights x $39.09	Private room in home	Private room	Sahibzada Ajit Singh Nagar, Punjab, India	5.0	2.0	1 king bed	Private attached bathroom			true	Parminder	https://www.airbnb.com/rooms/1687331725911562053?locale=en-US&currency=USD&check_in=2026-09-01&check_out=2026-09-06
1286071339794932439	1 BHK- Comfy Suite near Fortis	$487	total	5 nights x $103.16	Room in hotel	Private room	Sahibzada Ajit Singh Nagar, Chandigarh, India			2 guests	1 bedroom	1 bed	1 private bath	false	Priyaranjan	https://www.airbnb.com/rooms/1286071339794932439?locale=en-US&currency=USD&check_in=2026-09-01&check_out=2026-09-06
1675837493863265976	The Shivalik Penthouse — Luxury Living	$429	total	5 nights x $106.91	Entire home	Entire home/apt	Chandigarh, India			6 guests	2 bedrooms	2 beds	2 baths	false	Harshbir	https://www.airbnb.com/rooms/1675837493863265976?locale=en-US&currency=USD&check_in=2026-09-01&check_out=2026-09-06
1286178152619658264	Bedroom & Kitchen - Elegant Mohali Retreat	$470	total	5 nights x $99.49	Room in hotel	Private room	Sahibzada Ajit Singh Nagar, Chandigarh, India			2 guests	1 bedroom	1 bed	1 private bath	false	Priyaranjan	https://www.airbnb.com/rooms/1286178152619658264?locale=en-US&currency=USD&check_in=2026-09-01&check_out=2026-09-06
1289197062956888841	2 bedroom complete apartment near Fortis&Cp67	$81	total	5 nights x $18.78	Entire rental unit	Entire home/apt	Sahibzada Ajit Singh Nagar, Punjab, India	5.0	1.0	4 guests	2 bedrooms	2 beds	2 baths	true	Herman	https://www.airbnb.com/rooms/1289197062956888841?locale=en-US&currency=USD&check_in=2026-09-01&check_out=2026-09-06
1286071177714675642	1 BHK- Urban Peace near Fortis	$487	total	5 nights x $103.16	Room in hotel	Private room	Sahibzada Ajit Singh Nagar, Chandigarh, India			2 guests	1 bedroom	1 bed	1 private bath	false	Priyaranjan	https://www.airbnb.com/rooms/1286071177714675642?locale=en-US&currency=USD&check_in=2026-09-01&check_out=2026-09-06
1638633898074398955	the fern - where charm meets soulful living	$424	total	5 nights x $81.25	Entire rental unit	Entire home/apt	Zirakpur, Punjab, India	5.0	20.0	6 guests	3 bedrooms	3 beds	3 baths	true	RN Casa	https://www.airbnb.com/rooms/1638633898074398955?locale=en-US&currency=USD&check_in=2026-09-01&check_out=2026-09-06
37733704	The cosy nest	$545	total	5 nights x $94.71	Private room in rental unit	Private room	Chandigarh, India	4.0	2.0	3 bedrooms	10 beds	Dedicated bathroom		false	Anil	https://www.airbnb.com/rooms/37733704?locale=en-US&currency=USD&check_in=2026-09-01&check_out=2026-09-06
54375659	Exclusive 6 BHK for Family "Manali Way"(20 Guests)	$527	total	5 nights x $89.20	Entire condo	Entire home/apt	Sahibzada Ajit Singh Nagar, Punjab, India	4.8	61.0	16+ guests	6 bedrooms	14 beds	6 baths	true	Meeta	https://www.airbnb.com/rooms/54375659?locale=en-US&currency=USD&check_in=2026-09-05&check_out=2026-09-10
1655550245438087086	The Hive Stays 2	$472	total	5 nights x $109.44	Entire rental unit	Entire home/apt	Panchkula, Haryana, India	3.0	1.0	10 guests	4 bedrooms	4 beds	4 baths	false	Harshit	https://www.airbnb.com/rooms/1655550245438087086?locale=en-US&currency=USD&check_in=2026-09-01&check_out=2026-09-06
1252611552411781254	Season 22 | Edan | 3BHK Homestay |Sec 91	$459	total	5 nights x $88.03	Entire condo	Entire home/apt	Sahibzada Ajit Singh Nagar, Punjab, India	4.78	32.0	6 guests	3 bedrooms	3 beds	3 baths	false	Aditi	https://www.airbnb.com/rooms/1252611552411781254?locale=en-US&currency=USD&check_in=2026-09-01&check_out=2026-09-06
1620135048674496076	Mohali luxury stays	$535	total	5 nights x $113.24	Entire rental unit	Entire home/apt	Sahibzada Ajit Singh Nagar, Punjab, India	5.0	1.0	6 guests	3 bedrooms	6 beds	3 baths	true	Anmol	https://www.airbnb.com/rooms/1620135048674496076?locale=en-US&currency=USD&check_in=2026-09-01&check_out=2026-09-06
52499990	Eden Villa - 3 Bedroom Private Unit/Floor	$490	total	5 nights x $82.91	Entire villa	Entire home/apt	New Chandigarh, Punjab, India	4.36	11.0	9 guests	3 bedrooms	2 beds	3.5 baths	false	AtiaNoor	https://www.airbnb.com/rooms/52499990?locale=en-US&currency=USD&check_in=2026-09-01&check_out=2026-09-06
1579547872291480060	Anantam Villa	$508	total	5 nights x $85.99	Entire villa	Entire home/apt	Chapar Chiri Khurd, Punjab, India			8 guests	3 bedrooms	3 beds	3 baths	true	Yetindrra	https://www.airbnb.com/rooms/1579547872291480060?locale=en-US&currency=USD&check_in=2026-09-01&check_out=2026-09-06
1301906414082811624	Luxury Room 3 with Ensuite in Sec 34D Chandigarh	$135	total	5 nights x $30.12	Private room in home	Private room	Chandigarh, India	4.77	44.0	1 king bed	Private attached bathroom			true	Ravi	https://www.airbnb.com/rooms/1301906414082811624?locale=en-US&currency=USD&check_in=2026-09-01&check_out=2026-09-06
1622479560491181339	Private 4BHK | 2 Floors • Near Airport • Parking	$528	total	5 nights x $89.35	Entire rental unit	Entire home/apt	Sahibzada Ajit Singh Nagar, Punjab, India	5.0	2.0	10 guests	4 bedrooms	4 beds	4 baths	false	Sonali	https://www.airbnb.com/rooms/1622479560491181339?locale=en-US&currency=USD&check_in=2026-09-01&check_out=2026-09-06
1286658789878725391	Bedroom & Kitchen - Mohali Downtown Retreat	$472	total	5 nights x $99.91	Room in hotel	Private room	Sahibzada Ajit Singh Nagar, Chandigarh, India			2 guests	1 bedroom	1 bed	1 private bath	false	Priyaranjan	https://www.airbnb.com/rooms/1286658789878725391?locale=en-US&currency=USD&check_in=2026-09-15&check_out=2026-09-20
1657838943788839990	Pastel Paradise | Aesthetic Sunlit+ Beachy Blush	$177	total	5 nights x $33.58	Private room in home	Private room	Sahibzada Ajit Singh Nagar, Punjab, India	4.74	23.0	1 queen bed	Private attached bathroom			true	Hunny	https://www.airbnb.com/rooms/1657838943788839990?locale=en-US&currency=USD&check_in=2026-09-01&check_out=2026-09-06
1286652941440326014	Bedroom & Kitchen - Comfort Crib in Walk Mall	$470	total	5 nights x $99.49	Room in hotel	Private room	Sahibzada Ajit Singh Nagar, Chandigarh, India			2 guests	1 bedroom	1 bed	1 private bath	false	Priyaranjan	https://www.airbnb.com/rooms/1286652941440326014?locale=en-US&currency=USD&check_in=2026-09-01&check_out=2026-09-06
40048910	Room with the Bathtub	$469	total	5 nights x $89.93	Private room	Private room	Chandigarh, India	5.0	21.0	1 bed	Private attached bathroom			false	Kanwal	https://www.airbnb.com/rooms/40048910?locale=en-US&currency=USD&check_in=2026-09-01&check_out=2026-09-06
1286192654524820330	Bedroom & Kitchen - Cozy Hideaway	$470	total	5 nights x $99.49	Room in hotel	Private room	Sahibzada Ajit Singh Nagar, Chandigarh, India			2 guests	1 bedroom	1 bed	1 private bath	false	Priyaranjan	https://www.airbnb.com/rooms/1286192654524820330?locale=en-US&currency=USD&check_in=2026-09-01&check_out=2026-09-06
1707764801263012174	The Velvet House – where grace meets relaxation	$412	total	5 nights x $95.51	Entire bungalow	Entire home/apt	Zirakpur, Punjab, India			8 guests	4 bedrooms	4 beds	4 baths	true	RN Casa	https://www.airbnb.com/rooms/1707764801263012174?locale=en-US&currency=USD&check_in=2026-09-01&check_out=2026-09-06
1286192399200943576	Bedroom & Kitchen - Elegant Escape in Walk Mall	$470	total	5 nights x $99.49	Room in hotel	Private room	Sahibzada Ajit Singh Nagar, Chandigarh, India			2 guests	1 bedroom	1 bed	1 private bath	false	Priyaranjan	https://www.airbnb.com/rooms/1286192399200943576?locale=en-US&currency=USD&check_in=2026-09-01&check_out=2026-09-06
1720471754354401020	Shyam sukoon luxurious flat	$218	total	5 nights x $41.45	Entire rental unit	Entire home/apt	Gazipur, Punjab, India			6 guests	3 bedrooms	3 beds	2 baths	false	Satish	https://www.airbnb.com/rooms/1720471754354401020?locale=en-US&currency=USD&check_in=2026-09-01&check_out=2026-09-06
1713052636097686946	NEGOTIABLE,New6bhkGuestHouse Shivalik City Kharrar	$508	total	5 nights x $107.05	Entire home	Entire home/apt	Sahibzada Ajit Singh Nagar, Punjab, India			16+ guests	6 bedrooms	6 beds	6 baths	false	Satbir	https://www.airbnb.com/rooms/1713052636097686946?locale=en-US&currency=USD&check_in=2026-09-01&check_out=2026-09-06
1285996989638561795	1BHK- Mall Walk Suite	$487	total	5 nights x $103.16	Room in hotel	Private room	Sahibzada Ajit Singh Nagar, Chandigarh, India			2 guests	1 bedroom	1 bed	1 private bath	false	Priyaranjan	https://www.airbnb.com/rooms/1285996989638561795?locale=en-US&currency=USD&check_in=2026-09-01&check_out=2026-09-06
1716012881445204842	Penthouse, rooftop & bar, 3 BHK with airport view	$296	total	5 nights x $56.23	Entire rental unit	Entire home/apt	Zirakpur, Punjab, India	5.0	5.0	8 guests	3 bedrooms	4 beds	3 baths	false	Param	https://www.airbnb.com/rooms/1716012881445204842?locale=en-US&currency=USD&check_in=2026-09-01&check_out=2026-09-06
1286074297797407008	1 BHK- Walk Mall Luxe Retreat	$487	total	5 nights x $103.16	Room in hotel	Private room	Sahibzada Ajit Singh Nagar, Chandigarh, India			2 guests	1 bedroom	1 bed	1 private bath	false	Priyaranjan	https://www.airbnb.com/rooms/1286074297797407008?locale=en-US&currency=USD&check_in=2026-09-01&check_out=2026-09-06
1286180235056907147	Bedroom & Kitchen - Convenient Urban Nest	$470	total	5 nights x $99.49	Room in hotel	Private room	Sahibzada Ajit Singh Nagar, Chandigarh, India			2 guests	1 bedroom	1 bed	1 private bath	false	Priyaranjan	https://www.airbnb.com/rooms/1286180235056907147?locale=en-US&currency=USD&check_in=2026-09-01&check_out=2026-09-06
1399707310071621847	The skoonste homestay	$82	total	5 nights x $15.60	Private room in home	Private room	Sahibzada Ajit Singh Nagar, Punjab, India	4.93	70.0	2 bedrooms	2 king beds	Private attached bathroom		true	Pritpal	https://www.airbnb.com/rooms/1399707310071621847?locale=en-US&currency=USD&check_in=2026-09-12&check_out=2026-09-17
1326733689301459553	Jastej House Mohali	$558	total	5 nights x $94.45	Entire home	Entire home/apt	Sahibzada Ajit Singh Nagar, Punjab, India	4.89	36.0	10 guests	4 bedrooms	4 beds	4 baths	false	Jastej House Home Stay	https://www.airbnb.com/rooms/1326733689301459553?locale=en-US&currency=USD&check_in=2026-09-04&check_out=2026-09-09
1147525214159033739	Premium Executive Room	$459	total	5 nights x $88.04	Room in hotel	Private room	Ishar Nagar, Haryana, India			2 guests	1 bedroom	1 bed	1 private bath	false	Vinod	https://www.airbnb.com/rooms/1147525214159033739?locale=en-US&currency=USD&check_in=2026-09-01&check_out=2026-09-06
1573788281448364018	Clean & comfortable room in Chandigarh	$152	total	5 nights x $28.82	Entire rental unit	Entire home/apt	Sahibzada Ajit Singh Nagar, Punjab, India	4.89	9.0	3 guests	1 bedroom	2 beds	2 baths	true	Navneet	https://www.airbnb.com/rooms/1573788281448364018?locale=en-US&currency=USD&check_in=2026-09-01&check_out=2026-09-06
1138080252583829201	Deluxe full board at Zirakpur	$471	total	5 nights x $79.75	Room in hotel	Private room	Zirakpur, Punjab, India			2 guests	9 bedrooms	1 bed	0 baths	false	Happinder	https://www.airbnb.com/rooms/1138080252583829201?locale=en-US&currency=USD&check_in=2026-09-01&check_out=2026-09-06
1715832264836155108	1 BHK Luxury Apartment in Mohali sector 66B.	$154	total	5 nights x $29.43	Entire home	Entire home/apt	Sahibzada Ajit Singh Nagar, Punjab, India	5.0	1.0	2 guests	Studio	1 bed	1 bath	false	Aurelia Stays	https://www.airbnb.com/rooms/1715832264836155108?locale=en-US&currency=USD&check_in=2026-09-01&check_out=2026-09-06
1522450621384948572	VR Homestay three bedroom	$503	total	5 nights x $85.18	Entire home	Entire home/apt	Kharar, Punjab, India	4.75	4.0	6 guests	3 bedrooms	3 beds	2.5 baths	false	Shinderpal Kaur	https://www.airbnb.com/rooms/1522450621384948572?locale=en-US&currency=USD&check_in=2026-09-01&check_out=2026-09-06
1734203197281680785	The Garnet Chapter | 1 BHK	$155	total	5 nights x $29.63	Entire rental unit	Entire home/apt	Sahibzada Ajit Singh Nagar, Punjab, India	5.0	3.0	2 guests	1 bedroom	1 bed	1 bath	true	Jasmeet	https://www.airbnb.com/rooms/1734203197281680785?locale=en-US&currency=USD&check_in=2026-09-01&check_out=2026-09-06
1645764505252189733	Rosh Royale - The Premium Stays | Self Check-in	$151	total	5 nights x $28.93	Entire rental unit	Entire home/apt	Zirakpur, Punjab, India	5.0	8.0	2 guests	1 bedroom	1 bed	1 bath	true	Shivankur	https://www.airbnb.com/rooms/1645764505252189733?locale=en-US&currency=USD&check_in=2026-11-01&check_out=2026-11-06
691346277776716539	Peaceful Retreat| near chandigarh|High Rise	$201	total	5 nights x $38.20	Entire condo	Entire home/apt	Sahibzada Ajit Singh Nagar, Punjab, India	4.92	222.0	5 guests	2 bedrooms	2 beds	2 baths	true	Ishan	https://www.airbnb.com/rooms/691346277776716539?locale=en-US&currency=USD&check_in=2026-09-07&check_out=2026-09-12
1318770630194973844	Entire house for private parties	$512	total	5 nights x $86.72	Entire home	Entire home/apt	Sahibzada Ajit Singh Nagar, Punjab, India			10 guests	3 bedrooms	3 beds	3.5 baths	false	Sheetal	https://www.airbnb.com/rooms/1318770630194973844?locale=en-US&currency=USD&check_in=2026-09-01&check_out=2026-09-06
1576852473975909500	SolAura | Calm Pure-Veg 1BR | Work & Long Stays	$188	total	5 nights x $35.68	Entire rental unit	Entire home/apt	Sahibzada Ajit Singh Nagar, Punjab, India	5.0	4.0	2 guests	1 bedroom	1 bed	1 bath	true	Poonam	https://www.airbnb.com/rooms/1576852473975909500?locale=en-US&currency=USD&check_in=2026-09-16&check_out=2026-09-21
1591172108415234162	Parkview 33Cozy bedroom With lawn View	$158	total	5 nights x $29.91	Private room in home	Private room	Chandigarh, India	4.94	18.0	1 bed	Private attached bathroom			true	Zorawar	https://www.airbnb.com/rooms/1591172108415234162?locale=en-US&currency=USD&check_in=2026-09-01&check_out=2026-09-06
945578604044622842	Prithvi Farm Cottage and Villa Pinjore	$459	total	5 nights x $88.04	Private room in bed and breakfast	Private room	Pinjaur, Haryana, India			1 bed	Shared bathroom			false	Vinod	https://www.airbnb.com/rooms/945578604044622842?locale=en-US&currency=USD&check_in=2026-09-01&check_out=2026-09-06
1617914430022100826	Stay Royal Landran	$226	total	5 nights x $42.98	Entire rental unit	Entire home/apt	Sahibzada Ajit Singh Nagar, Punjab, India	4.89	9.0	6 guests	3 bedrooms	3 beds	3 baths	false	Anubhav	https://www.airbnb.com/rooms/1617914430022100826?locale=en-US&currency=USD&check_in=2026-09-01&check_out=2026-09-06
1322096394232646716	4BR ff non-AC, Lake Chandigarh – Anand Kunj Kansal	$499	total	5 nights x $84.43	Entire bungalow	Entire home/apt	Sahibzada Ajit Singh Nagar, Punjab, India	4.91	11.0	12 guests	4 bedrooms	12 beds	4 baths	true	Renu Anand	https://www.airbnb.com/rooms/1322096394232646716?locale=en-US&currency=USD&check_in=2026-10-01&check_out=2026-10-06
38741664	Airbnb Chandigarh - Prime Stay 1 - A Luxury space	$156	total	5 nights x $29.60	Entire rental unit	Entire home/apt	Sahibzada Ajit Singh Nagar, Punjab, India	4.86	117.0	2 guests	1 bedroom	2 beds	1 bath	false	Sandeep	https://www.airbnb.com/rooms/38741664?locale=en-US&currency=USD&check_in=2026-09-01&check_out=2026-09-06
1721750906462212345	CityEase Studio Apartment | Long Stays Welcome	$158	total	5 nights x $31.78	Entire rental unit	Entire home/apt	Azizpur, Punjab, India	5.0	12.0	3 guests	1 bedroom	1 bed	1 bath	true	Abhi	https://www.airbnb.com/rooms/1721750906462212345?locale=en-US&currency=USD&check_in=2026-09-01&check_out=2026-09-06
1761171524517657450	Cozy 1 bedroom apt| free Parking |	$152	total	5 nights x $35.26	Entire rental unit	Entire home/apt	Sahibzada Ajit Singh Nagar, Punjab, India			3 guests	1 bedroom	1 bed	1 bath	false	Herleen	https://www.airbnb.com/rooms/1761171524517657450?locale=en-US&currency=USD&check_in=2026-09-01&check_out=2026-09-06
1533195944935255267	Cozy stays, big memories	$153	total	5 nights x $29.20	Entire rental unit	Entire home/apt	Sahibzada Ajit Singh Nagar, Punjab, India	4.71	14.0	2 guests	1 bedroom	1 bed	1 bath	false	Nareet Kanwar	https://www.airbnb.com/rooms/1533195944935255267?locale=en-US&currency=USD&check_in=2026-09-01&check_out=2026-09-06
1719420033361293517	Whispering willows	$155	total	5 nights x $29.39	Entire rental unit	Entire home/apt	Sahibzada Ajit Singh Nagar, Punjab, India	5.0	7.0	4 guests	1 bedroom	2 beds	2 baths	true	Karandeep	https://www.airbnb.com/rooms/1719420033361293517?locale=en-US&currency=USD&check_in=2026-09-01&check_out=2026-09-06
1005448763723492029	Luxurious Suite in Wave Estate, Like 7 Star Hotel.	$148	total	5 nights x $28.19	Entire condo	Entire home/apt	Sahibzada Ajit Singh Nagar, Punjab, India	4.7	56.0	3 guests	1 bedroom	2 beds	1 bath	false	Mayank	https://www.airbnb.com/rooms/1005448763723492029?locale=en-US&currency=USD&check_in=2026-09-01&check_out=2026-09-06
1740646865369117927	Premium Ambika Florence Stay	$474	total	5 nights x $80.18	Entire rental unit	Entire home/apt	New Chandigarh, Punjab, India			6 guests	3 bedrooms	3 beds	3 baths	false	Gagandeep	https://www.airbnb.com/rooms/1740646865369117927?locale=en-US&currency=USD&check_in=2026-09-01&check_out=2026-09-06
1158462465281324113	Spacious Room with all amenities	$223	total	5 nights x $42.76	Private room in rental unit	Private room	Sahibzada Ajit Singh Nagar, Punjab, India			1 bed	Private attached bathroom			false	Arun	https://www.airbnb.com/rooms/1158462465281324113?locale=en-US&currency=USD&check_in=2026-09-01&check_out=2026-09-06
1286068261771401770	1 BHK-Calm Retreat near Fortis	$487	total	5 nights x $103.16	Room in hotel	Private room	Sahibzada Ajit Singh Nagar, Chandigarh, India			2 guests	1 bedroom	1 bed	1 private bath	false	Priyaranjan	https://www.airbnb.com/rooms/1286068261771401770?locale=en-US&currency=USD&check_in=2026-09-01&check_out=2026-09-06
783320101202511256	Private Studio Apartment	$159	total	5 nights x $30.12	Private room in home	Private room	New Chandigarh, Punjab, India	4.97	30.0	1 double bed	Private attached bathroom			true	Himmat	https://www.airbnb.com/rooms/783320101202511256?locale=en-US&currency=USD&check_in=2026-09-03&check_out=2026-09-08
1286196910768231773	Bedroom & Kitchen - Modern Mohali Walk Mall Escape	$470	total	5 nights x $99.49	Room in hotel	Private room	Sahibzada Ajit Singh Nagar, Chandigarh, India			2 guests	1 bedroom	1 bed	1 private bath	false	Priyaranjan	https://www.airbnb.com/rooms/1286196910768231773?locale=en-US&currency=USD&check_in=2026-09-01&check_out=2026-09-06
1286191852109535226	Bedroom & Kitchen - Getaway in Mohali	$470	total	5 nights x $99.49	Room in hotel	Private room	Sahibzada Ajit Singh Nagar, Chandigarh, India			2 guests	1 bedroom	1 bed	1 private bath	false	Priyaranjan	https://www.airbnb.com/rooms/1286191852109535226?locale=en-US&currency=USD&check_in=2026-09-01&check_out=2026-09-06
1286180327929636335	Bedroom & Kitchen - Luxe Stay in Walk Mall	$470	total	5 nights x $99.49	Room in hotel	Private room	Sahibzada Ajit Singh Nagar, Chandigarh, India			2 guests	1 bedroom	1 bed	1 private bath	false	Priyaranjan	https://www.airbnb.com/rooms/1286180327929636335?locale=en-US&currency=USD&check_in=2026-09-01&check_out=2026-09-06
1752493737514491824	The heritage Heaven| 2bhk| Near Airport	$240	total	5 nights x $57.05	Entire home	Entire home/apt	Sahibzada Ajit Singh Nagar, Punjab, India	4.0	1.0	4 guests	2 bedrooms	2 beds	2 baths	true	Anu	https://www.airbnb.com/rooms/1752493737514491824?locale=en-US&currency=USD&check_in=2026-09-01&check_out=2026-09-06
30123201	Amber Villas (Full 1st Floor, 3 Rooms)	$541	total	5 nights x $91.55	Entire home	Entire home/apt	New Chandigarh, Punjab, India	4.53	17.0	6 guests	3 bedrooms	4 beds	2.5 baths	false	Rupinder	https://www.airbnb.com/rooms/30123201?locale=en-US&currency=USD&check_in=2026-09-01&check_out=2026-09-06
1742837955850390133	Rosh-The Baithak | Projector Theatre | Luxe Stay	$154	total	5 nights x $29.56	Entire rental unit	Entire home/apt	Zirakpur, Punjab, India	5.0	5.0	2 guests	1 bedroom	1 bed	1 bath	true	Shivankur	https://www.airbnb.com/rooms/1742837955850390133?locale=en-US&currency=USD&check_in=2026-09-01&check_out=2026-09-06
1551868092474458357	Casa Gardenia | 2 Room Open Garden Stay nr Airport	$232	total	5 nights x $44.08	Entire home	Entire home/apt	Sahibzada Ajit Singh Nagar, Punjab, India	4.89	18.0	10 guests	2 bedrooms	2 beds	2 baths	false	Ish Chopra	https://www.airbnb.com/rooms/1551868092474458357?locale=en-US&currency=USD&check_in=2026-09-01&check_out=2026-09-06
1213582309472982867	The Midtown Luxe, Airport Road, Mohali	$214	total	5 nights x $41.00	Entire rental unit	Entire home/apt	Papri, Punjab, India	4.5	2.0	4 guests	3 bedrooms	2 beds	2 baths	false	Abhidesh	https://www.airbnb.com/rooms/1213582309472982867?locale=en-US&currency=USD&check_in=2026-09-01&check_out=2026-09-06
1525907494131249072	SolAura | Calm Pure-Veg 2BHK | Family & Long Stays	$243	total	5 nights x $46.18	Entire rental unit	Entire home/apt	Sahibzada Ajit Singh Nagar, Punjab, India	5.0	3.0	4 guests	2 bedrooms	2 beds	2 baths	true	Poonam	https://www.airbnb.com/rooms/1525907494131249072?locale=en-US&currency=USD&check_in=2026-09-16&check_out=2026-09-21
1751585389033552951	Musafir stay | Luxury 3BHK Home |	$211	total	5 nights x $40.16	Entire rental unit	Entire home/apt	Zirakpur, Punjab, India	5.0	3.0	6 guests	3 bedrooms	3 beds	3 baths	false	Sam	https://www.airbnb.com/rooms/1751585389033552951?locale=en-US&currency=USD&check_in=2026-09-01&check_out=2026-09-06
1282545917915287571	Wooden Arc Villa by Live@Next Invest(sector 64)	$213	total	5 nights x $42.12	Entire home	Entire home/apt	Sahibzada Ajit Singh Nagar, Punjab, India	4.92	52.0	5 guests	2 bedrooms	2 beds	2 baths	true	Ish	https://www.airbnb.com/rooms/1282545917915287571?locale=en-US&currency=USD&check_in=2026-09-13&check_out=2026-09-18
1733347292862174382	The Northmere | 3BHK Luxury Stay • Self Check-In	$214	total	5 nights x $40.68	Entire rental unit	Entire home/apt	Sahibzada Ajit Singh Nagar, Punjab, India	5.0	3.0	8 guests	3 bedrooms	3 beds	2 baths	false	Ujjwal	https://www.airbnb.com/rooms/1733347292862174382?locale=en-US&currency=USD&check_in=2026-09-01&check_out=2026-09-06
1645505997380131655	Luxury 2BHK | Self Check-In | Free Parking	$216	total	5 nights x $40.97	Entire condo	Entire home/apt	Sukteri, Haryana, India	4.85	40.0	5 guests	2 bedrooms	2 beds	2 baths	true	Mohan	https://www.airbnb.com/rooms/1645505997380131655?locale=en-US&currency=USD&check_in=2026-09-05&check_out=2026-09-10
1745795866849861272	Anant by Aurvesta |1BHK Skyline Luxury Theatre	$162	total	5 nights x $30.75	Entire rental unit	Entire home/apt	Zirakpur, Punjab, India	5.0	3.0	2 guests	1 bedroom	1 bed	1 bath	false	Rudransh	https://www.airbnb.com/rooms/1745795866849861272?locale=en-US&currency=USD&check_in=2026-09-01&check_out=2026-09-06
1599499391679538167	Rosh – The Luxury Escape | Serene & Stylish Stay	$158	total	5 nights x $30.19	Entire rental unit	Entire home/apt	Zirakpur, Punjab, India	5.0	24.0	2 guests	1 bedroom	1 bed	1 bath	true	Shivankur	https://www.airbnb.com/rooms/1599499391679538167?locale=en-US&currency=USD&check_in=2026-11-01&check_out=2026-11-06
1468669540693648379	Fully AC Premium 2BHK in Sector 78, Mohali	$158	total	5 nights x $30.10	Entire home	Entire home/apt	Sahibzada Ajit Singh Nagar, Punjab, India	5.0	24.0	4 guests	2 bedrooms	2 beds	2 baths	true	Gurnoor	https://www.airbnb.com/rooms/1468669540693648379?locale=en-US&currency=USD&check_in=2026-09-01&check_out=2026-09-06
1631895635709057677	2 BHK Super Luxurious Ashiyana	$246	total	5 nights x $46.71	Entire rental unit	Entire home/apt	Sahibzada Ajit Singh Nagar, Punjab, India	4.92	13.0	4 guests	2 bedrooms	2 beds	2 baths	true	Sameer	https://www.airbnb.com/rooms/1631895635709057677?locale=en-US&currency=USD&check_in=2026-09-01&check_out=2026-09-06
1715348716824764930	(Aurelia Stays) 2BHK Luxury Apartment In Mohali	$314	total	5 nights x $60.24	Entire home	Entire home/apt	Sahibzada Ajit Singh Nagar, Punjab, India	5.0	9.0	4 guests	2 bedrooms	3 beds	1 bath	false	Aurelia Stays	https://www.airbnb.com/rooms/1715348716824764930?locale=en-US&currency=USD&check_in=2026-09-01&check_out=2026-09-06
1694310432939334698	2Bhk | spacious | Cook | Mohali	$225	total	5 nights x $43.02	Entire rental unit	Entire home/apt	Sahibzada Ajit Singh Nagar, Punjab, India	5.0	5.0	4 guests	2 bedrooms	2 beds	3 baths	true	Amrao Singh	https://www.airbnb.com/rooms/1694310432939334698?locale=en-US&currency=USD&check_in=2026-09-01&check_out=2026-09-06
1606432292345851302	Birdie's House- Independent Apartment	$237	total	5 nights x $49.65	Entire rental unit	Entire home/apt	Chandigarh, India	4.33	6.0	6 guests	2 bedrooms	3 beds	2 baths	true	Devika	https://www.airbnb.com/rooms/1606432292345851302?locale=en-US&currency=USD&check_in=2026-09-01&check_out=2026-09-06
1673100072897911255	3BHK | Ground floor H block Aerocity Airport Chowk	$226	total	5 nights x $43.24	Entire home	Entire home/apt	Sahibzada Ajit Singh Nagar, Punjab, India	4.96	26.0	6 guests	3 bedrooms	3 beds	3 baths	true	Easy Stay	https://www.airbnb.com/rooms/1673100072897911255?locale=en-US&currency=USD&check_in=2026-09-01&check_out=2026-09-06
682294211626659863	Strong BRICK	$485	total	5 nights x $82.07	Entire villa	Entire home/apt	Chandigarh, India	4.2	5.0	4 guests	1 bedroom	1 bed	1.5 baths	false	Eeshaa	https://www.airbnb.com/rooms/682294211626659863?locale=en-US&currency=USD&check_in=2026-09-01&check_out=2026-09-06
1743591012205585844	Room with rooftop	$300	total	5 nights x $71.22	Entire rental unit	Entire home/apt	Zirakpur, Punjab, India			2 guests	1 bedroom	1 bed	1 bath	false	Luxe Homes Airbnb	https://www.airbnb.com/rooms/1743591012205585844?locale=en-US&currency=USD&check_in=2026-09-01&check_out=2026-09-06
1108319100103756183	Luxury Room 1 with Ensuite in Sec 34D Chandigarh	$151	total	5 nights x $30.12	Private room in home	Private room	Chandigarh, India	4.85	75.0	1 king bed	Private attached bathroom			true	Ravi	https://www.airbnb.com/rooms/1108319100103756183?locale=en-US&currency=USD&check_in=2026-09-01&check_out=2026-09-06
1616578441817618663	Aashiyana - by Zubbi |1BHK Apartment|Fully Private	$148	total	5 nights x $28.06	Entire rental unit	Entire home/apt	Zirakpur, Punjab, India	5.0	34.0	2 guests	1 bedroom	1 bed	1 bath	true	Shubham	https://www.airbnb.com/rooms/1616578441817618663?locale=en-US&currency=USD&check_in=2026-09-01&check_out=2026-09-06
1232487792925337593	Elegant 3BR Apt in Mohali Next To Homeland Heights	$310	total	5 nights x $60.82	Entire serviced apartment	Entire home/apt	Sahibzada Ajit Singh Nagar, Punjab, India	4.71	21.0	6 guests	3 bedrooms	3 beds	2 baths	false	Sagar	https://www.airbnb.com/rooms/1232487792925337593?locale=en-US&currency=USD&check_in=2026-09-01&check_out=2026-09-06
49892645	PALM VILLA (Pvt.Room or Entire floor both options)	$426	total	5 nights x $81.76	Entire villa	Entire home/apt	New Chandigarh, Punjab, India	4.69	26.0	6 guests	3 bedrooms	3 beds	3 baths	false	Aman	https://www.airbnb.com/rooms/49892645?locale=en-US&currency=USD&check_in=2026-09-01&check_out=2026-09-06
42731382	Hotel The Black Gold (5 Rooms on the same floor)	$394	total	5 nights x $75.47	Room in hotel	Private room	Sahibzada Ajit Singh Nagar, Punjab, India			15 guests	5 bedrooms	5 beds	5 baths	false	Prakash	https://www.airbnb.com/rooms/42731382?locale=en-US&currency=USD&check_in=2026-09-01&check_out=2026-09-06
1438477509051065313	Jade Garden - Privacy | Not Shared | Self-Checkin	$130	total	5 nights x $24.91	Entire condo	Entire home/apt	Zirakpur, Punjab, India	4.97	90.0	2 guests	1 bedroom	1 bed	1 bath	true	Karan	https://www.airbnb.com/rooms/1438477509051065313?locale=en-US&currency=USD&check_in=2026-09-01&check_out=2026-09-06
1286123062061916136	Bedroom & Kitchen - Suite in Mohali Walk Mall	$379	total	5 nights x $90.04	Room in hotel	Private room	Sahibzada Ajit Singh Nagar, Chandigarh, India			2 guests	1 bedroom	1 bed	1 private bath	false	Priyaranjan	https://www.airbnb.com/rooms/1286123062061916136?locale=en-US&currency=USD&check_in=2026-09-04&check_out=2026-09-09
1547278038564714325	Sukoon; The AirBnb | Self-Checkin	$140	total	5 nights x $26.55	Entire rental unit	Entire home/apt	Zirakpur, Punjab, India	4.74	42.0	2 guests	1 bedroom	1 bed	1 bath	false	Kritika	https://www.airbnb.com/rooms/1547278038564714325?locale=en-US&currency=USD&check_in=2026-09-01&check_out=2026-09-06
1709599972678118286	Artisanal 2BHK Stays - VENUS - Entire 2BHK	$139	total	5 nights x $26.42	Entire rental unit	Entire home/apt	Tohga, Punjab, India	4.11	9.0	5 guests	2 bedrooms	2 beds	2 baths	false	Nikhil	https://www.airbnb.com/rooms/1709599972678118286?locale=en-US&currency=USD&check_in=2026-09-02&check_out=2026-09-07
1286644123153337021	Bedroom & Kitchen - Downtown Mohali Comfort Suite	$404	total	5 nights x $96.02	Room in hotel	Private room	Sahibzada Ajit Singh Nagar, Chandigarh, India			2 guests	1 bedroom	1 bed	1 private bath	false	Priyaranjan	https://www.airbnb.com/rooms/1286644123153337021?locale=en-US&currency=USD&check_in=2026-09-04&check_out=2026-09-09
572996860292237114	7000 Steps Abode - Cozy RK. 15th Floor. City View	$162	total	5 nights x $30.94	Entire condo	Entire home/apt	Zirakpur, Punjab, India	4.95	20.0	2 guests	1 bedroom	1 bed	1 bath	true	Simran Singh	https://www.airbnb.com/rooms/572996860292237114?locale=en-US&currency=USD&check_in=2026-12-01&check_out=2026-12-06
1505824788424837188	Casa Boho - Privacy | Not Shared | Self Checkin	$143	total	5 nights x $27.44	Entire rental unit	Entire home/apt	Zirakpur, Punjab, India	4.94	68.0	2 guests	1 bedroom	1 bed	1 bath	true	Meher	https://www.airbnb.com/rooms/1505824788424837188?locale=en-US&currency=USD&check_in=2026-09-01&check_out=2026-09-06
1286138779737837587	Bedroom & Kitchen - Modern Comfort by Fortis	$377	total	5 nights x $89.62	Room in hotel	Private room	Sahibzada Ajit Singh Nagar, Chandigarh, India			2 guests	1 bedroom	1 bed	1 private bath	false	Priyaranjan	https://www.airbnb.com/rooms/1286138779737837587?locale=en-US&currency=USD&check_in=2026-09-10&check_out=2026-09-15
1268024090146891313	Blissful Home	$171	total	5 nights x $32.53	Entire home	Entire home/apt	Chandigarh, India	4.69	29.0	5 guests	2 bedrooms	4 beds	2 baths	false	Anupinder	https://www.airbnb.com/rooms/1268024090146891313?locale=en-US&currency=USD&check_in=2026-11-01&check_out=2026-11-06
1515409624317958599	The Hyūn—Dreamy Cinematic & Luxe | Self Check-in	$171	total	5 nights x $32.52	Entire rental unit	Entire home/apt	Zirakpur, Punjab, India	4.97	61.0	2 guests	1 bedroom	1 bed	1 bath	true	Prerna	https://www.airbnb.com/rooms/1515409624317958599?locale=en-US&currency=USD&check_in=2027-01-01&check_out=2027-01-06
1744251826914795035	Merova 1BHK Jacuzzi Suite | Near IXC Airport	$179	total	5 nights x $33.99	Entire rental unit	Entire home/apt	Zirakpur, Punjab, India	5.0	3.0	2 guests	1 bedroom	1 bed	1 bath	false	Aryan	https://www.airbnb.com/rooms/1744251826914795035?locale=en-US&currency=USD&check_in=2026-09-06&check_out=2026-09-11
1560183941594675077	Khushbash Home	$181	total	5 nights x $37.23	Entire home	Entire home/apt	Sahibzada Ajit Singh Nagar, Punjab, India	4.8	5.0	2 guests	1 bedroom	1 bed	1 bath	true	Amrita	https://www.airbnb.com/rooms/1560183941594675077?locale=en-US&currency=USD&check_in=2026-12-01&check_out=2026-12-06
1642696447961580475	Whisk It Up Abode – Big Screen Movie 1BHK Stay	$181	total	5 nights x $34.31	Entire rental unit	Entire home/apt	Zirakpur, Punjab, India	4.55	11.0	3 guests	1 bedroom	1 bed	1 bath	true	Mudit	https://www.airbnb.com/rooms/1642696447961580475?locale=en-US&currency=USD&check_in=2027-01-01&check_out=2027-01-06
1683977017534515677	Akari Stay | 2BHK | Near Airport | Self Check-in	$181	total	5 nights x $34.45	Entire home	Entire home/apt	Sahibzada Ajit Singh Nagar, Punjab, India	4.7	27.0	5 guests	2 bedrooms	2 beds	2 baths	true	Sana	https://www.airbnb.com/rooms/1683977017534515677?locale=en-US&currency=USD&check_in=2026-09-01&check_out=2026-09-06
1189114468960011069	Cosy Room: Central Chandigarh	$89	total	5 nights x $16.91	Private room in home	Private room	Chandigarh, India	4.85	80.0	2 single beds	Private attached bathroom			true	Gurkirat	https://www.airbnb.com/rooms/1189114468960011069?locale=en-US&currency=USD&check_in=2026-09-11&check_out=2026-09-16
867900706394237578	KnK Serene Green room	$178	total	5 nights x $33.73	Private room in home	Private room	Chandigarh, India	4.84	25.0	1 king bed	Private attached bathroom			true	Kajal	https://www.airbnb.com/rooms/867900706394237578?locale=en-US&currency=USD&check_in=2026-09-01&check_out=2026-09-06
1347928557182345388	The Goel Suite | 1 BHK Premium | Wave Estate	$182	total	5 nights x $34.83	Entire rental unit	Entire home/apt	Sahibzada Ajit Singh Nagar, Punjab, India	4.8	25.0	3 guests	1 bedroom	1 bed	1 bath	false	Deepak	https://www.airbnb.com/rooms/1347928557182345388?locale=en-US&currency=USD&check_in=2026-09-01&check_out=2026-09-06
1759865995673688446	3BHK near Airport	$233	total	5 nights x $44.29	Entire home	Entire home/apt	Sahibzada Ajit Singh Nagar, Punjab, India			6 guests	3 bedrooms	3 beds	2 baths	true	Varun	https://www.airbnb.com/rooms/1759865995673688446?locale=en-US&currency=USD&check_in=2026-09-01&check_out=2026-09-06
1643462906779646045	The Calm Corner~Cannaught Residency~Family/Couples	$227	total	5 nights x $43.21	Entire rental unit	Entire home/apt	Sahibzada Ajit Singh Nagar, Punjab, India	5.0	14.0	4 guests	2 bedrooms	2 beds	2 baths	true	Manish	https://www.airbnb.com/rooms/1643462906779646045?locale=en-US&currency=USD&check_in=2026-09-01&check_out=2026-09-06
1500027499672574877	Amur Stays 3: 3 Bedroom Flat, Chandigarh Airport	$235	total	5 nights x $55.94	Entire condo	Entire home/apt	Zirakpur, Punjab, India	5.0	15.0	7 guests	3 bedrooms	4 beds	3 baths	true	Aashish	https://www.airbnb.com/rooms/1500027499672574877?locale=en-US&currency=USD&check_in=2026-09-01&check_out=2026-09-06
1323310645644986192	PS paris: Essence of Romance	$170	total	5 nights x $32.27	Entire rental unit	Entire home/apt	Zirakpur, Punjab, India	4.82	66.0	3 guests	1 bedroom	1 bed	1 bath	false	Perfect Stays	https://www.airbnb.com/rooms/1323310645644986192?locale=en-US&currency=USD&check_in=2026-09-01&check_out=2026-09-06
1744211416495433443	Musafir by Niwasa | The Cozy Cinema Haven	$169	total	5 nights x $40.22	Entire rental unit	Entire home/apt	Zirakpur, Punjab, India			2 guests	1 bedroom	1 bed	1 bath	false	Navy	https://www.airbnb.com/rooms/1744211416495433443?locale=en-US&currency=USD&check_in=2026-09-01&check_out=2026-09-06
1740521550816478661	Romantic Bathtub for couples | Self Check-in	$203	total	5 nights x $40.67	Entire rental unit	Entire home/apt	Zirakpur, Punjab, India	5.0	6.0	2 guests	1 bedroom	1 bed	1 bath	true	Kulbhushan	https://www.airbnb.com/rooms/1740521550816478661?locale=en-US&currency=USD&check_in=2026-09-01&check_out=2026-09-06
1752059669642242214	Moh Maya Social | Party Suite | Pool - Sunset view	$194	total	5 nights x $46.04	Entire rental unit	Entire home/apt	Zirakpur, Punjab, India	5.0	1.0	6 guests	1 bedroom	4 beds	1 bath	false	Divyanshi	https://www.airbnb.com/rooms/1752059669642242214?locale=en-US&currency=USD&check_in=2026-09-01&check_out=2026-09-06
1646277942341901709	2+1 BHK | Projector with home theatre| Chandigarh	$197	total	5 nights x $37.45	Entire home	Entire home/apt	Sahibzada Ajit Singh Nagar, Punjab, India	4.87	15.0	6 guests	2 bedrooms	3 beds	2 baths	true	Anupriya	https://www.airbnb.com/rooms/1646277942341901709?locale=en-US&currency=USD&check_in=2026-09-01&check_out=2026-09-06
1368815355521335899	65" LED | Home Theatre | 3bhk | 2nd Floor | Family	$183	total	5 nights x $36.44	Entire home	Entire home/apt	Sahibzada Ajit Singh Nagar, Punjab, India	4.89	62.0	8 guests	3 bedrooms	3 beds	3 baths	true	Easy Stay	https://www.airbnb.com/rooms/1368815355521335899?locale=en-US&currency=USD&check_in=2026-09-07&check_out=2026-09-12
1282587926108552919	Greek Wave  by Live@Next Invest (sector 85)	$192	total	5 nights x $36.47	Entire rental unit	Entire home/apt	Sahibzada Ajit Singh Nagar, Punjab, India	4.87	54.0	3 guests	1 bedroom	1 bed	1 bath	true	Ish	https://www.airbnb.com/rooms/1282587926108552919?locale=en-US&currency=USD&check_in=2026-09-01&check_out=2026-09-06
1420863287529457526	Peaceful Luxury Stay | 3BHK | 300 Gaj | 75" LED	$198	total	5 nights x $37.99	Entire rental unit	Entire home/apt	Sahibzada Ajit Singh Nagar, Punjab, India	4.89	36.0	6 guests	3 bedrooms	3 beds	2.5 baths	true	Easy Stay	https://www.airbnb.com/rooms/1420863287529457526?locale=en-US&currency=USD&check_in=2026-09-01&check_out=2026-09-06
1585249832439770093	Kimaya's Abode	$221	total	5 nights x $42.03	Entire rental unit	Entire home/apt	Chandigarh, India	5.0	2.0	5 guests	2 bedrooms	3 beds	3 baths	false	Kimaya's Abode	https://www.airbnb.com/rooms/1585249832439770093?locale=en-US&currency=USD&check_in=2026-09-01&check_out=2026-09-06
1433086710804070458	The Crystal Chapter | 1 BHK	$201	total	5 nights x $38.43	Entire rental unit	Entire home/apt	Sahibzada Ajit Singh Nagar, Punjab, India	5.0	19.0	2 guests	1 bedroom	1 bed	1 bath	true	Jasmeet	https://www.airbnb.com/rooms/1433086710804070458?locale=en-US&currency=USD&check_in=2026-09-01&check_out=2026-09-06
1324522099956525053	Sector 80 Modern home with luxe vibes Fully AC	$226	total	5 nights x $42.91	Entire bungalow	Entire home/apt	Sahibzada Ajit Singh Nagar, Punjab, India	4.88	43.0	6 guests	3 bedrooms	3 beds	3 baths	false	Daman	https://www.airbnb.com/rooms/1324522099956525053?locale=en-US&currency=USD&check_in=2026-09-01&check_out=2026-09-06
1760216055706619048	Luxury 3BHK | Near Chandigarh Airport | Parking	$201	total	5 nights x $47.44	Entire rental unit	Entire home/apt	Zirakpur, Punjab, India			7 guests	3 bedrooms	3 beds	3 baths	false	Deepshikha	https://www.airbnb.com/rooms/1760216055706619048?locale=en-US&currency=USD&check_in=2026-09-01&check_out=2026-09-06
1664284116340798447	Luxury 2BHK | City View Balcony | Free Parking	$195	total	5 nights x $36.98	Entire rental unit	Entire home/apt	Sahibzada Ajit Singh Nagar, Punjab, India	4.57	7.0	6 guests	2 bedrooms	2 beds	3 baths	false	Bhupinder	https://www.airbnb.com/rooms/1664284116340798447?locale=en-US&currency=USD&check_in=2026-09-01&check_out=2026-09-06
1691091138758736482	Villa | Near Airport | Family & Couples | DnD Stay	$205	total	5 nights x $38.98	Entire villa	Entire home/apt	Sahibzada Ajit Singh Nagar, Punjab, India	5.0	7.0	8 guests	3 bedrooms	3 beds	3 baths	false	Pankaj	https://www.airbnb.com/rooms/1691091138758736482?locale=en-US&currency=USD&check_in=2026-09-05&check_out=2026-09-10
1110180436298782223	Luxury 2BHK House with Balcony, Porch & Swing	$190	total	5 nights x $36.13	Entire home	Entire home/apt	Sahibzada Ajit Singh Nagar, Punjab, India			4 guests	2 bedrooms	2 beds	2 baths	false	⁨Prof K.D.⁩	https://www.airbnb.com/rooms/1110180436298782223?locale=en-US&currency=USD&check_in=2026-11-22&check_out=2026-11-27
1717903522429234280	Apna Ghar with modern comfort	$306	total	5 nights x $58.17	Entire home	Entire home/apt	Chandigarh, India	5.0	2.0	6 guests	3 bedrooms	3 beds	3 baths	false	Kriti	https://www.airbnb.com/rooms/1717903522429234280?locale=en-US&currency=USD&check_in=2026-09-01&check_out=2026-09-06
1387894221622394285	Most Beautiful 2BHK | 75” LED TV | Ground Floor	$196	total	5 nights x $37.48	Entire home	Entire home/apt	Sahibzada Ajit Singh Nagar, Punjab, India	4.96	47.0	6 guests	2 bedrooms	3 beds	2 baths	true	Easy Stay	https://www.airbnb.com/rooms/1387894221622394285?locale=en-US&currency=USD&check_in=2026-09-01&check_out=2026-09-06
1683412883344549592	The Syun | Cozy 2BHK | Projector & Netflix	$194	total	5 nights x $36.92	Entire rental unit	Entire home/apt	Zirakpur, Punjab, India	4.94	18.0	6 guests	2 bedrooms	2 beds	1 bath	true	Garima	https://www.airbnb.com/rooms/1683412883344549592?locale=en-US&currency=USD&check_in=2026-09-01&check_out=2026-09-06
1728302323878662423	The Golden Haven | Projector & Netflix|Luxury 2bhk	$193	total	5 nights x $36.73	Entire rental unit	Entire home/apt	Zirakpur, Punjab, India	5.0	2.0	4 guests	2 bedrooms	2 beds	1 bath	false	Charu	https://www.airbnb.com/rooms/1728302323878662423?locale=en-US&currency=USD&check_in=2026-09-01&check_out=2026-09-06
1512184376386693922	Amur Stay: Cozy 3 Bedroom flat	$228	total	5 nights x $54.22	Private room in condo	Private room	Zirakpur, Punjab, India	4.78	27.0	2 bedrooms	2 double beds	Shared bathroom		true	Aashish	https://www.airbnb.com/rooms/1512184376386693922?locale=en-US&currency=USD&check_in=2026-09-01&check_out=2026-09-06
1387875286257992902	75" LED | Cozy & Private | Beautiful & Clean	$221	total	5 nights x $42.26	Entire rental unit	Entire home/apt	Sahibzada Ajit Singh Nagar, Punjab, India	4.94	33.0	6 guests	3 bedrooms	3 beds	3 baths	true	Easy Stay	https://www.airbnb.com/rooms/1387875286257992902?locale=en-US&currency=USD&check_in=2026-09-03&check_out=2026-09-08
834471990870950790	Peaceful, comfy, clean. - The Bel Monte.	$142	total	5 nights x $35.97	Entire home	Entire home/apt	Panchkula, Haryana, India	5.0	3.0	4 guests	2 bedrooms	2 beds	1 bath	true	Vishal	https://www.airbnb.com/rooms/834471990870950790?locale=en-US&currency=USD&check_in=2026-09-04&check_out=2026-09-09
1401526327151864884	Studio 6 near Chandigarh Airport	$191	total	5 nights x $36.26	Entire rental unit	Entire home/apt	Manauli, Punjab, India	5.0	4.0	2 guests	1 bedroom	1 bed	1 bath	true	Anchorpoint Management Solutions LLP	https://www.airbnb.com/rooms/1401526327151864884?locale=en-US&currency=USD&check_in=2026-09-01&check_out=2026-09-06
1500711159567785200	Downtown Moksha | Private | Self Check- in	$109	total	5 nights x $20.68	Entire condo	Entire home/apt	Zirakpur, Punjab, India	4.96	24.0	3 guests	1 bedroom	1 bed	1 bath	true	DownTown Stays	https://www.airbnb.com/rooms/1500711159567785200?locale=en-US&currency=USD&check_in=2026-09-01&check_out=2026-09-06
38634288	Modern Balcony Room Near City Highlights	$164	total	5 nights x $31.45	Private room in home	Private room	Chandigarh, India	4.95	250.0	1 double bed	Private attached bathroom			true	Dr Shefali & Hardeep Dhiman	https://www.airbnb.com/rooms/38634288?locale=en-US&currency=USD&check_in=2026-09-03&check_out=2026-09-08
1730951360830523090	Royale Roost (self check in) 2bhk	$197	total	5 nights x $37.49	Entire home	Entire home/apt	Sahibzada Ajit Singh Nagar, Punjab, India	5.0	4.0	4 guests	2 bedrooms	2 beds	2 baths	true	Kamaljeet	https://www.airbnb.com/rooms/1730951360830523090?locale=en-US&currency=USD&check_in=2026-09-01&check_out=2026-09-06
1752266634875919421	The Victoria Suite! By Moonvale Lux	$144	total	5 nights x $27.26	Private room in home	Private room	Chandigarh, India	5.0	1.0	1 king bed	Private attached bathroom			true	Saloni	https://www.airbnb.com/rooms/1752266634875919421?locale=en-US&currency=USD&check_in=2026-09-01&check_out=2026-09-06
1568079610888651461	Ethnic 3BHK | Central & Spacious | Long Stay Ready	$326	total	5 nights x $61.92	Entire home	Entire home/apt	Chandigarh, India	4.96	26.0	6 guests	3 bedrooms	3 beds	2 baths	true	Japneet	https://www.airbnb.com/rooms/1568079610888651461?locale=en-US&currency=USD&check_in=2026-09-07&check_out=2026-09-12
1698464538546881613	Serene Escape | Cozy Luxury Apartment	$144	total	5 nights x $27.33	Entire condo	Entire home/apt	Zirakpur, Punjab, India	5.0	9.0	4 guests	1 bedroom	2 beds	1 bath	false	Sourav	https://www.airbnb.com/rooms/1698464538546881613?locale=en-US&currency=USD&check_in=2026-09-01&check_out=2026-09-06
1741459991633742564	Daawat e Ishq—A Season of Us	$147	total	5 nights x $28.15	Entire rental unit	Entire home/apt	Zirakpur, Punjab, India	5.0	4.0	2 guests	1 bedroom	1 bed	1 bath	true	Nitish Singla	https://www.airbnb.com/rooms/1741459991633742564?locale=en-US&currency=USD&check_in=2026-09-01&check_out=2026-09-06
1566491890846909461	Downtown Elegant Stay | Private | Self-Checkin	$135	total	5 nights x $35.12	Entire condo	Entire home/apt	Zirakpur, Punjab, India	4.95	20.0	3 guests	1 bedroom	1 bed	1 bath	true	DownTown Stays	https://www.airbnb.com/rooms/1566491890846909461?locale=en-US&currency=USD&check_in=2026-09-10&check_out=2026-09-15
1740439370624398538	Patio | Projector | Movie Night | 2BHK	$248	total	5 nights x $57.44	Entire rental unit	Entire home/apt	Zirakpur, Punjab, India			6 guests	2 bedrooms	2 beds	1 bath	true	Saksham	https://www.airbnb.com/rooms/1740439370624398538?locale=en-US&currency=USD&check_in=2026-09-01&check_out=2026-09-06
1720393211986036819	Twin Apartments by Aadiyogi Homestay	$236	total	5 nights x $44.80	Entire rental unit	Entire home/apt	Kharar, Punjab, India			9 guests	3 bedrooms	3 beds	3 baths	true	Khushbu	https://www.airbnb.com/rooms/1720393211986036819?locale=en-US&currency=USD&check_in=2026-09-01&check_out=2026-09-06
897609509867590491	volcastay 16BR treehouse farmstay-party,airport	$234	total	5 nights x $44.77	Private room in farm stay	Private room	Zirakpur, Punjab, India	3.0	2.0	16+ guests	12 bedrooms	17 beds	12 baths	false	Volcastay	https://www.airbnb.com/rooms/897609509867590491?locale=en-US&currency=USD&check_in=2026-09-01&check_out=2026-09-06
1709330673679566735	Forest abode by Next Invest, sector 85	$181	total	5 nights x $34.31	Entire rental unit	Entire home/apt	Sahibzada Ajit Singh Nagar, Punjab, India	5.0	2.0	2 guests	1 bedroom	1 bed	1 bath	true	Ish	https://www.airbnb.com/rooms/1709330673679566735?locale=en-US&currency=USD&check_in=2026-09-01&check_out=2026-09-06
902106822585307514	Penthouse with best view	$230	total	5 nights x $44.01	Private room in rental unit	Private room	Sahibzada Ajit Singh Nagar, Punjab, India			1 bed	Shared bathroom			false	Rahul	https://www.airbnb.com/rooms/902106822585307514?locale=en-US&currency=USD&check_in=2026-09-01&check_out=2026-09-06
1146138507746840324	Cozy 1BHK Apartment Kitchenette Balcony Zirakpur	$216	total	5 nights x $41.42	Entire rental unit	Entire home/apt	Zirakpur, Punjab, India	5.0	1.0	3 guests	1 bedroom	1 bath		false	Anita	https://www.airbnb.com/rooms/1146138507746840324?locale=en-US&currency=USD&check_in=2026-09-01&check_out=2026-09-06
1718074956181479706	The Velvet Twilight - Entire 3BHK -Fateh burj view	$176	total	5 nights x $33.43	Entire condo	Entire home/apt	Sahibzada Ajit Singh Nagar, Punjab, India	4.83	6.0	6 guests	3 bedrooms	3 beds	3 baths	false	Ginny	https://www.airbnb.com/rooms/1718074956181479706?locale=en-US&currency=USD&check_in=2026-09-01&check_out=2026-09-06
1447019852455726531	Tangy Orange  by Next Invest-sec85	$176	total	5 nights x $33.39	Entire rental unit	Entire home/apt	Sahibzada Ajit Singh Nagar, Punjab, India	4.97	36.0	2 guests	1 bedroom	1 bed	1 bath	true	Ish	https://www.airbnb.com/rooms/1447019852455726531?locale=en-US&currency=USD&check_in=2026-09-09&check_out=2026-09-14
1734799220574968981	16 Goofy Stay	$130	total	5 nights x $24.73	Entire rental unit	Entire home/apt	Sahibzada Ajit Singh Nagar, Punjab, India	4.67	3.0	2 guests	1 bedroom	1 bed	1 bath	false	Husanpreet Singh	https://www.airbnb.com/rooms/1734799220574968981?locale=en-US&currency=USD&check_in=2026-09-01&check_out=2026-09-06
1088377889156643680	Premium Budget Hotel	$221	total	5 nights x $41.98	Room in hotel	Private room	Chandigarh, India	4.0	1.0	2 guests	1 bedroom	0 baths		false	Avval	https://www.airbnb.com/rooms/1088377889156643680?locale=en-US&currency=USD&check_in=2026-09-01&check_out=2026-09-06
883009833123484056	Volca studio apartments zirakpur- national highway	$230	total	5 nights x $44.02	Private room in rental unit	Private room	Zirakpur, Punjab, India			16+ guests	8 bedrooms	10 beds	8 baths	false	Volcastay	https://www.airbnb.com/rooms/883009833123484056?locale=en-US&currency=USD&check_in=2026-09-01&check_out=2026-09-06
1234141005322071384	Your place or mine?	$230	total	5 nights x $44.02	Entire rental unit	Entire home/apt	Zirakpur, Punjab, India			2 guests	1 bedroom	1 bed	1 bath	false	Vicky	https://www.airbnb.com/rooms/1234141005322071384?locale=en-US&currency=USD&check_in=2026-09-01&check_out=2026-09-06
984637742336522772	good location	$367	total	5 nights x $85.12	Entire home	Entire home/apt	Sahibzada Ajit Singh Nagar, Punjab, India			4 guests	2 bedrooms	2 beds	2 baths	false	Varun	https://www.airbnb.com/rooms/984637742336522772?locale=en-US&currency=USD&check_in=2026-09-01&check_out=2026-09-06
1679542995610727543	2 BHK flat in Mohali	$235	total	5 nights x $44.70	Entire home	Entire home/apt	Sahibzada Ajit Singh Nagar, Punjab, India			4 guests	2 bedrooms	2 beds	2 baths	false	Rupinder	https://www.airbnb.com/rooms/1679542995610727543?locale=en-US&currency=USD&check_in=2026-09-01&check_out=2026-09-06
1668120774498183172	Amyra Apartment	$214	total	5 nights x $49.62	Entire rental unit	Entire home/apt	Kishanpura, Punjab, India			4 guests	2 bedrooms	2 beds	2 baths	false	Madhuri	https://www.airbnb.com/rooms/1668120774498183172?locale=en-US&currency=USD&check_in=2026-09-01&check_out=2026-09-06
1253555796349357970	Comfort homes	$236	total	5 nights x $45.28	Entire guesthouse	Entire home/apt	Panchkula, Haryana, India	1.0	1.0	4 guests	2 bedrooms	2 beds	2 baths	false	Comfort Homes	https://www.airbnb.com/rooms/1253555796349357970?locale=en-US&currency=USD&check_in=2026-09-01&check_out=2026-09-06
42318279	Casadura Spacious room	$142	total	5 nights x $26.87	Private room in bed and breakfast	Private room	Panchkula, Haryana, India	4.8	85.0	1 king bed	Private attached bathroom			true	Haarsh Jakhar	https://www.airbnb.com/rooms/42318279?locale=en-US&currency=USD&check_in=2026-09-01&check_out=2026-09-06
1760151824228094203	IGN HomeStay	$139	total	5 nights x $33.06	Entire condo	Entire home/apt	Zirakpur, Punjab, India			6 guests	3 bedrooms	3 beds	3 baths	false	Ishaan	https://www.airbnb.com/rooms/1760151824228094203?locale=en-US&currency=USD&check_in=2026-09-01&check_out=2026-09-06
1594169572332264032	A fully furnished 3-bedroom flat in a great place.	$237	total	5 nights x $45.45	Entire rental unit	Entire home/apt	Zirakpur, Punjab, India			6 guests	3 bedrooms	3 beds	3 baths	false	Dishu	https://www.airbnb.com/rooms/1594169572332264032?locale=en-US&currency=USD&check_in=2026-09-01&check_out=2026-09-06
1594116013362700882	It's comfortable and offers a great view.	$227	total	5 nights x $52.62	Entire rental unit	Entire home/apt	Gazipur, Punjab, India			6 guests	3 bedrooms	3 beds	3 baths	false	Rajat	https://www.airbnb.com/rooms/1594116013362700882?locale=en-US&currency=USD&check_in=2026-09-01&check_out=2026-09-06
1407684941344139964	Aavya -AD BNB	$128	total	5 nights x $24.22	Entire rental unit	Entire home/apt	Zirakpur, Punjab, India	5.0	13.0	2 guests	1 bedroom	1 bed	1 bath	true	Akshay	https://www.airbnb.com/rooms/1407684941344139964?locale=en-US&currency=USD&check_in=2026-10-01&check_out=2026-10-06
939015950691612747	Dreamville Asian	$314	total	5 nights x $59.80	Entire home	Entire home/apt	Chandigarh, India	4.53	143.0	4 guests	2 bedrooms	2 beds	2 baths	false	Heruka	https://www.airbnb.com/rooms/939015950691612747?locale=en-US&currency=USD&check_in=2026-09-01&check_out=2026-09-06
1738265840929690101	Lavish stays for friends and families	$128	total	5 nights x $24.35	Entire rental unit	Entire home/apt	Nabha, Punjab, India	5.0	1.0	4 guests	2 bedrooms	2 beds	2 baths	false	Chhavi	https://www.airbnb.com/rooms/1738265840929690101?locale=en-US&currency=USD&check_in=2026-09-01&check_out=2026-09-06
1597803806890372683	It City Luxe Home Stay|Garden view ext bathroom	$131	total	5 nights x $24.80	Private room in villa	Private room	Mohali, Punjab, India	5.0	2.0	1 king bed	Dedicated bathroom			true	Punam	https://www.airbnb.com/rooms/1597803806890372683?locale=en-US&currency=USD&check_in=2026-09-01&check_out=2026-09-06
1299136004700399341	Solo Cave by Vamsa Luxury	$127	total	5 nights x $24.14	Private room in villa	Private room	Sahibzada Ajit Singh Nagar, Punjab, India	5.0	2.0	2 beds	Private attached bathroom			true	Aditya	https://www.airbnb.com/rooms/1299136004700399341?locale=en-US&currency=USD&check_in=2026-09-01&check_out=2026-09-06
50013621	Superior Room at Hotel Eurasia	$215	total	5 nights x $40.93	Private room in bed and breakfast	Private room	Chandigarh, India			3 guests	1 bedroom	1 bed	1 private bath	false	Mohinder	https://www.airbnb.com/rooms/50013621?locale=en-US&currency=USD&check_in=2026-09-01&check_out=2026-09-06
709079273495309269	Luxury room with free parking on premises.	$171	total	5 nights x $35.87	Entire home	Entire home/apt	Sahibzada Ajit Singh Nagar, Punjab, India	4.72	69.0	2 guests	1 bedroom	1 bed	1 bath	false	Harshdeep	https://www.airbnb.com/rooms/709079273495309269?locale=en-US&currency=USD&check_in=2026-09-20&check_out=2026-09-25
1286006891991809800	1BHK - Comfort Stay near Fortis	$487	total	5 nights x $103.16	Room in hotel	Private room	Sahibzada Ajit Singh Nagar, Chandigarh, India			2 guests	1 bedroom	1 bed	1 private bath	false	Priyaranjan	https://www.airbnb.com/rooms/1286006891991809800?locale=en-US&currency=USD&check_in=2026-09-01&check_out=2026-09-06
781284330960922174	Opulence-2, sector 78 airport road(1bhk)	$173	total	5 nights x $33.21	Entire home	Entire home/apt	Sahibzada Ajit Singh Nagar, Punjab, India	4.71	7.0	3 guests	1 bedroom	1 bed	1 bath	true	Sachin	https://www.airbnb.com/rooms/781284330960922174?locale=en-US&currency=USD&check_in=2026-09-01&check_out=2026-09-06
1520118932590343809	The Nest — A Peaceful Stay with Mountain View	$130	total	5 nights x $24.96	Entire rental unit	Entire home/apt	Zirakpur, Punjab, India	4.7	30.0	3 guests	1 bedroom	1 bed	1 bath	false	Sheen	https://www.airbnb.com/rooms/1520118932590343809?locale=en-US&currency=USD&check_in=2026-10-29&check_out=2026-11-03
1728165529927307664	Bella Cove|Unit of Cove Stays|Cozy Skyline views	$131	total	5 nights x $24.91	Entire rental unit	Entire home/apt	Zirakpur, Punjab, India	5.0	10.0	2 guests	1 bedroom	1 bed	1 bath	false	Dilraj	https://www.airbnb.com/rooms/1728165529927307664?locale=en-US&currency=USD&check_in=2026-09-01&check_out=2026-09-06
1742159000275313524	TheGoelSuite |UltraLux 1BHK| Wave Estate|Near CP67	$185	total	5 nights x $35.33	Entire rental unit	Entire home/apt	Sahibzada Ajit Singh Nagar, Punjab, India	5.0	7.0	2 guests	1 bedroom	1 bed	1 bath	false	Deepak	https://www.airbnb.com/rooms/1742159000275313524?locale=en-US&currency=USD&check_in=2026-09-01&check_out=2026-09-06
1703579540578535475	Noir Nest - Home Theater Stay	$127	total	5 nights x $24.14	Entire rental unit	Entire home/apt	Zirakpur, Punjab, India	4.56	9.0	2 guests	1 bedroom	1 bed	1 bath	false	Chetan	https://www.airbnb.com/rooms/1703579540578535475?locale=en-US&currency=USD&check_in=2026-09-06&check_out=2026-09-11
1519450243773505128	Luxury 2BHK Apartment – Comfort Meets Elegance.	$452	total	5 nights x $86.71	Entire rental unit	Entire home/apt	Sahibzada Ajit Singh Nagar, Punjab, India	5.0	1.0	4 guests	2 bedrooms	2 beds	2 baths	true	Sakshi	https://www.airbnb.com/rooms/1519450243773505128?locale=en-US&currency=USD&check_in=2026-09-01&check_out=2026-09-06
1475442623793610352	Farm stay	$127	total	5 nights x $24.10	Private room in cabin	Private room	Chandigarh, Punjab, India	4.33	9.0	2 beds	Private attached bathroom			false	Anubhav	https://www.airbnb.com/rooms/1475442623793610352?locale=en-US&currency=USD&check_in=2026-09-01&check_out=2026-09-06
1286074413831724983	1 BHK- Walk Mall Mohali Retreat	$487	total	5 nights x $103.16	Room in hotel	Private room	Sahibzada Ajit Singh Nagar, Chandigarh, India			2 guests	1 bedroom	1 bed	1 private bath	false	Priyaranjan	https://www.airbnb.com/rooms/1286074413831724983?locale=en-US&currency=USD&check_in=2026-09-01&check_out=2026-09-06
745269428811455795	La CASA Opulence- sector 78 airport road	$205	total	5 nights x $39.24	Entire home	Entire home/apt	Sahibzada Ajit Singh Nagar, Punjab, India	4.89	65.0	5 guests	2 bedrooms	2 beds	2 baths	true	Sachin	https://www.airbnb.com/rooms/745269428811455795?locale=en-US&currency=USD&check_in=2026-09-01&check_out=2026-09-06
1054727122981712238	%*Krisaya Nest*%*	$193	total	5 nights x $36.97	Entire condo	Entire home/apt	Zirakpur, Punjab, India	4.94	88.0	5 guests	2 bedrooms	2 beds	2 baths	true	Vikas	https://www.airbnb.com/rooms/1054727122981712238?locale=en-US&currency=USD&check_in=2026-09-01&check_out=2026-09-06
1721164345160396095	Orion Stays by Elegance Homes	$130	total	5 nights x $24.63	Entire rental unit	Entire home/apt	Zirakpur, Punjab, India			2 guests	1 bedroom	3 beds	1 bath	false	Pulkit	https://www.airbnb.com/rooms/1721164345160396095?locale=en-US&currency=USD&check_in=2026-09-01&check_out=2026-09-06
1419551101063286178	Timeless Stays – Perfect Getaway	$128	total	5 nights x $24.29	Entire rental unit	Entire home/apt	Zirakpur, Punjab, India	4.82	22.0	2 guests	1 bedroom	1 bed	1 bath	false	Timeless Stays	https://www.airbnb.com/rooms/1419551101063286178?locale=en-US&currency=USD&check_in=2026-11-01&check_out=2026-11-06
1576810422689731901	The Signature Stay|Your Private 1BHK Escape	$127	total	5 nights x $24.13	Entire rental unit	Entire home/apt	Zirakpur, Punjab, India			2 guests	1 bedroom	1 bed	1 bath	false	Aivreen	https://www.airbnb.com/rooms/1576810422689731901?locale=en-US&currency=USD&check_in=2026-09-01&check_out=2026-09-06
1749031413403551978	The Sage Suite	$133	total	5 nights x $31.07	Private room in home	Private room	Sukteri, Haryana, India			1 double bed	Dedicated bathroom			false	Pallavi	https://www.airbnb.com/rooms/1749031413403551978?locale=en-US&currency=USD&check_in=2026-09-01&check_out=2026-09-06
1648444829312476785	The Vibe	$129	total	5 nights x $29.92	Private room in rental unit	Private room	Chandigarh, India			1 bed	Private attached bathroom			false	Sachin	https://www.airbnb.com/rooms/1648444829312476785?locale=en-US&currency=USD&check_in=2026-09-01&check_out=2026-09-06
1500829840053766113	Comfy Stay by Radhika	$150	total	5 nights x $28.80	Private room in home	Private room	Panchkula, Haryana, India	4.79	28.0	2 bedrooms	2 double beds	Private attached bathroom		true	Radhika	https://www.airbnb.com/rooms/1500829840053766113?locale=en-US&currency=USD&check_in=2026-09-01&check_out=2026-09-06
667095155159383069	Home Stay-Natures Blessing	$128	total	5 nights x $24.34	Private room in bed and breakfast	Private room	Sahibzada Ajit Singh Nagar, Chandigarh, India	5.0	2.0	3 bedrooms	7 beds	Shared bathroom		false	Gaurav	https://www.airbnb.com/rooms/667095155159383069?locale=en-US&currency=USD&check_in=2026-09-01&check_out=2026-09-06
1285378901295287283	Cozy 1 Bedroom+Hall with balcony and terrace	$99	total	5 nights x $18.67	Private room in rental unit	Private room	Sector 66, Punjab, India	4.89	27.0	1 king bed	Private attached bathroom			true	Vijay	https://www.airbnb.com/rooms/1285378901295287283?locale=en-US&currency=USD&check_in=2026-09-01&check_out=2026-09-06
771323794830566376	1bhk studio apartment citystudio@ phase 11, mohali	$144	total	5 nights x $27.29	Private room in home	Private room	India	4.85	79.0	2 beds	Private attached bathroom			true	Sania	https://www.airbnb.com/rooms/771323794830566376?locale=en-US&currency=USD&check_in=2026-09-01&check_out=2026-09-06
1560613983787686058	Park facing, Ground floor, Couples Family, Vibes	$133	total	5 nights x $25.18	Entire rental unit	Entire home/apt	Sahibzada Ajit Singh Nagar, Punjab, India	4.94	47.0	4 guests	1 bedroom	1 bed	1 bath	true	Aniket	https://www.airbnb.com/rooms/1560613983787686058?locale=en-US&currency=USD&check_in=2026-09-06&check_out=2026-09-11
1104343114807328364	Peaceful area near Airport Road	$230	total	5 nights x $44.02	Entire home	Entire home/apt	Kharar, Punjab, India			4 guests	2 bedrooms	4 beds	2 baths	false	Kuldeep	https://www.airbnb.com/rooms/1104343114807328364?locale=en-US&currency=USD&check_in=2026-09-01&check_out=2026-09-06
1594979557929914233	Wave Beauty 2/3BHK appartment	$316	total	5 nights x $60.61	Entire rental unit	Entire home/apt	Sahibzada Ajit Singh Nagar, Punjab, India	5.0	3.0	6 guests	3 bedrooms	3 beds	4 baths	false	Shivam	https://www.airbnb.com/rooms/1594979557929914233?locale=en-US&currency=USD&check_in=2026-09-01&check_out=2026-09-06
1233115243646874886	VacationBuddy 3bhk Cozy Home, Zirakpur	$302	total	5 nights x $57.86	Entire condo	Entire home/apt	Zirakpur, Punjab, India	4.17	6.0	6 guests	3 bedrooms	3 beds	3 baths	false	Priyanka	https://www.airbnb.com/rooms/1233115243646874886?locale=en-US&currency=USD&check_in=2026-11-01&check_out=2026-11-06
1314535991001940396	magic moments vibes in soho room	$227	total	5 nights x $43.45	Private room in rental unit	Private room	Gazipur, Punjab, India			1 bed	No bathroom			false	Vicky	https://www.airbnb.com/rooms/1314535991001940396?locale=en-US&currency=USD&check_in=2026-09-01&check_out=2026-09-06
1497035835311646593	Bella’s home	$313	total	5 nights x $59.49	Entire rental unit	Entire home/apt	Sahibzada Ajit Singh Nagar, Punjab, India	4.4	5.0	10 guests	4 bedrooms	4 beds	3 baths	false	Saliya	https://www.airbnb.com/rooms/1497035835311646593?locale=en-US&currency=USD&check_in=2026-09-01&check_out=2026-09-06
1707196234267516876	Urban Royale | Premium 3 BHK | Wave Estate	$311	total	5 nights x $59.54	Entire home	Entire home/apt	Sahibzada Ajit Singh Nagar, Punjab, India	4.75	4.0	6 guests	3 bedrooms	3 beds	3 baths	false	Sohil	https://www.airbnb.com/rooms/1707196234267516876?locale=en-US&currency=USD&check_in=2026-09-01&check_out=2026-09-06
1744903807508858027	Luxury 2BHK Skyline Retreat | Chandigarh Airport	$226	total	5 nights x $42.99	Entire rental unit	Entire home/apt	Sahibzada Ajit Singh Nagar, Punjab, India			6 guests	2 bedrooms	2 beds	2 baths	false	Sorelia	https://www.airbnb.com/rooms/1744903807508858027?locale=en-US&currency=USD&check_in=2026-09-01&check_out=2026-09-06
1285992035784602207	1BHK- Fortis Proximity Getaway	$487	total	5 nights x $103.16	Room in hotel	Private room	Sahibzada Ajit Singh Nagar, Chandigarh, India			2 guests	1 bedroom	1 bed	1 private bath	false	Priyaranjan	https://www.airbnb.com/rooms/1285992035784602207?locale=en-US&currency=USD&check_in=2026-09-01&check_out=2026-09-06
847709383077834266	independent room on ground floo	$132	total	5 nights x $25.16	Private room in home	Private room	Chandigarh, India			1 double bed	Shared bathroom			false	Praphul	https://www.airbnb.com/rooms/847709383077834266?locale=en-US&currency=USD&check_in=2026-09-01&check_out=2026-09-06
1242695006250430878	Welcome to Homestay	$300	total	5 nights x $57.41	Entire bungalow	Entire home/apt	Panchkula, Haryana, India	4.75	16.0	5 guests	2 bedrooms	3 beds	2 baths	false	Shruti	https://www.airbnb.com/rooms/1242695006250430878?locale=en-US&currency=USD&check_in=2026-09-01&check_out=2026-09-06
992812943909461700	Vintage apartment	$315	total	5 nights x $72.97	Entire rental unit	Entire home/apt	Kharar, Punjab, India			3 guests	3 bedrooms	3 beds	2 baths	false	Manjinderpal	https://www.airbnb.com/rooms/992812943909461700?locale=en-US&currency=USD&check_in=2026-09-01&check_out=2026-09-06
1758771655741123814	Olive Duplex House Facing park	$315	total	5 nights x $74.93	Entire home	Entire home/apt	Sahibzada Ajit Singh Nagar, Punjab, India			8 guests	3 bedrooms	3 beds	3 baths	false	Shivam	https://www.airbnb.com/rooms/1758771655741123814?locale=en-US&currency=USD&check_in=2026-09-01&check_out=2026-09-06
1140284984494961123	Luxury stay	$317	total	5 nights x $60.24	Entire rental unit	Entire home/apt	Sahibzada Ajit Singh Nagar, Punjab, India	5.0	1.0	6 guests	3 bedrooms	3 beds	3.5 baths	false	Jivanjot	https://www.airbnb.com/rooms/1140284984494961123?locale=en-US&currency=USD&check_in=2026-09-01&check_out=2026-09-06
1728083684130278245	Elite Stays	$130	total	5 nights x $24.79	Entire rental unit	Entire home/apt	Sahibzada Ajit Singh Nagar, Punjab, India			4 guests	2 bedrooms	2 beds	2 baths	false	Himanshu	https://www.airbnb.com/rooms/1728083684130278245?locale=en-US&currency=USD&check_in=2026-09-01&check_out=2026-09-06
1603552564657149021	3BHK Cozy & Specious Apartment	$322	total	5 nights x $61.22	Entire rental unit	Entire home/apt	Zirakpur, Punjab, India	5.0	1.0	10 guests	3 bedrooms	3 beds	3 baths	false	Mayank	https://www.airbnb.com/rooms/1603552564657149021?locale=en-US&currency=USD&check_in=2026-10-01&check_out=2026-10-06
1656405885911560629	Fully independent & separate Studio apartment	$120	total	5 nights x $22.74	Private room in home	Private room	Sahibzada Ajit Singh Nagar, Punjab, India	4.88	16.0	1 double bed	Private attached bathroom			true	Arshdeep Singh	https://www.airbnb.com/rooms/1656405885911560629?locale=en-US&currency=USD&check_in=2026-09-01&check_out=2026-09-06
1584836063216960228	The Vibe House	$112	total	5 nights x $21.33	Private room in home	Private room	Sahibzada Ajit Singh Nagar, Punjab, India	4.95	38.0	1 king bed	Private attached bathroom			true	Sukhwant	https://www.airbnb.com/rooms/1584836063216960228?locale=en-US&currency=USD&check_in=2026-09-01&check_out=2026-09-06
1187483859171599649	7bhk with 3 washroom	$130	total	5 nights x $24.62	Private room in villa	Private room	Chandigarh, Punjab, India			4 bedrooms	6 beds	Private attached bathroom		false	Parveen	https://www.airbnb.com/rooms/1187483859171599649?locale=en-US&currency=USD&check_in=2026-09-01&check_out=2026-09-06
1500832771321139571	1BHK| Cozy Stay| Couples & Travellers| Independent	$104	total	5 nights x $19.95	Entire rental unit	Entire home/apt	Kharar, Punjab, India	5.0	54.0	2 guests	1 bedroom	2 beds	1 bath	true	Easy Stay	https://www.airbnb.com/rooms/1500832771321139571?locale=en-US&currency=USD&check_in=2026-09-06&check_out=2026-09-11
910519341729507497	penthouse with best view.	$328	total	5 nights x $62.88	Entire rental unit	Entire home/apt	Sahibzada Ajit Singh Nagar, Punjab, India			4 guests	2 bedrooms	1 bed	4 baths	false	Rahul	https://www.airbnb.com/rooms/910519341729507497?locale=en-US&currency=USD&check_in=2026-09-01&check_out=2026-09-06
30911645	Amber Villas(2bhk, 2nd floor of the house)	$322	total	5 nights x $61.20	Entire home	Entire home/apt	New Chandigarh, Punjab, India	4.38	13.0	4 guests	2 bedrooms	3 beds	2 baths	false	Rupinder	https://www.airbnb.com/rooms/30911645?locale=en-US&currency=USD&check_in=2026-09-01&check_out=2026-09-06
1594871305424725346	Comfortable/Luxurious/3BHK home for Group stay	$328	total	5 nights x $62.87	Entire condo	Entire home/apt	Sahibzada Ajit Singh Nagar, Punjab, India			6 guests	3 bedrooms	3 beds	3 baths	false	Vishal	https://www.airbnb.com/rooms/1594871305424725346?locale=en-US&currency=USD&check_in=2026-11-01&check_out=2026-11-06
1181820222986566507	CozyCove(firstfloor/bathtub/selfcheckin)	$317	total	5 nights x $60.24	Entire home	Entire home/apt	Sahibzada Ajit Singh Nagar, Punjab, India	4.73	11.0	6 guests	2 bedrooms	2 beds	2 baths	true	Manpreet	https://www.airbnb.com/rooms/1181820222986566507?locale=en-US&currency=USD&check_in=2026-09-11&check_out=2026-09-16
1636220411199948087	Royal Bliss (2 studio apt w/ balcony)	$328	total	5 nights x $62.89	Entire rental unit	Entire home/apt	Zirakpur, Punjab, India			4 guests	2 bedrooms	2 beds	2 baths	true	Rachit	https://www.airbnb.com/rooms/1636220411199948087?locale=en-US&currency=USD&check_in=2026-09-01&check_out=2026-09-06
695605909385576091	3BHK floor private projector balcony, table tennis	$325	total	5 nights x $63.43	Entire villa	Entire home/apt	Zirakpur, Punjab, India	4.84	67.0	16+ guests	3 bedrooms	6 beds	3 baths	false	Volcastay	https://www.airbnb.com/rooms/695605909385576091?locale=en-US&currency=USD&check_in=2026-09-01&check_out=2026-09-06
1492298144911754261	Hacienda napoles/New 3BHK Near Mohali/Chd Airport	$315	total	5 nights x $60.42	Entire home	Entire home/apt	Sahibzada Ajit Singh Nagar, Punjab, India	4.0	1.0	10 guests	3 bedrooms	3 beds	3 baths	false	Nikhil	https://www.airbnb.com/rooms/1492298144911754261?locale=en-US&currency=USD&check_in=2026-09-01&check_out=2026-09-06
1357213476676639785	3 BHK luxury space for family/group	$319	total	5 nights x $61.12	Entire villa	Entire home/apt	Sahibzada Ajit Singh Nagar, Punjab, India	4.0	2.0	6 guests	3 bedrooms	3 beds	3 baths	false	Khushwant	https://www.airbnb.com/rooms/1357213476676639785?locale=en-US&currency=USD&check_in=2026-09-01&check_out=2026-09-06
53818732	Vintage stays	$315	total	5 nights x $72.97	Entire rental unit	Entire home/apt	Sahibzada Ajit Singh Nagar, Punjab, India			6 guests	3 bedrooms	3 beds	2.5 baths	false	Manjinderpal	https://www.airbnb.com/rooms/53818732?locale=en-US&currency=USD&check_in=2026-09-01&check_out=2026-09-06
1586254455435335590	Yuva independent luxury homestay	$300	total	5 nights x $57.47	Entire rental unit	Entire home/apt	Sahibzada Ajit Singh Nagar, Punjab, India	3.75	4.0	4 guests	2 bedrooms	2 beds	2 baths	false	Krishma	https://www.airbnb.com/rooms/1586254455435335590?locale=en-US&currency=USD&check_in=2026-09-01&check_out=2026-09-06
1357199117193559585	3 Bhk luxury space for family/group	$319	total	5 nights x $61.12	Entire home	Entire home/apt	Sahibzada Ajit Singh Nagar, Punjab, India	3.0	2.0	6 guests	3 bedrooms	3 beds	3 baths	false	Khushwant	https://www.airbnb.com/rooms/1357199117193559585?locale=en-US&currency=USD&check_in=2026-09-01&check_out=2026-09-06
1610978638069043070	The Nesting Place	$309	total	5 nights x $73.46	Entire rental unit	Entire home/apt	Sahibzada Ajit Singh Nagar, Punjab, India			6 guests	3 bedrooms	3 beds	3 baths	false	Lakshay	https://www.airbnb.com/rooms/1610978638069043070?locale=en-US&currency=USD&check_in=2026-09-01&check_out=2026-09-06
1751299410567844941	2BHK Ground Floor | Family | Sunny Enclave 123	$129	total	5 nights x $29.79	Entire home	Entire home/apt	Sahibzada Ajit Singh Nagar, Punjab, India	5.0	1.0	4 guests	2 bedrooms	2 beds	2 baths	true	Easy Stay	https://www.airbnb.com/rooms/1751299410567844941?locale=en-US&currency=USD&check_in=2026-09-05&check_out=2026-09-10
1699843335117181176	3 bedroom drawing dinning	$295	total	5 nights x $56.12	Entire home	Entire home/apt	Sahibzada Ajit Singh Nagar, Punjab, India			6 guests	3 bedrooms	3 beds	3 baths	false	Rupinder	https://www.airbnb.com/rooms/1699843335117181176?locale=en-US&currency=USD&check_in=2026-09-01&check_out=2026-09-06
1165196160322730199	Entire home,4 bedrooms,Great loaction.	$328	total	5 nights x $62.88	Entire home	Entire home/apt	Sahibzada Ajit Singh Nagar, Punjab, India	5.0	1.0	10 guests	3 bedrooms	4 beds	2 baths	false	Rupinderpal	https://www.airbnb.com/rooms/1165196160322730199?locale=en-US&currency=USD&check_in=2026-09-01&check_out=2026-09-06
1756719484921444454	The Glass House	$131	total	5 nights x $24.93	Entire rental unit	Entire home/apt	Sahibzada Ajit Singh Nagar, Punjab, India			3 guests	1 bedroom	1 bed	1 bath	false	Mohit	https://www.airbnb.com/rooms/1756719484921444454?locale=en-US&currency=USD&check_in=2026-09-01&check_out=2026-09-06
1591826858026420333	Ghar ; the AirBnb | Self-checkin|Near Airport,1BHK	$132	total	5 nights x $24.96	Entire condo	Entire home/apt	Zirakpur, Punjab, India	4.82	34.0	2 guests	1 bedroom	1 bed	1 bath	false	Manjeet Kaur	https://www.airbnb.com/rooms/1591826858026420333?locale=en-US&currency=USD&check_in=2026-09-01&check_out=2026-09-06
1268040513894984036	Room in a Penthouse	$132	total	5 nights x $25.16	Private room in condo	Private room	Kharar, Punjab, India			1 bed	Private attached bathroom			false	Shubreet	https://www.airbnb.com/rooms/1268040513894984036?locale=en-US&currency=USD&check_in=2026-09-01&check_out=2026-09-06
1680865349717825087	The Embrace Home, Luxury 3BHK	$309	total	5 nights x $73.46	Entire rental unit	Entire home/apt	Sahibzada Ajit Singh Nagar, Punjab, India			6 guests	2 bedrooms	4 beds	2 baths	false	Lakshay	https://www.airbnb.com/rooms/1680865349717825087?locale=en-US&currency=USD&check_in=2026-09-01&check_out=2026-09-06
1223571953511682790	Downtown 3BHK Apt | Heart of the City & Balcony	$328	total	5 nights x $75.98	Entire condo	Entire home/apt	Zirakpur, Punjab, India			6 guests	3 bedrooms	1 bed	1 bath	false	Abhiraj	https://www.airbnb.com/rooms/1223571953511682790?locale=en-US&currency=USD&check_in=2026-09-01&check_out=2026-09-06
1281194277627856178	Holiday Retreat	$315	total	5 nights x $72.97	Private room in rental unit	Private room	Panchkula, Haryana, India			2 bedrooms	2 beds	Private attached bathroom		false	Preeti	https://www.airbnb.com/rooms/1281194277627856178?locale=en-US&currency=USD&check_in=2026-09-01&check_out=2026-09-06
1502713142239893807	Best place to stay, peaceful, beautifuly maintaind	$127	total	5 nights x $24.10	Entire rental unit	Entire home/apt	Zirakpur, Punjab, India	4.55	29.0	6 guests	3 bedrooms	3 beds	3 baths	false	Gaurav	https://www.airbnb.com/rooms/1502713142239893807?locale=en-US&currency=USD&check_in=2026-11-01&check_out=2026-11-06
1352103534159141729	Cozy Independent 1 BHK with serene view.	$306	total	5 nights x $70.90	Entire home	Entire home/apt	Sahibzada Ajit Singh Nagar, Punjab, India			3 guests	1 bedroom	2 beds	1 bath	false	Harsimranvir	https://www.airbnb.com/rooms/1352103534159141729?locale=en-US&currency=USD&check_in=2026-09-01&check_out=2026-09-06
1342465924790711484	Boho Villa	$412	total	5 nights x $78.31	Entire home	Entire home/apt	Sahibzada Ajit Singh Nagar, Punjab, India	5.0	30.0	6 guests	2 bedrooms	4 beds	2 baths	true	Palvi	https://www.airbnb.com/rooms/1342465924790711484?locale=en-US&currency=USD&check_in=2026-09-01&check_out=2026-09-06
1612188488949543027	furnished flat top location every thing nearby	$315	total	5 nights x $60.37	Entire condo	Entire home/apt	Zirakpur, Punjab, India			6 guests	3 bedrooms	2 beds	2 baths	false	Yateender	https://www.airbnb.com/rooms/1612188488949543027?locale=en-US&currency=USD&check_in=2026-09-01&check_out=2026-09-06
1246825950326692569	Fully Furnished 3Bhk Penthouse (Private terrace)	$328	total	5 nights x $62.88	Entire condo	Entire home/apt	Sahibzada Ajit Singh Nagar, Punjab, India	4.73	15.0	7 guests	3 bedrooms	3 beds	3 baths	false	Sahil	https://www.airbnb.com/rooms/1246825950326692569?locale=en-US&currency=USD&check_in=2026-09-01&check_out=2026-09-06
1606319170785845478	2BHK Kharar | WiFi, Self Check-in & Free Parking	$138	total	5 nights x $26.24	Entire rental unit	Entire home/apt	Kharar, Punjab, India	4.5	6.0	4 guests	2 bedrooms	2 beds	2 baths	false	Shubham	https://www.airbnb.com/rooms/1606319170785845478?locale=en-US&currency=USD&check_in=2026-09-01&check_out=2026-09-06
1138064726576452891	Deluxe at Zirakpur,Fiora Inn	$309	total	5 nights x $58.76	Room in hotel	Private room	Zirakpur, Punjab, India			2 guests	9 bedrooms	1 bed	1 bath	false	Happinder	https://www.airbnb.com/rooms/1138064726576452891?locale=en-US&currency=USD&check_in=2026-09-01&check_out=2026-09-06
1382247255249574255	Prabani Couple Friendly	$139	total	5 nights x $26.31	Entire rental unit	Entire home/apt	Kharar, Punjab, India	4.82	22.0	4 guests	2 bedrooms	2 beds	1 bath	true	Vintage Luxury Stay & Property	https://www.airbnb.com/rooms/1382247255249574255?locale=en-US&currency=USD&check_in=2026-09-01&check_out=2026-09-06
48576743	Casa dura	$138	total	5 nights x $26.24	Private room in bed and breakfast	Private room	Panchkula, Haryana, India	4.74	27.0	1 queen bed	Private attached bathroom			true	Haarsh Jakhar	https://www.airbnb.com/rooms/48576743?locale=en-US&currency=USD&check_in=2026-09-01&check_out=2026-09-06
1701296388937158827	peaceful Pines Stay	$138	total	5 nights x $26.28	Private room in bed and breakfast	Private room	Zirakpur, Punjab, India			1 bed	Private attached bathroom			false	Rajnish	https://www.airbnb.com/rooms/1701296388937158827?locale=en-US&currency=USD&check_in=2026-09-01&check_out=2026-09-06
1554094513084832201	1BHK | Couple Retreat | Private & Peaceful Stay	$140	total	5 nights x $26.84	Entire rental unit	Entire home/apt	Kharar, Punjab, India	4.93	29.0	2 guests	1 bedroom	1 bed	1 bath	true	Easy Stay	https://www.airbnb.com/rooms/1554094513084832201?locale=en-US&currency=USD&check_in=2026-09-01&check_out=2026-09-06
1721004335477262921	The Luxury Home	$304	total	5 nights x $57.72	Entire rental unit	Entire home/apt	Gazipur, Punjab, India			6 guests	3 bedrooms	2 beds	2 baths	true	Sukhvir	https://www.airbnb.com/rooms/1721004335477262921?locale=en-US&currency=USD&check_in=2026-09-01&check_out=2026-09-06
1194704621073403134	Party hall aslo available	$315	total	5 nights x $72.97	Entire guesthouse	Entire home/apt	Panchkula, Haryana, India			4 guests	2 bedrooms	2 beds	2 baths	false	Comfort Homes	https://www.airbnb.com/rooms/1194704621073403134?locale=en-US&currency=USD&check_in=2026-09-01&check_out=2026-09-06
1743334263260817240	The Skyview stay | 2BHK	$140	total	5 nights x $26.51	Private room in rental unit	Private room	Zirakpur, Punjab, India			2 bedrooms	3 king beds	Private attached half bathroom		false	Charu	https://www.airbnb.com/rooms/1743334263260817240?locale=en-US&currency=USD&check_in=2026-09-01&check_out=2026-09-06
1354983105450386542	3 Bhk ultra luxury peaceful space for family/group	$319	total	5 nights x $61.12	Entire home	Entire home/apt	Sahibzada Ajit Singh Nagar, Punjab, India	4.91	22.0	6 guests	3 bedrooms	3 beds	3 baths	false	Khushwant	https://www.airbnb.com/rooms/1354983105450386542?locale=en-US&currency=USD&check_in=2026-09-01&check_out=2026-09-06
730203720487306528	Independent 1 BHK, The AdiYogi Homestay-kharar	$139	total	5 nights x $26.45	Entire condo	Entire home/apt	Kharar, Punjab, India	4.85	78.0	6 guests	1 bedroom	1 bed	1 bath	true	Sakshi	https://www.airbnb.com/rooms/730203720487306528?locale=en-US&currency=USD&check_in=2026-09-01&check_out=2026-09-06
1583870194567312159	Royal Suites – A Premium 1BHK Luxury Apartment	$138	total	5 nights x $26.25	Entire rental unit	Entire home/apt	Zirakpur, Punjab, India	5.0	2.0	2 guests	1 bedroom	1 bed	1 bath	false	Tanvi	https://www.airbnb.com/rooms/1583870194567312159?locale=en-US&currency=USD&check_in=2026-09-01&check_out=2026-09-06
1017968627214054194	SereniCove: Quaint 3BR Sanctuary	$328	total	5 nights x $62.88	Entire home	Entire home/apt	Panchkula, Haryana, India	4.75	36.0	8 guests	3 bedrooms	5 beds	2 baths	false	Ansh	https://www.airbnb.com/rooms/1017968627214054194?locale=en-US&currency=USD&check_in=2026-09-01&check_out=2026-09-06
1182437072882295266	4bhk Villa	$140	total	5 nights x $26.48	Private room in home	Private room	Chandigarh, Punjab, India	5.0	1.0	4 bedrooms	9 beds	Private attached bathroom		false	Parveen	https://www.airbnb.com/rooms/1182437072882295266?locale=en-US&currency=USD&check_in=2026-09-01&check_out=2026-09-06
1532394099099571555	Juneja’s Abode 2	$309	total	5 nights x $58.77	Entire villa	Entire home/apt	Panchkula, Haryana, India	5.0	4.0	6 guests	3 bedrooms	2 beds	2 baths	false	Anita	https://www.airbnb.com/rooms/1532394099099571555?locale=en-US&currency=USD&check_in=2026-09-12&check_out=2026-09-17
637253418317421280	Luxury Private Room at  Chandigarh Near PGI	$140	total	5 nights x $26.50	Room in hotel	Private room	Chandigarh, India			3 guests	1 bedroom	1 bed	1 private bath	false	Anita	https://www.airbnb.com/rooms/637253418317421280?locale=en-US&currency=USD&check_in=2026-09-01&check_out=2026-09-06
1681634211213475535	Super Deluxe 2 AC room S V Comforts	$138	total	5 nights x $26.24	Private room in rental unit	Private room	Sahibzada Ajit Singh Nagar, Punjab, India			1 bed	Dedicated bathroom			false	Jaswinder Kaur Parihar	https://www.airbnb.com/rooms/1681634211213475535?locale=en-US&currency=USD&check_in=2026-09-01&check_out=2026-09-06
1517902831189973772	Fully furnished luxury independent 3BHK Flat.	$304	total	5 nights x $72.29	Entire rental unit	Entire home/apt	Chandigarh , Punjab, India			7 guests	3 bedrooms	3 beds	3 baths	false	Avni	https://www.airbnb.com/rooms/1517902831189973772?locale=en-US&currency=USD&check_in=2026-09-01&check_out=2026-09-06
595438301264518892	Independent 1BHK Premium Flat- By Adiyogi	$137	total	5 nights x $29.24	Entire condo	Entire home/apt	Kharar, Punjab, India	4.82	126.0	3 guests	1 bedroom	1 bed	1 bath	true	Sakshi	https://www.airbnb.com/rooms/595438301264518892?locale=en-US&currency=USD&check_in=2026-09-01&check_out=2026-09-06
1681622209637686942	Super Deluxe 1 AC Bedroom S V Comforts	$138	total	5 nights x $26.24	Private room in rental unit	Private room	Sahibzada Ajit Singh Nagar, Punjab, India			1 bed	Private attached bathroom			false	Jaswinder Kaur Parihar	https://www.airbnb.com/rooms/1681622209637686942?locale=en-US&currency=USD&check_in=2026-09-01&check_out=2026-09-06
1138082952091486199	Executive BB at Zirakpur,Fiora Inn	$298	total	5 nights x $56.66	Room in hotel	Private room	Zirakpur, Punjab, India			2 guests	12 bedrooms	1 bed	0 baths	false	Happinder	https://www.airbnb.com/rooms/1138082952091486199?locale=en-US&currency=USD&check_in=2026-09-01&check_out=2026-09-06
1200397820158553110	Enjoy this delightful experience, Feel the peace	$139	total	5 nights x $26.67	Entire home	Entire home/apt	Khuni Majra, Punjab, India	4.67	3.0	1 guest	1 bedroom	2 beds	1 bath	false	Manisha	https://www.airbnb.com/rooms/1200397820158553110?locale=en-US&currency=USD&check_in=2026-09-01&check_out=2026-09-06
1681644954318855951	Super Deluxe 3 AC RoomS V Comforts	$138	total	5 nights x $26.24	Private room in rental unit	Private room	Sahibzada Ajit Singh Nagar, Punjab, India			1 bed	Dedicated bathroom			false	Jaswinder Kaur Parihar	https://www.airbnb.com/rooms/1681644954318855951?locale=en-US&currency=USD&check_in=2026-09-01&check_out=2026-09-06
1697579131315028721	1 bedroom with shared kitchen and drawing hall	$78	total	5 nights x $14.69	Private room in home	Private room	Sahibzada Ajit Singh Nagar, Punjab, India	5.0	1.0	1 bed	Private attached bathroom			true	Rajesh	https://www.airbnb.com/rooms/1697579131315028721?locale=en-US&currency=USD&check_in=2026-09-01&check_out=2026-09-06
1190575588458878496	Blissful Home stay	$142	total	5 nights x $32.67	Entire rental unit	Entire home/apt	Gazipur, Punjab, India			4 guests	2 bedrooms	2 beds	2 baths	false	Manju	https://www.airbnb.com/rooms/1190575588458878496?locale=en-US&currency=USD&check_in=2027-01-01&check_out=2027-01-06
1547740036515188862	Root's Nest2 bhk newly built apartment	$139	total	5 nights x $32.95	Entire rental unit	Entire home/apt	Dera Bassi, Punjab, India			4 guests	2 bedrooms	2 beds	2 baths	false	Promila	https://www.airbnb.com/rooms/1547740036515188862?locale=en-US&currency=USD&check_in=2026-09-01&check_out=2026-09-06
1092143929085731683	Rahat stay	$67	total	5 nights x $12.58	Private room in rental unit	Private room	Sahibzada Ajit Singh Nagar, Punjab, India	4.5	4.0	1 king bed	Dedicated bathroom			false	Beero	https://www.airbnb.com/rooms/1092143929085731683?locale=en-US&currency=USD&check_in=2026-09-01&check_out=2026-09-06
830884074404836740	#Relax@HomewithLuxury	$301	total	5 nights x $57.73	Entire rental unit	Entire home/apt	Panchkula, Haryana, India	5.0	2.0	4 guests	2 bedrooms	2 beds	2 baths	false	Dimple	https://www.airbnb.com/rooms/830884074404836740?locale=en-US&currency=USD&check_in=2026-09-01&check_out=2026-09-06
715049164867172792	2 bedroom set with kitchen, washroom and Balcony	$144	total	5 nights x $27.49	Entire home	Entire home/apt	Chandigarh, India	4.46	13.0	4 guests	2 bedrooms	2 beds	1 bath	false	Shivam	https://www.airbnb.com/rooms/715049164867172792?locale=en-US&currency=USD&check_in=2026-09-01&check_out=2026-09-06
1628391342297386527	Vogue Lavish Stays -Zirakpur | Couple friendly	$142	total	5 nights x $26.93	Entire rental unit	Entire home/apt	Zirakpur, Punjab, India	3.91	11.0	4 guests	2 bedrooms	2 beds	2 baths	false	Chhavi	https://www.airbnb.com/rooms/1628391342297386527?locale=en-US&currency=USD&check_in=2026-09-01&check_out=2026-09-06
1691355673127903039	Livnaaz Villa - A room in a villa	$61	total	5 nights x $11.55	Private room in home	Private room	Sahibzada Ajit Singh Nagar, Punjab, India	4.55	11.0	1 bed	Private attached bathroom			false	Kuljit	https://www.airbnb.com/rooms/1691355673127903039?locale=en-US&currency=USD&check_in=2026-09-01&check_out=2026-09-06
1289900083022176297	Room #2 The Cozy Nook	$69	total	5 nights x $13.14	Private room in home	Private room	Sahibzada Ajit Singh Nagar, Punjab, India	4.87	38.0	1 bed	Private attached bathroom			true	Ayush	https://www.airbnb.com/rooms/1289900083022176297?locale=en-US&currency=USD&check_in=2026-09-01&check_out=2026-09-06
1665028481737987602	Feel like Home	$139	total	5 nights x $32.86	Entire rental unit	Entire home/apt	Zirakpur, Punjab, India			4 guests	3 bedrooms	3 beds	2 baths	false	Priya	https://www.airbnb.com/rooms/1665028481737987602?locale=en-US&currency=USD&check_in=2026-09-01&check_out=2026-09-06
1752183074272719300	If you want to stay you can DM me	$142	total	5 nights x $33.52	Entire rental unit	Entire home/apt	Kharar, Punjab, India			6 guests	2 bedrooms	2 beds	2 baths	false	Pratham	https://www.airbnb.com/rooms/1752183074272719300?locale=en-US&currency=USD&check_in=2026-09-01&check_out=2026-09-06
42146097	Perfect Room, Sector 78 (Airport Road)	$75	total	5 nights x $14.17	Private room in home	Private room	Sahibzada Ajit Singh Nagar, Punjab, India	4.65	85.0	1 double bed	Private attached bathroom			false	Kanwal	https://www.airbnb.com/rooms/42146097?locale=en-US&currency=USD&check_in=2026-09-01&check_out=2026-09-06
1684909377109569113	Waris Homestay	$72	total	5 nights x $15.01	Private room in home	Private room	Kharar, Punjab, India	5.0	4.0	1 double bed	Private attached bathroom			true	Ashish	https://www.airbnb.com/rooms/1684909377109569113?locale=en-US&currency=USD&check_in=2026-09-01&check_out=2026-09-06
1757352958204919524	Primrose, Florence Park New Chandigarh Punjab	$138	total	5 nights x $32.63	Entire rental unit	Entire home/apt	New Chandigarh, Punjab, India			4 guests	2 bedrooms	4 beds	2 baths	false	Anuradha	https://www.airbnb.com/rooms/1757352958204919524?locale=en-US&currency=USD&check_in=2026-09-01&check_out=2026-09-06
1761717490512594447	safe society	$56	total	5 nights x $13.12	Private room in rental unit	Private room	Kharar, Punjab, India			2 guests	1 bedroom	1 bed	1 private bath	false	Ankit	https://www.airbnb.com/rooms/1761717490512594447?locale=en-US&currency=USD&check_in=2026-09-02&check_out=2026-09-07
1176004947628776500	For all types of parties	$315	total	5 nights x $72.97	Entire home	Entire home/apt	Panchkula, Haryana, India			16+ guests	Studio	1 bed	Half-bath	false	Comfort Homes	https://www.airbnb.com/rooms/1176004947628776500?locale=en-US&currency=USD&check_in=2026-09-01&check_out=2026-09-06
1453763394256804533	TheLittleHaven Comfort | Private & Peaceful Stay	$143	total	5 nights x $27.31	Entire rental unit	Entire home/apt	Zirakpur, Punjab, India	4.98	47.0	2 guests	1 bedroom	1 bed	1 bath	true	Priyanka	https://www.airbnb.com/rooms/1453763394256804533?locale=en-US&currency=USD&check_in=2026-09-01&check_out=2026-09-06
1752958232392730229	Minimalist 2BHK 1st Floor | 10 Min to Aerocity	$141	total	5 nights x $33.46	Entire home	Entire home/apt	Sanauli, Punjab, India			6 guests	2 bedrooms	2 beds	2 baths	false	Manisha	https://www.airbnb.com/rooms/1752958232392730229?locale=en-US&currency=USD&check_in=2026-09-01&check_out=2026-09-06
1578392710151294813	1Bhk entire apartment	$77	total	5 nights x $14.52	Entire rental unit	Entire home/apt	Kharar, Punjab, India	4.77	47.0	2 guests	1 bedroom	1 bed	1 bath	false	Kunal	https://www.airbnb.com/rooms/1578392710151294813?locale=en-US&currency=USD&check_in=2026-09-14&check_out=2026-09-19
1356272234128121402	3 bhk In Mohali sector 86	$302	total	5 nights x $57.86	Entire home	Entire home/apt	Sahibzada Ajit Singh Nagar, Punjab, India	4.94	36.0	6 guests	3 bedrooms	3 beds	3 baths	true	Amrao Singh	https://www.airbnb.com/rooms/1356272234128121402?locale=en-US&currency=USD&check_in=2026-09-01&check_out=2026-09-06
1455868655530895221	The Cozy Muse by Sumaya Stays - Modern Boho 1BHK	$127	total	5 nights x $24.09	Entire rental unit	Entire home/apt	Zirakpur, Punjab, India	4.87	85.0	2 guests	1 bedroom	1 bed	1 bath	true	Sumaya Stays	https://www.airbnb.com/rooms/1455868655530895221?locale=en-US&currency=USD&check_in=2026-09-01&check_out=2026-09-06
1751882965261454575	The Nook /Spacious & Premium 2BHK Stay	$215	total	5 nights x $40.84	Entire rental unit	Entire home/apt	Zirakpur, Punjab, India			4 guests	2 bedrooms	2 beds	1 bath	true	Deependra Singh	https://www.airbnb.com/rooms/1751882965261454575?locale=en-US&currency=USD&check_in=2026-09-01&check_out=2026-09-06
1456366802848759632	O-Space	$138	total	5 nights x $26.23	Private room in condo	Private room	Sahibzada Ajit Singh Nagar, Punjab, India	5.0	15.0	1 king bed	Private attached bathroom			true	Gagan	https://www.airbnb.com/rooms/1456366802848759632?locale=en-US&currency=USD&check_in=2026-09-01&check_out=2026-09-06
1722474780707650928	2Bhk house	$141	total	5 nights x $26.76	Entire home	Entire home/apt	Sahibzada Ajit Singh Nagar, Punjab, India			4 guests	2 bedrooms	2 beds	2 baths	true	Rajesh	https://www.airbnb.com/rooms/1722474780707650928?locale=en-US&currency=USD&check_in=2026-09-01&check_out=2026-09-06
1568212739777933236	Exclusive 1BHK By Saini Homestay-Near Max Hospital	$139	total	5 nights x $26.65	Entire condo	Entire home/apt	Sahibzada Ajit Singh Nagar, Punjab, India	4.86	28.0	3 guests	1 bedroom	2 beds	1 bath	true	Arshpreet Singh	https://www.airbnb.com/rooms/1568212739777933236?locale=en-US&currency=USD&check_in=2026-09-09&check_out=2026-09-14
1631784250386710853	The Third Key	$333	total	5 nights x $63.31	Entire home	Entire home/apt	Manauli, Punjab, India	5.0	9.0	6 guests	3 bedrooms	3 beds	3 baths	false	Diksha	https://www.airbnb.com/rooms/1631784250386710853?locale=en-US&currency=USD&check_in=2026-09-01&check_out=2026-09-06
1748664295654507259	Anandalaya | Luxury room with separate balcony	$70	total	5 nights x $16.37	Private room in condo	Private room	Kharar, Punjab, India	5.0	2.0	1 double bed	Private attached bathroom			false	Anandalaya	https://www.airbnb.com/rooms/1748664295654507259?locale=en-US&currency=USD&check_in=2026-09-01&check_out=2026-09-06
1397652558450470226	Paradise 94 Mohali	$137	total	5 nights x $32.53	Room in hotel	Private room	Sahibzada Ajit Singh Nagar, Punjab, India			4 guests	1 bedroom	1 bed	1 private bath	false	⁨Taste Of Paradise 94⁩	https://www.airbnb.com/rooms/1397652558450470226?locale=en-US&currency=USD&check_in=2026-09-01&check_out=2026-09-06
1752153674597047487	Premium 1BHK near CU On Ropar-Chandigarh HWY	$79	total	5 nights x $15.09	Private room in home	Private room	Sahibzada Ajit Singh Nagar, Punjab, India			1 double bed	Private attached bathroom			false	Dj	https://www.airbnb.com/rooms/1752153674597047487?locale=en-US&currency=USD&check_in=2026-09-01&check_out=2026-09-06
1609408752164492687	The Vintage Rose Suite!	$139	total	5 nights x $26.40	Private room in rental unit	Private room	Chandigarh, India	5.0	3.0	1 king bed	Private attached bathroom			true	Saloni	https://www.airbnb.com/rooms/1609408752164492687?locale=en-US&currency=USD&check_in=2026-10-01&check_out=2026-10-06
1725923555687561916	Sunphool 1RK By Saini Homestay -Near Max Hospital-	$143	total	5 nights x $27.41	Private room in home	Private room	Sahibzada Ajit Singh Nagar, Punjab, India	5.0	4.0	2 beds	Private attached bathroom			true	Arshpreet Singh	https://www.airbnb.com/rooms/1725923555687561916?locale=en-US&currency=USD&check_in=2026-09-01&check_out=2026-09-06
1480139523388615349	Modern Nest (Sleek & stylish)	$134	total	5 nights x $25.42	Entire home	Entire home/apt	Chandigarh, Punjab, India	5.0	4.0	6 guests	3 bedrooms	6 beds	3 baths	false	Atul	https://www.airbnb.com/rooms/1480139523388615349?locale=en-US&currency=USD&check_in=2026-11-16&check_out=2026-11-21
1596444197961334600	1BHK, Rooftop, Balcony near Airport, Fortis, Max	$141	total	5 nights x $26.84	Entire home	Entire home/apt	Sahibzada Ajit Singh Nagar, Punjab, India	4.23	22.0	2 guests	1 bedroom	2 beds	1 bath	false	⁨Prof K.D.⁩	https://www.airbnb.com/rooms/1596444197961334600?locale=en-US&currency=USD&check_in=2026-09-01&check_out=2026-09-06
991276420023697499	Zen Den	$250	total	5 nights x $47.84	Entire home	Entire home/apt	Mullanpur Garib Dass, Punjab, India	4.3	10.0	6 guests	2 bedrooms	5 beds	2 baths	false	Raveesh	https://www.airbnb.com/rooms/991276420023697499?locale=en-US&currency=USD&check_in=2026-09-01&check_out=2026-09-06
1683244451849189890	Ivory Stays	$144	total	5 nights x $27.63	Entire rental unit	Entire home/apt	Gazipur, Punjab, India	4.0	4.0	2 guests	1 bedroom	1 bed	1 bath	false	Shiva	https://www.airbnb.com/rooms/1683244451849189890?locale=en-US&currency=USD&check_in=2026-09-01&check_out=2026-09-06
555427766239221343	It is a best place to spend vacation.Even Shimla	$328	total	5 nights x $62.88	Entire place	Entire home/apt	Zirakpur, Punjab, India	3.6	5.0	4 guests	2 bedrooms	4 beds	1 bath	false	Lekh Chand	https://www.airbnb.com/rooms/555427766239221343?locale=en-US&currency=USD&check_in=2026-09-01&check_out=2026-09-06
902950340104689480	Shuklas 3BHK Apartment	$249	total	5 nights x $47.79	Entire home	Entire home/apt	Mohali, Punjab, India	4.81	59.0	6 guests	3 bedrooms	4 beds	3 baths	false	Shivam	https://www.airbnb.com/rooms/902950340104689480?locale=en-US&currency=USD&check_in=2026-09-01&check_out=2026-09-06
1758000300163528613	Cozy Boho Retreat | Warm, Stylish & Peaceful Stay	$141	total	5 nights x $26.76	Entire rental unit	Entire home/apt	Kharar, Punjab, India			2 guests	1 bedroom	1 bed	1 bath	false	Ankit	https://www.airbnb.com/rooms/1758000300163528613?locale=en-US&currency=USD&check_in=2026-09-01&check_out=2026-09-06
1622456868463962807	Luxury 2BHK-Chandigarh Airport-Self check-in	$212	total	5 nights x $40.21	Entire rental unit	Entire home/apt	Sahibzada Ajit Singh Nagar, Punjab, India	5.0	7.0	5 guests	2 bedrooms	2 beds	2 baths	false	Sonali	https://www.airbnb.com/rooms/1622456868463962807?locale=en-US&currency=USD&check_in=2026-09-01&check_out=2026-09-06
961371349896507501	2 BHK Apartment	$142	total	5 nights x $32.84	Entire rental unit	Entire home/apt	Zirakpur, Punjab, India			4 guests	2 bedrooms	2 beds	2 baths	false	Shovik	https://www.airbnb.com/rooms/961371349896507501?locale=en-US&currency=USD&check_in=2026-09-01&check_out=2026-09-06
1482731963331782725	Private Room-Heart of Chandigarh	$132	total	5 nights x $25.05	Private room in home	Private room	Chandigarh, India	4.47	15.0	1 bed	Private attached bathroom			false	Harjinder	https://www.airbnb.com/rooms/1482731963331782725?locale=en-US&currency=USD&check_in=2026-09-01&check_out=2026-09-06
1613877305674879928	Aawara Niwas 3BHK | Calm & Comfy Stay	$324	total	5 nights x $61.67	Entire rental unit	Entire home/apt	Zirakpur, Punjab, India	4.86	22.0	6 guests	3 bedrooms	3 beds	3 baths	true	Akash	https://www.airbnb.com/rooms/1613877305674879928?locale=en-US&currency=USD&check_in=2026-09-01&check_out=2026-09-06
1757190622176948907	2BHK Independent floor Near International Airport	$140	total	5 nights x $33.25	Entire home	Entire home/apt	Sahibzada Ajit Singh Nagar, Punjab, India			4 guests	2 bedrooms	2 beds	2 baths	false	Amandeep	https://www.airbnb.com/rooms/1757190622176948907?locale=en-US&currency=USD&check_in=2026-09-01&check_out=2026-09-06
1703422381787634158	Flippy Escapes| Skyview 1bhk| Private balcony	$129	total	5 nights x $24.53	Entire rental unit	Entire home/apt	Zirakpur, Punjab, India	4.92	12.0	3 guests	1 bedroom	1 bed	1 bath	true	Ruppal	https://www.airbnb.com/rooms/1703422381787634158?locale=en-US&currency=USD&check_in=2026-09-01&check_out=2026-09-06
1286129288821211168	Bedroom & Kitchen- Mohali’s Gem near Fortis	$379	total	5 nights x $90.04	Room in hotel	Private room	Sahibzada Ajit Singh Nagar, Chandigarh, India			2 guests	1 bedroom	1 bed	1 private bath	false	Priyaranjan	https://www.airbnb.com/rooms/1286129288821211168?locale=en-US&currency=USD&check_in=2026-09-04&check_out=2026-09-09
1590684990138365606	Bella Home	$223	total	5 nights x $42.41	Entire home	Entire home/apt	Kharar, Punjab, India	4.86	28.0	5 guests	2 bedrooms	2 beds	1.5 baths	false	Amrit	https://www.airbnb.com/rooms/1590684990138365606?locale=en-US&currency=USD&check_in=2026-10-03&check_out=2026-10-08
1121013060130121836	The Lavore House	$217	total	5 nights x $41.49	Entire home	Entire home/apt	Sahibzada Ajit Singh Nagar, Punjab, India	4.86	94.0	4 guests	2 bedrooms	2 baths		true	Jaipreet	https://www.airbnb.com/rooms/1121013060130121836?locale=en-US&currency=USD&check_in=2026-09-01&check_out=2026-09-06
1761619385106902015	Blossom Grove 2 Bhk |Oasis Homestays	$96	total	5 nights x $22.67	Entire rental unit	Entire home/apt	Zirakpur, Punjab, India			6 guests	1 bedroom	1 bed	1 bath	false	Pranav	https://www.airbnb.com/rooms/1761619385106902015?locale=en-US&currency=USD&check_in=2026-09-01&check_out=2026-09-06
1761575713515327574	Cozy caves	$92	total	5 nights x $21.63	Entire rental unit	Entire home/apt	Zirakpur, Punjab, India			2 guests	1 bedroom	2 beds	1 bath	false	Karan	https://www.airbnb.com/rooms/1761575713515327574?locale=en-US&currency=USD&check_in=2026-09-01&check_out=2026-09-06
1722959880791855272	Casa Regalia : The Ambience	$141	total	5 nights x $32.70	Entire rental unit	Entire home/apt	Zirakpur, Punjab, India			4 guests	2 bedrooms	2 beds	1 bath	true	Anil	https://www.airbnb.com/rooms/1722959880791855272?locale=en-US&currency=USD&check_in=2026-09-01&check_out=2026-09-06
1610983426066050793	Casanova 2.0/Independent 1 bhk flat near airport	$92	total	5 nights x $16.57	Entire rental unit	Entire home/apt	Nabha, Punjab, India	4.85	60.0	2 guests	1 bedroom	1 bed	1 bath	true	Rj	https://www.airbnb.com/rooms/1610983426066050793?locale=en-US&currency=USD&check_in=2026-09-01&check_out=2026-09-06
1572518175014388699	Luxury | Couples @ Zirakpur/Chandigarh/Mohali/Pkl	$142	total	5 nights x $27.15	Entire condo	Entire home/apt	Zirakpur, Punjab, India	4.29	7.0	4 guests	1 bedroom	1 bed	1 bath	false	Ashwani Kumar	https://www.airbnb.com/rooms/1572518175014388699?locale=en-US&currency=USD&check_in=2026-09-01&check_out=2026-09-06
1213065752008104969	Aerocity Retreat - 2 BHK Luxe Stay in Aerocity	$130	total	5 nights x $24.65	Entire bungalow	Entire home/apt	Mohali, Punjab, India	4.98	129.0	4 guests	2 bedrooms	2 beds	2 baths	true	Mayank	https://www.airbnb.com/rooms/1213065752008104969?locale=en-US&currency=USD&check_in=2026-09-06&check_out=2026-09-11
1758940648138889453	Little Nest III | Urban stay | Self Check-In 1bhk	$93	total	5 nights x $22.14	Entire rental unit	Entire home/apt	Zirakpur, Punjab, India			3 guests	1 bedroom	1 bed	1 bath	true	Jatin	https://www.airbnb.com/rooms/1758940648138889453?locale=en-US&currency=USD&check_in=2026-09-01&check_out=2026-09-06
1640310552850857367	3 BHK Luxurious Highway Facing Ashiyana	$350	total	5 nights x $66.65	Entire rental unit	Entire home/apt	Kharar, Punjab, India	5.0	5.0	6 guests	3 bedrooms	3 beds	3 baths	true	Sameer	https://www.airbnb.com/rooms/1640310552850857367?locale=en-US&currency=USD&check_in=2026-09-01&check_out=2026-09-06
1750760421728742604	Cherry by Le Perch Studios | Charming modern Suite	$99	total	5 nights x $18.79	Entire rental unit	Entire home/apt	Zirakpur, Punjab, India	5.0	1.0	2 guests	1 bedroom	1 bed	1 bath	false	Rishabh	https://www.airbnb.com/rooms/1750760421728742604?locale=en-US&currency=USD&check_in=2026-09-03&check_out=2026-09-08
1144764660097920215	Molly's Homestay	$100	total	5 nights x $18.89	Private room in bed and breakfast	Private room	Sahibzada Ajit Singh Nagar, Punjab, India	4.83	109.0	1 bed	Private attached bathroom			true	Saumya	https://www.airbnb.com/rooms/1144764660097920215?locale=en-US&currency=USD&check_in=2026-09-01&check_out=2026-09-06
1701602279199951043	Newly Built 1 BHK | Nr. CHD Airport | Free Parkin	$129	total	5 nights x $30.72	Entire condo	Entire home/apt	Zirakpur, Punjab, India	5.0	9.0	3 guests	1 bedroom	2 beds	1 bath	false	Romil	https://www.airbnb.com/rooms/1701602279199951043?locale=en-US&currency=USD&check_in=2026-09-01&check_out=2026-09-06
663534117099698893	#03 #Ultra Luxury EnSuite #Personal Balcony	$52	total	5 nights x $10.25	Private room in villa	Private room	Sahibzada Ajit Singh Nagar, Punjab, India	4.4	52.0	1 double bed	Private attached bathroom			false	Deepak	https://www.airbnb.com/rooms/663534117099698893?locale=en-US&currency=USD&check_in=2026-09-06&check_out=2026-09-11
1501604505651858412	The Reset Room – Private, Peaceful, Hygienic	$89	total	5 nights x $16.91	Entire rental unit	Entire home/apt	Zirakpur, Punjab, India	4.89	28.0	2 guests	1 bedroom	3 beds	1 bath	true	Dr.Navneet	https://www.airbnb.com/rooms/1501604505651858412?locale=en-US&currency=USD&check_in=2026-09-06&check_out=2026-09-11
1671605792256414752	Prime location luxurious Elegant flat	$235	total	5 nights x $44.64	Entire rental unit	Entire home/apt	Zirakpur, Punjab, India	4.64	25.0	7 guests	3 bedrooms	3 beds	2 baths	false	Sweety	https://www.airbnb.com/rooms/1671605792256414752?locale=en-US&currency=USD&check_in=2026-09-03&check_out=2026-09-08
1649224628912055192	Sukoon; The Airbnb | Self Checkin | Near Airport	$106	total	5 nights x $25.22	Entire rental unit	Entire home/apt	Zirakpur, Punjab, India	5.0	2.0	2 guests	1 bedroom	1 bed	1 bath	false	Kritika	https://www.airbnb.com/rooms/1649224628912055192?locale=en-US&currency=USD&check_in=2026-09-01&check_out=2026-09-06
1183013150774327257	Buddha Nest, Private & Spacious	$99	total	5 nights x $18.85	Private room in home	Private room	Panchkula, Haryana, India	4.88	32.0	1 queen bed	Private attached bathroom			true	Nakul	https://www.airbnb.com/rooms/1183013150774327257?locale=en-US&currency=USD&check_in=2027-03-28&check_out=2027-04-02
939822329782316094	Private Suite - Calvin's Abode	$116	total	5 nights x $22.04	Entire place	Entire home/apt	Panchkula, Haryana, India	4.83	93.0	2 guests	1 bedroom	3 beds	1 bath	false	Himanshu	https://www.airbnb.com/rooms/939822329782316094?locale=en-US&currency=USD&check_in=2026-09-01&check_out=2026-09-06
1573288096791590745	Happy Homes (2BHK)2nd Floor 2 Beds PKL	$90	total	5 nights x $19.29	Entire home	Entire home/apt	Panchkula, Haryana, India	4.44	27.0	4 guests	2 bedrooms	3 beds	1 bath	false	Rachna	https://www.airbnb.com/rooms/1573288096791590745?locale=en-US&currency=USD&check_in=2026-09-30&check_out=2026-10-05
1738423886674332752	Just Like Home Away From Home With All Facilities	$55	total	5 nights x $20.88	Private room in home	Private room	Sahibzada Ajit Singh Nagar, Punjab, India	5.0	2.0	1 king bed	Private attached bathroom			false	Sahil	https://www.airbnb.com/rooms/1738423886674332752?locale=en-US&currency=USD&check_in=2026-09-29&check_out=2026-10-04
1586236133995459853	Spacious family Ground floor 3bhk Home	$220	total	5 nights x $41.78	Entire home	Entire home/apt	Sahibzada Ajit Singh Nagar, Punjab, India	5.0	5.0	7 guests	3 bedrooms	3 beds	3 baths	true	Vaibhav	https://www.airbnb.com/rooms/1586236133995459853?locale=en-US&currency=USD&check_in=2026-09-01&check_out=2026-09-06
1743010693059496833	House of CalmModern Luxury • Minimalist Interiors	$182	total	5 nights x $34.63	Private room in home	Private room	Sahibzada Ajit Singh Nagar, Punjab, India	5.0	1.0	1 king bed	Private attached bathroom			true	Hunny	https://www.airbnb.com/rooms/1743010693059496833?locale=en-US&currency=USD&check_in=2026-09-01&check_out=2026-09-06
1686185806689591269	Astoria by Jade Casa	$119	total	5 nights x $22.52	Entire rental unit	Entire home/apt	Zirakpur, Punjab, India	4.93	14.0	2 guests	1 bedroom	1 bed	1 bath	false	Jade Casa	https://www.airbnb.com/rooms/1686185806689591269?locale=en-US&currency=USD&check_in=2026-09-01&check_out=2026-09-06
1532454592597663014	Premium 1BHK By Saini Homestay -Near Max Hospital-	$143	total	5 nights x $27.41	Entire condo	Entire home/apt	Sahibzada Ajit Singh Nagar, Punjab, India	4.95	20.0	3 guests	1 bedroom	2 beds	1 bath	true	Arshpreet Singh	https://www.airbnb.com/rooms/1532454592597663014?locale=en-US&currency=USD&check_in=2026-09-01&check_out=2026-09-06
1100486718038163817	Cozy Boho Suite	$200	total	5 nights x $38.03	Private room in home	Private room	Sahibzada Ajit Singh Nagar, Punjab, India	4.7	71.0	1 double bed	Private attached half bathroom			false	Amrit Narang	https://www.airbnb.com/rooms/1100486718038163817?locale=en-US&currency=USD&check_in=2026-09-01&check_out=2026-09-06
1663741587241964996	Chandigarh Air bnb	$86	total	5 nights x $16.35	Private room in home	Private room	Chandigarh, India	4.75	12.0	1 bed	Private attached bathroom			true	Gagan	https://www.airbnb.com/rooms/1663741587241964996?locale=en-US&currency=USD&check_in=2026-09-01&check_out=2026-09-06
1481506905912725671	LUCKY Homes	$97	total	5 nights x $18.34	Entire rental unit	Entire home/apt	Zirakpur, Punjab, India	5.0	14.0	6 guests	2 bedrooms	3 beds	Half-bath	true	Baldeep	https://www.airbnb.com/rooms/1481506905912725671?locale=en-US&currency=USD&check_in=2026-09-01&check_out=2026-09-06